time_bkjd,flux,flux_error,quality,normalized_flux,model_flux,residual_flux
260.24554198689293,11392.7158203125,5.603630065917969,0,1.0040828565768978,1.0016974805264196,0.002385376050478172
260.2659747684884,11378.7041015625,5.603157997131348,0,1.0028479511504877,1.0016429201190578,0.0012050310314299928
260.2864074498575,11378.74609375,5.6048407554626465,0,1.0028516520797695,1.001588303147629,0.001263348932140529
260.3068403309953,11388.2119140625,5.603868007659912,0,1.0036859103943911,1.0015336312014025,0.0021522791929886598
260.3272731118923,11380.6787109375,5.603336811065674,0,1.0030219808948564,1.0014789074766663,0.001543073418190044
260.3477057925629,11377.7333984375,5.604099750518799,0,1.0027623994363914,1.0014241343703585,0.001338265066032962
260.3681385730015,11373.091796875,5.604320049285889,0,1.0023533176485655,1.0013693137447555,0.0009840039038100379
260.3885714529679,11382.3369140625,5.60399055480957,0,1.003168124567427,1.001314448000299,0.001853676567128204
260.40900413294,11374.734375,5.604656219482422,0,1.0024980842311708,1.0012595403440105,0.0012385438871602705
260.4294369124473,11377.1943359375,5.604671955108643,0,1.0027148898325875,1.0012045923755815,0.001510297457006038
260.449869791948,11382.00390625,5.605689525604248,0,1.003138775337541,1.001149606499257,0.001989168838283817
260.4703024709888,11381.5146484375,5.605885028839111,0,1.0030956552080015,1.0010945859315328,0.0020010692764687033
260.4907352497976,11381.5986328125,5.606296539306641,0,1.003103057066565,1.0010395322734555,0.0020635247931095613
260.511168128367,11369.1259765625,5.60447883605957,0,1.00200379500174,1.000984447935256,0.0010193470664838777
260.5316008067093,11366.6416015625,5.606377601623535,0,1.0017848376972525,1.0009293361378808,0.0008555015593716409
260.5520335848196,11361.7958984375,5.604074478149414,0,1.0013577676717544,1.000874198485604,0.0004835691861504454
260.57246636268974,11363.583984375,5.604529857635498,0,1.0015153584046619,1.0008190376624582,0.0006963207422037154
260.5928992403351,11384.857421875,5.607546329498291,0,1.0033902663924594,1.0007638558136587,0.002626410578800753
260.6133319177461,11372.515625,5.605393409729004,0,1.0023025374560939,1.0007086561658407,0.001593881290253174
260.63376469468494,11367.3701171875,5.606494426727295,0,1.0018490445168862,1.0006534403263931,0.001195604190493027
260.654197571399,11357.8486328125,5.607394695281982,0,1.0010098803192629,1.0005982107122084,0.00041166960705441014
260.6746302481115,11354.1650390625,5.606191158294678,0,1.0006852313599361,1.0005429705520308,0.0001422608079053589
260.69506302435184,11365.5146484375,5.607304573059082,0,1.0016855150835031,1.000487721455005,0.001197793628498145
260.71549570036586,11352.5048828125,5.607482433319092,0,1.0005389155511197,1.0004324663804618,0.00010644917065794068
260.7359285761486,11352.3271484375,5.607017517089844,0,1.0005232511527642,1.000377206936611,0.00014604421615316276
260.75636135169043,11349.0546875,5.605637073516846,0,1.0002348368731502,1.0003219463544608,-8.710948131063212e-05
260.7767941270067,11360.927734375,5.608036518096924,0,1.0012812531105557,1.0002666867832681,0.0010145663272875804
260.7972269020902,11353.587890625,5.607799053192139,0,1.0006343650993417,1.0002114306427428,0.00042293445659891127
260.81765967693354,11345.865234375,5.606587886810303,0,0.9999537383839772,1.0001561803524441,-0.00020244196846697093
260.83809235131775,11356.9150390625,5.606879711151123,0,1.0009275991938342,1.000100938602584,0.000826660591250139
260.8585251257027,11355.892578125,5.606921195983887,0,1.000837485869228,1.0000457072701103,0.0007917785991176096
260.8789579996155,11345.7158203125,5.606680870056152,0,0.9999405699611837,0.9999904887749295,-4.9918813745719604e-05
260.89939077353483,11362.1767578125,5.610710144042969,0,1.0013913342396594,0.9999352860741236,0.0014560481655357949
260.9198234469877,11342.8212890625,5.606736183166504,0,0.9996854640451063,0.9998801015859238,-0.0001946375408174994
260.940256320202,11350.87890625,5.606116771697998,0,1.0003956121266027,0.9998249369160324,0.0005706752105703039
260.96068899318925,11354.650390625,5.607882499694824,0,1.0007280072169842,0.9997697955598442,0.0009582116571399402
260.9811217659444,11354.6435546875,5.6082444190979,0,1.0007274047401244,0.9997146791221186,0.0010127256180058053
261.0015546384602,11343.9990234375,5.6060614585876465,0,0.999789262201243,0.999659590016684,0.0001296721845589488
261.02198731074895,11342.1923828125,5.607654094696045,0,0.9996300361740017,0.9996045314643359,2.5504709665780112e-05
261.0424200828056,11354.7568359375,5.608410835266113,0,1.0007373886423732,0.99954950506737,0.0011878835750032124
261.06285285438935,11352.48046875,5.608944416046143,0,1.000536763848049,0.9994945135054512,0.0010422503425977503
261.08328562598035,11344.28515625,5.608524322509766,0,0.9998144801612331,0.9994395591852396,0.00037492097599345353
261.1037183971057,11353.056640625,5.609457492828369,0,1.0005875440405205,0.9993846445143294,0.0012028995261911257
261.12415116823104,11341.2109375,5.608544826507568,0,0.9995435377105544,0.9993297718960543,0.00021376581450005538
261.1445840388842,11341.9365234375,5.60899543762207,0,0.9996074863258194,0.9992749434662049,0.00033254285961448193
261.1650167093103,11334.59765625,5.6088409423828125,0,0.9989606843827282,0.9992201624295851,-0.0002594780468568869
261.18544947949704,11341.203125,5.607697486877441,0,0.9995428491655717,0.9991654303803078,0.0003774187852638722
261.20588214945747,11346.3896484375,5.608945846557617,0,0.9999999569659386,0.9991107502506293,0.000889206715309232
261.2263150191866,11340.3095703125,5.608925819396973,0,0.9994640968331794,0.9990561236324468,0.0004079732007326031
261.2467477886821,11351.1201171875,5.609199047088623,0,1.0004168709529424,0.9990015537201689,0.0014153172327735497
261.2671804579368,11330.8701171875,5.606870174407959,0,0.9986321623578741,0.9989470429024573,-0.0003148805445831737
261.2876133269674,11338.91796875,5.6074957847595215,0,0.9993414497581421,0.998892592766275,0.00044885699186714145
261.30804609552433,11337.78125,5.6076884269714355,0,0.9992412664631644,0.9988382064964222,0.0004030599667421697
261.32847886408854,11328.84375,5.608354091644287,0,0.9984535710029953,0.9987838862064308,-0.0003303152034355161
261.34891153241915,11348.3974609375,5.608748435974121,0,1.0001769130264835,0.998729634540843,0.001447278485640524
261.3693444002856,11334.5263671875,5.608541488647461,0,0.9989544014097614,0.9986754530798041,0.0002789483299573403
261.38977716791123,11339.3857421875,5.60921049118042,0,0.9993826763889792,0.9986213449912169,0.0007613313977622438
261.41020983554336,11336.404296875,5.609964847564697,0,0.9991199104099696,0.9985673126426021,0.0005525977673674909
261.43064270270406,11343.7255859375,5.6081156730651855,0,0.9997651631268497,0.9985133576084263,0.00125180551842341
261.45107546963845,11337.70703125,5.6093878746032715,0,0.999234725285829,0.9984594830433496,0.0007752422424793792
261.49194100280874,11325.9951171875,5.6100053787231445,0,0.998202510288691,0.9983519839603309,-0.0001494736716398659
261.51237376903737,11322.9228515625,5.6080169677734375,0,0.9979317399742579,0.9982983641495368,-0.0003666241752788846
261.53280643480684,11336.3701171875,5.609222412109375,0,0.9991168980256704,0.9982448342200108,0.0008720638056596286
261.5532392005771,11342.2265625,5.608656883239746,0,0.9996330485583008,0.9981913959905335,0.0014416525677672931
261.573672066108,11330.529296875,5.607469081878662,0,0.9986021245830053,0.9981380518030343,0.00046407277997106977
261.5941048311797,11331.7529296875,5.608621597290039,0,0.9987099679409153,0.9980848045160392,0.0006251634248760629
261.6145374962507,11328.37109375,5.608954429626465,0,0.9984119140315441,0.998031656458489,0.0003802575730550428
261.6349703608503,11337.7880859375,5.609485626220703,0,0.9992418689400242,0.9979786091792437,0.0012632597607804552
261.65540312522353,11324.84375,5.608363628387451,0,0.9981010359718707,0.9979256657800688,0.0001753701918019157
261.675835789596,11334.373046875,5.609457969665527,0,0.9989408887144766,0.9978728285771077,0.0010680601373689314
261.69626855349634,11323.771484375,5.607588768005371,0,0.9980065331729999,0.9978200993680117,0.00018643380498817308
261.71670141717186,11331.505859375,5.608298301696777,0,0.9986881927058385,0.9977674804626322,0.0009207122432063342
261.73713408061303,11314.8876953125,5.607544422149658,0,0.9972235714595867,0.9977149749367776,-0.0004914034771908993
261.75756684381486,11324.3583984375,5.6058807373046875,0,0.9980582601148226,0.9976625843178223,0.0003956757970002833
261.7779997067919,11329.201171875,5.608734130859375,0,0.9984850719359523,0.9976103109014958,0.0008747610344564949
261.79843236953457,11314.169921875,5.607108116149902,0,0.9971603113893043,0.9975581577433542,-0.0003978463540499355
261.81886513180507,11335.6044921875,5.608592987060547,0,0.9990494206173692,0.9975061263610581,0.0015432942563111673
261.83929789408285,11327.9482421875,5.60901403427124,0,0.9983746465343573,0.9974542192872533,0.0009204272471039499
261.8597306561278,11318.677734375,5.607149600982666,0,0.9975576018443022,0.9974024387954371,0.00015516304886509236
261.8801634176998,11313.912109375,5.606906414031982,0,0.9971375894048764,0.9973507871535577,-0.00021319774868133745
261.9005961792791,11324.3447265625,5.608415126800537,0,0.998057055161103,0.997299266622101,0.0007577885390019912
261.9210290403862,11319.630859375,5.608283519744873,0,0.9976416043321873,0.9972478792070708,0.00039372512511648416
261.94146170126623,11308.1923828125,5.607630729675293,0,0.9966334884094425,0.997196627911459,-0.0005631395020164742
261.96189446214703,11320.4169921875,5.60810661315918,0,0.997710889171068,0.9971455142253848,0.0005653749456832058
261.98232732255565,11316.314453125,5.607641696929932,0,0.9973493169870459,0.9970945403902153,0.00025477659683059706
262.0027599827372,11319.8623046875,5.607353210449219,0,0.9976620024772987,0.9970437093847156,0.0006182930925830998
262.02319274268666,11312.7578125,5.607919216156006,0,0.9970358568836876,0.9969930226873044,4.283419638317909e-05
262.04362540240254,11323.0146484375,5.605737686157227,0,0.9979398303778042,0.9969424830135398,0.0009973473642643782
262.06405826187984,11310.294921875,5.607417583465576,0,0.9968187930779023,0.9968920918354989,-7.329875759654048e-05
262.0844910211308,11327.8359375,5.60845947265625,0,0.9983647487002315,0.9968418521006011,0.0015228965996304522
262.10492378014897,11314.3837890625,5.60844612121582,0,0.9971791603082047,0.996791765761752,0.0003873945464527573
262.1253565386942,11321.9765625,5.608592987060547,0,0.9978483399632325,0.996741835012695,0.0011065049505375457
262.14578929724667,11312.4951171875,5.608311653137207,0,0.9970127045586454,0.9966920620386011,0.00032064252004437854
262.16622205555905,11313.7841796875,5.606858730316162,0,0.9971263144807853,0.9966424490195115,0.00048386546127376917
262.1866547134123,11311.5048828125,5.606714725494385,0,0.9969254314820927,0.9965929983700039,0.00033243311208874804
262.20708757126704,11316.75,5.606488227844238,0,0.9973877033698295,0.9965437115294439,0.0008439918403856383
262.2275203286554,11313.9150390625,5.608179569244385,0,0.9971378476092448,0.9964945913819505,0.000643256227294331
262.24795298580284,11308.9453125,5.606651306152344,0,0.996699846932147,0.9964456400753683,0.0002542068567786826
262.2683858429591,11309.537109375,5.606419086456299,0,0.9967520042145839,0.9963968590350953,0.0003551451794885363
262.2888184996482,11307.8173828125,5.6069231033325195,0,0.9966004382502747,0.9963482513531974,0.0002521868970772889
262.3092512560979,11315.361328125,5.607295989990234,0,0.9972653144991608,0.9962998184425983,0.000965496056562487
262.3296840123221,11320.6318359375,5.607613563537598,0,0.9977298241580913,0.9962515626623388,0.0014782614957524753
262.35011676831346,11313.1015625,5.608739376068115,0,0.9970661528629249,0.9962034861254366,0.0008626667374882491
262.3705495240647,11315.3955078125,5.607904434204102,0,0.9972683268834599,0.9961555909370602,0.0011127359463997122
262.3909822795904,11302.0078125,5.607447147369385,0,0.9960884189875402,0.9961078791943859,-1.9460206845733907e-05
262.41141503488325,11308.0234375,5.608973026275635,0,0.9966185986241924,0.9960603529866089,0.0005582456375835543
262.43184778970317,11299.7734375,5.607999324798584,0,0.995891495122498,0.9960130143953376,-0.00012151927283965414
262.45228054453037,11310.060546875,5.6085638999938965,0,0.9967981367284224,0.9959658654922977,0.0008322712361247264
262.4727133991255,11297.638671875,5.608007431030273,0,0.9957033502059847,0.9959189081132365,-0.00021555790725180657
262.49314605324616,11302.326171875,5.608725070953369,0,0.9961164771955838,0.9958721450028645,0.00024433219271935425
262.51357880737487,11307.453125,5.609381198883057,0,0.9965683348404579,0.9958255775197048,0.0007427573207531291
262.53401146127,11295.279296875,5.608023643493652,0,0.9954954096212197,0.9957792081591748,-0.00028379853795501564
262.5544443146937,11297.0693359375,5.6076788902282715,0,0.995653172490373,0.9957330382728676,-7.986578249463694e-05
262.57487706789107,11305.236328125,5.609714984893799,0,0.9963729602016266,0.995687070561229,0.0006858896403976189
262.5953097210877,11296.0732421875,5.608039379119873,0,0.9955653830050831,0.9956413070335849,-7.59240285017615e-05
262.6157425738129,11303.212890625,5.6094279289245605,0,0.9961946270511163,0.9955957490244574,0.0005988780266589222
262.6361753263118,11294.62890625,5.6075263023376465,0,0.9954380882514129,0.995550399198567,-0.00011231094715413725
262.65660807857785,11303.0458984375,5.608438968658447,0,0.9961799094021119,0.9955052593182117,0.000674650083900219
262.67704073060304,11298.1875,5.608470916748047,0,0.9957517204910169,0.9954603315793298,0.0002913889116871182
262.6974735824042,11304.1357421875,5.608277320861816,0,0.9962759614271937,0.9954156172910843,0.0008603441361093589
262.71790633397177,11295.4111328125,5.608046054840088,0,0.9955070288178023,0.9953711190694922,0.0001359097483101257
262.73833898529847,11298.98828125,5.608184814453125,0,0.9958222963517401,0.9953268388598493,0.0004954574918908383
262.75877183640114,11292.7978515625,5.606898784637451,0,0.9952767105211008,0.995282777952515,-6.067431414180646e-06
262.7792045872702,11296.7470703125,5.607992649078369,0,0.9956247700098381,0.9952389389253457,0.0003858310844924162
262.7996372378984,11292.2822265625,5.60837459564209,0,0.9952312665522448,0.9951953236946864,3.594285755836868e-05
262.8200700883026,11297.1240234375,5.608975410461426,0,0.9956579923052516,0.9951519335315852,0.0005060587736664957
262.84050283824035,11295.23046875,5.60840368270874,0,0.9954911062150781,0.9951087709752119,0.0003823352398661939
262.86093548817007,11299.2919921875,5.60986852645874,0,0.9958490635379412,0.9950658379112228,0.0007832256267183979
262.88136823764216,11281.2802734375,5.608919620513916,0,0.9942616230804066,0.9950231358002526,-0.0007615127198460359
262.901801087115,11284.4990234375,5.609418869018555,0,0.9945453036132645,0.9949806665145663,-0.00043536290130175015
262.9222337361134,11283.7373046875,5.609259128570557,0,0.9944781704774547,0.9949384325365871,-0.00046026205913241025
262.94266648511984,11296.6376953125,5.609808921813965,0,0.9956151303800806,0.9948964350928188,0.0007186952872618724
262.9630993336614,11299.740234375,5.609899997711182,0,0.9958885688063216,0.9948546760266822,0.0010338927796393893
262.98353208219487,11297.1904296875,5.609573841094971,0,0.9956638449376043,0.9948131575745077,0.0008506873630965694
263.0039647302692,11293.1845703125,5.608733177185059,0,0.9953107934977427,0.9947718815516537,0.0005389119460889047
263.0243974781115,11292.841796875,5.60931396484375,0,0.9952805835866282,0.9947308493610083,0.0005497342256198801
263.04483032571443,11298.568359375,5.608592987060547,0,0.9957852870589219,0.994690062802875,0.0010952242560469116
263.0652629730903,11288.4560546875,5.60952091217041,0,0.9948940516469845,0.9946495242601816,0.0002445273868029174
263.08569572023407,11280.7236328125,5.608342170715332,0,0.9942125642503916,0.9946092349109994,-0.00039667066060777856
263.1061285671385,11290.125,5.610361099243164,0,0.9950411420689064,0.9945691965231821,0.0004719455457242727
263.1265612138159,11295.4677734375,5.610219955444336,0,0.9955120207689265,0.994529411435874,0.0009826093330524976
263.14699396026117,11289.6259765625,5.609218120574951,0,0.9949971612581386,0.9944898808051773,0.000507280452961334
263.1674268064671,11274.8544921875,5.608834266662598,0,0.9936952948321643,0.9944506063657995,-0.0007553115336351723
263.187859452446,11289.466796875,5.609733581542969,0,0.9949831321541168,0.9944115904121793,0.0005715417419375202
263.2082921981928,11286.544921875,5.6084489822387695,0,0.9947256163306001,0.9943728340779943,0.0003527822526058211
263.2287249436995,11274.1298828125,5.60844612121582,0,0.9936314322850222,0.9943343392518789,-0.000702906966856709
263.2491576887478,11287.2900390625,5.60974645614624,0,0.9947912863083217,0.9942961076198265,0.0004951786884952458
263.2695904337961,11284.755859375,5.609984874725342,0,0.9945679395295697,0.9942581408550413,0.00030979867452840537
263.2900231786043,11292.916015625,5.610946178436279,0,0.9952871247639635,0.9942204406204379,0.0010666841435256202
263.3104560229549,11287.5146484375,5.609617233276367,0,0.9948110819765734,0.9941830083846684,0.0006280735919049762
263.33088866730395,11279.3515625,5.609359264373779,0,0.994091638537811,0.9941458463335597,-5.420779574871748e-05
263.35132141118083,11283.9931640625,5.60917854309082,0,0.994500720325637,0.9941089555475905,0.00039176477804647725
263.37175405506423,11275.69140625,5.609435081481934,0,0.9937690552134324,0.994072338002323,-0.0003032827888905798
263.3921868984835,11286.3447265625,5.609679698944092,0,0.9947079723654193,0.9940359947663724,0.0006719775990469135
263.4126196418947,11284.4755859375,5.610047817230225,0,0.9945432379783166,0.9939999279659129,0.0005433100124037082
263.43305238484754,11278.20703125,5.609640121459961,0,0.9939907666978506,0.9939641390024674,2.662769538319676e-05
263.45348512756755,11292.5302734375,5.610529899597168,0,0.9952531278554445,0.993928629442739,0.0013244984127055437
263.4739178702803,11277.2548828125,5.6103034019470215,0,0.9939068502780882,0.9938934008412079,1.3449436880308419e-05
263.4943506125346,11276.1748046875,5.6095476150512695,0,0.9938116589342348,0.9938584547412176,-4.679580698274677e-05
263.51478335455613,11278.486328125,5.609679698944092,0,0.9940153821809808,0.9938237926725726,0.00019158950840825195
263.53521609633754,11281.3525390625,5.609420299530029,0,0.9942679921214962,0.9937894161530432,0.0004785759684530211
263.5556488378934,11284.107421875,5.6099934577941895,0,0.9945107902960085,0.9937553266878595,0.0007554636081490429
263.57608147921565,11280.3203125,5.609262466430664,0,0.9941770181156615,0.9937215259344366,0.00045549218122487023
263.5965143202993,11281.8486328125,5.609689712524414,0,0.9943117147278954,0.9936880148786827,0.0006236998492126222
263.6169470611567,11276.923828125,5.609436988830566,0,0.9938776731844479,0.9936547954820784,0.0002228777023695061
263.63737970178045,11276.029296875,5.609647750854492,0,0.9937988347839326,0.9936218691949316,0.00017696558900104353
263.65781254216563,11292.0517578125,5.611666679382324,0,0.9952109544752562,0.9935892369777304,0.0016217174975258208
263.6782452823245,11283.4052734375,5.6110453605651855,0,0.9944489073156915,0.9935569007406022,0.0008920065750892547
263.6986779222498,11281.2265625,5.610542297363281,0,0.9942568893336506,0.99352486189512,0.0007320274385306247
263.7191106619357,11291.833984375,5.611338138580322,0,0.9951917612838644,0.993493121530582,0.0016986397532824382
263.7395434013961,11282.703125,5.610694408416748,0,0.9943870243353744,0.9934616811943203,0.0009253431410540802
263.7599761403908,11283.58203125,5.611389636993408,0,0.9944644856459243,0.993430542263385,0.0010339433825392597
263.78040887937823,11269.1103515625,5.61030912399292,0,0.9931890421336598,0.9933997061005647,-0.00021066396690494482
263.8008417181409,11282.033203125,5.61051082611084,0,0.9943279816031109,0.993369173907742,0.000958807695368824
263.82127435666916,11278.3037109375,5.611081600189209,0,0.993999287442011,0.9933389474678869,0.00066033997412418
263.8417070947253,11272.4736328125,5.610672950744629,0,0.9934854607486971,0.9933090276588413,0.00017643308985582085
263.8621397327879,11288.4130859375,5.611548900604248,0,0.9948902646495799,0.993279416082857,0.001610848566722889
263.8825725703864,11285.841796875,5.611451625823975,0,0.9946636472821602,0.9932501136047296,0.0014135336774305785
263.90300530797685,11280.755859375,5.610597133636475,0,0.9942154044984451,0.9932211219393725,0.0009942825590726345
263.92343794510816,11277.3828125,5.610925674438477,0,0.9939181252021794,0.9931924423523186,0.0007256828498607426
263.943870782241,11268.4873046875,5.6107072830200195,0,0.9931341306712922,0.9931640756799369,-2.9945008644727267e-05
263.9643035189001,11288.03515625,5.612257957458496,0,0.9948569562860434,0.9931360235837661,0.0017209327022773557
263.98473615556577,11275.626953125,5.611511707305908,0,0.9937633747173253,0.993108287286843,0.0006550874304823706
264.0051689917673,11279.8056640625,5.611396312713623,0,0.9941316602149285,0.9930808675993942,0.0010507926155343128
264.0256017277279,11280.76171875,5.61160945892334,0,0.9942159209071821,0.9930537661266505,0.0011621547805316101
264.04603446369583,11282.6318359375,5.611705780029297,0,0.9943807413624076,0.993026983920014,0.0013537574423936327
264.0664670991973,11277.72265625,5.612250804901123,0,0.9939480769089253,0.9930005222815421,0.0009475546273831625
264.08689993446023,11277.376953125,5.611571311950684,0,0.9939176087934424,0.9929743819834572,0.0009432268099851537
264.10733266972966,11286.6044921875,5.612081050872803,0,0.9947308664860929,0.9929485645562158,0.0017823019298770504
264.12776530453266,11279.0234375,5.611548900604248,0,0.9940627196485391,0.9929230711261398,0.0011396485223993391
264.1686308734352,11277.4443359375,5.6112141609191895,0,0.9939235474939179,0.9928730599636802,0.0010504875302376204
264.1890635075397,11290.310546875,5.613272190093994,0,0.9950574950122447,0.9928485447882545,0.002208950223990258
264.20949624164496,11285.6455078125,5.6124749183654785,0,0.9946463475894707,0.9928243577442414,0.0018219898452292993
264.22992907527805,11286.908203125,5.6123223304748535,0,0.994757633672294,0.9928004998961076,0.001957133776186337
264.250361308681,11276.5361328125,5.611848831176758,0,0.993843504139683,0.9927769730934309,0.001066531046252095
264.27079384185345,11272.1591796875,5.6109395027160645,0,0.9934577468131448,0.9927537773227836,0.0007039694903612226
264.2912266747953,11282.8134765625,5.61225700378418,0,0.9943967500332546,0.9927309136144385,0.0016658364188160135
264.31165940749634,11263.03515625,5.610655307769775,0,0.9926536123415147,0.9927083834220054,-5.477108049067869e-05
264.33209203997103,11283.5439453125,5.613311290740967,0,0.9944611289891337,0.9926861877270955,0.0017749412620382543
264.3525248722144,11276.5673828125,5.612286567687988,0,0.9938462583196137,0.9926643271781763,0.0011819311414373868
264.37295760421694,11277.9189453125,5.6118035316467285,0,0.9939653766016148,0.9926428030558875,0.0013225735457272902
264.39339023599314,11282.4658203125,5.612290382385254,0,0.994366109781526,0.9926216162977454,0.0017444934837805848
264.41382296753727,11279.5400390625,5.612278461456299,0,0.9941082496855178,0.9926007676240794,0.0015074820614383588
264.43425579860923,11267.203125,5.6116719245910645,0,0.9930209510897666,0.9925802579530012,0.0004406931367654243
264.4751211605326,11276.662109375,5.612009048461914,0,0.9938546069275286,0.9925402597919971,0.0013143471355314684
264.4955539911389,11278.6064453125,5.612471103668213,0,0.9940259685600893,0.9925207727600974,0.0015051957999918653
264.5159866215181,11282.560546875,5.612778663635254,0,0.9943744583894408,0.9925016285218796,0.0018728298675612098
264.53641935166524,11280.9736328125,5.612607002258301,0,0.9942345976898369,0.9924828276320192,0.001751770057817681
264.55685208133946,11286.9033203125,5.613109588623047,0,0.9947572033316798,0.9924643710084979,0.0022928323231818926
264.57728481102095,11281.82421875,5.612520217895508,0,0.9943095630248245,0.9924462594590399,0.0018633035657846797
264.5977175404696,11276.7470703125,5.612502574920654,0,0.9938620948542151,0.9924284937769121,0.0014336010773029484
264.61815026967815,11276.9375,5.613056182861328,0,0.9938788781381674,0.9924110747400239,0.0014678033981435634
264.6385830984291,11268.4853515625,5.611884117126465,0,0.9931339585350465,0.9923940030285803,0.0007399555064662167
264.6590157271785,11283.9931640625,5.612544059753418,0,0.994500720325637,0.9923772796378098,0.002123440687827216
264.67944845568854,11265.921875,5.6113691329956055,0,0.9929080297126095,0.9923609050520832,0.0005471246605263103
264.699881283741,11274.2119140625,5.612151622772217,0,0.9936386620073402,0.9923448799936876,0.0012937820136526001
264.7203139117919,11269.734375,5.611447334289551,0,0.9932440396641501,0.9923292053966615,0.0009148342674886178
264.7407466393706,11273.4326171875,5.611546039581299,0,0.9935699796453193,0.9923138817149948,0.0012560979303245512
264.76117936695664,11271.1689453125,5.6113810539245605,0,0.993370473736592,0.9922989096968731,0.0010715640397189752
264.7816120943098,11285.1728515625,5.612671852111816,0,0.9946046906180195,0.992284289998054,0.0023204006199655236
264.80204482119007,11275.421875,5.612675189971924,0,0.9937453004115304,0.9922700232588509,0.0014752771526794772
264.8224775480776,11273.7666015625,5.611551761627197,0,0.9935994149433283,0.9922561101036219,0.0013433048397063496
264.84291027449945,11267.9853515625,5.611368656158447,0,0.9930898916561559,0.992242551141899,0.0008473405142569446
264.863343000914,11279.62109375,5.612861633300781,0,0.994115393339713,0.9922293469670791,0.0018860463726338983
264.8837757268702,11269.9873046875,5.612145900726318,0,0.9932663313079639,0.9922164981576193,0.0010498331503446812
264.90420835282566,11267.498046875,5.6122260093688965,0,0.9930469436628622,0.9922040053361068,0.0008429383267554158
264.9246411785425,11286.0810546875,5.613224029541016,0,0.9946847339722543,0.992191868868904,0.002492865103350339
264.9450739038002,11285.2236328125,5.613482475280762,0,0.9946091661604068,0.9921800894683553,0.0024290766920515017
264.96550652905717,11279.9853515625,5.612513065338135,0,0.9941474967495297,0.9921686676447298,0.0019788291047999618
264.9859393538427,11256.470703125,5.611021995544434,0,0.9920750624198302,0.9921576037333407,-8.254131351048688e-05
265.0063720784019,11262.462890625,5.611132621765137,0,0.9926031764215345,0.9921468983835683,0.0004562780379662179
265.02680470296036,11285.0859375,5.61332368850708,0,0.9945970305550873,0.9921365520587819,0.002460478496305374
265.04723742704664,11268.806640625,5.612043857574463,0,0.9931622749474587,0.9921265651109751,0.0010357098364836004
265.06767025114095,11269.5654296875,5.612138271331787,0,0.9932291498789,0.9921169379824847,0.001112211896415305
265.0881028747681,11281.103515625,5.6125288009643555,0,0.9942460447501738,0.9921076712337724,0.0021383735164013373
265.108535598396,11272.0908203125,5.61202335357666,0,0.9934517220445466,0.9920987651316794,0.001352956912867187
265.1289684215517,11275.37109375,5.6122236251831055,0,0.9937408248691431,0.9920902200716737,0.0016506047974693683
265.1494011447139,11265.537109375,5.611521244049072,0,0.9928741188722132,0.9920820365113497,0.0007920823608634775
265.16983376740245,11263.6884765625,5.611603736877441,0,0.9927111919156901,0.9920742148039156,0.0006369771117745726
265.19026658986695,11283.6181640625,5.613323211669922,0,0.9944676701664691,0.9920667551795678,0.0024009149869013147
265.2106992123299,11268.2080078125,5.612536430358887,0,0.9931095151881619,0.9920596581108858,0.0010498570772761173
265.231131934328,11270.728515625,5.611680507659912,0,0.9933316570131943,0.9920529238019189,0.0012787332112753624
265.2515646563188,11259.51953125,5.611704349517822,0,0.9923437670993154,0.9920465525830033,0.00029721451631203877
265.2719973778512,11271.296875,5.611043453216553,0,0.9933817486606832,0.992040544733247,0.0013412039274361964
265.29243009937636,11262.1259765625,5.611263275146484,0,0.992573482919157,0.9920349005155733,0.0005385824035837317
265.3128628204431,11260.1875,5.610881805419922,0,0.9924026376953332,0.9920296201772406,0.00037301751809259986
265.33329554127704,11250.8203125,5.60973596572876,0,0.9915770722611176,0.9920247039493849,-0.0004476316882673359
265.35372826211096,11270.1455078125,5.612194538116455,0,0.9932802743438629,0.9920201520472133,0.001260122296649624
265.37416098247195,11263.451171875,5.611141681671143,0,0.9926902773618416,0.9920159646701345,0.0006743126917070352
265.39459360283945,11267.6591796875,5.611533164978027,0,0.9930611449031297,0.9920121420192086,0.0010490028839210686
265.41502642273554,11265.681640625,5.611448287963867,0,0.9928868569543925,0.99200868420845,0.0008781727459424848
265.4354591424053,11260.5556640625,5.612105369567871,0,0.9924350853776414,0.992005591442654,0.0004294939349873683
265.4558917620743,11264.3232421875,5.611711502075195,0,0.9927671361955316,0.9920028638518443,0.0007642723436872556
265.4763245812792,11263.396484375,5.611946105957031,0,0.9926854575469629,0.992000501518139,0.000684956028823902
265.496757300476,11268.7998046875,5.61158561706543,0,0.9931616724705988,0.9919985045822791,0.001163167888319716
265.5171899192137,11262.4716796875,5.611248970031738,0,0.9926039510346399,0.9919968731263715,0.0006070779082684163
265.5376227377128,11264.3837890625,5.612135410308838,0,0.9927724724191472,0.9919956072005474,0.0007768652185998759
265.5580554562184,11258.7509765625,5.61188268661499,0,0.9922760314866457,0.9919947068814867,0.0002813246051589502
265.5784880742576,11258.0888671875,5.611365795135498,0,0.9922176772993647,0.9919941722032528,0.00022350509611190894
265.5989207922976,11259.4208984375,5.6120710372924805,0,0.9923350742189092,0.9919940031839996,0.00034107103490965685
265.61935360986536,11259.8701171875,5.6116437911987305,0,0.9923746655554124,0.9919941998364878,0.00038046571892458303
265.6397863272068,11282.984375,5.6213059425354,0,0.9944118119547504,0.9919947621501656,0.002417049804584792
265.6602189445475,11255.6640625,5.611337184906006,0,0.99200397015037,0.9919956900950421,8.280055327936076e-06
265.6806517614168,11246.8056640625,5.610908508300781,0,0.9912232462081505,0.9919969836467593,-0.000773737438608757
265.7010844782926,11249.5498046875,5.611950397491455,0,0.9914650976333117,0.991998642732385,-0.0005335450990733293
265.721517094702,11259.55859375,5.611777305603027,0,0.9923472098242286,0.9920006672738554,0.0003465425503732522
265.74194981110486,11257.76953125,5.6121506690979,0,0.9921895330231983,0.9920030572023701,0.00018647582082820247
265.7623826270501,11256.271484375,5.612368583679199,0,0.9920575045227723,0.9920058124185792,5.169210419309067e-05
265.782815242761,11249.5146484375,5.612505912780762,0,0.9914619991808897,0.9920089327587168,-0.0005469335778270912
265.80324795846536,11254.0927734375,5.612062454223633,0,0.9918654865407315,0.992012418129313,-0.00014693158858147815
265.8236807737121,11259.908203125,5.6131134033203125,0,0.992378022212203,0.9920162683830206,0.0003617538291823541
265.84411338895734,11245.55859375,5.611597537994385,0,0.9911133372152926,0.9920204832921135,-0.0009071460768208528
265.8645461037304,11265.91796875,5.613012313842773,0,0.9929076854401182,0.9920250627311288,0.0008826227089894223
265.8849788185107,11251.5927734375,5.612483978271484,0,0.9916451521462786,0.9920300064799037,-0.00038485433362511756
265.9054115328254,11254.1513671875,5.611789703369141,0,0.9918706506281015,0.9920353143218372,-0.00016466369373568934
265.9258442471328,11253.5849609375,5.612454414367676,0,0.9918207311168583,0.992040986024619,-0.00022025490776067524
265.9462769609818,11248.0166015625,5.611517429351807,0,0.9913299706804636,0.992047021339762,-0.0007170506592983905
265.96670977483154,11252.58984375,5.612048149108887,0,0.9917330276996913,0.9920534200353228,-0.00032039233563152525
265.9871423884397,11261.8935546875,5.613420486450195,0,0.9925529987059227,0.9920601817344248,0.0004928169714979447
266.0075751015902,11249.1572265625,5.612369060516357,0,0.9914304982479327,0.9920673062375122,-0.0006368079895794354
266.0280079147342,11249.5595703125,5.612804412841797,0,0.99146595831454,0.99207479323809,-0.0006088349235500168
266.0484405274183,11249.6533203125,5.612247467041016,0,0.991474220854332,0.9920826422955595,-0.0006084214412275246
266.06887324010313,11241.9130859375,5.611275672912598,0,0.9907920449127564,0.9920908531789789,-0.0012988082662225287
266.0893058525544,11261.015625,5.6136932373046875,0,0.9924756234634957,0.9920994254483482,0.00037619801514754414
266.10973866453423,11265.2822265625,5.613675594329834,0,0.9928516550921538,0.9921083588567021,0.0007432962354516626
266.1301713765206,11245.365234375,5.611106872558594,0,0.9910962957269716,0.9921176528845552,-0.0010213571575836689
266.1506040882741,11242.255859375,5.6120381355285645,0,0.9908222548238709,0.9921273071676684,-0.0013050523437975192
266.1710367995547,11259.9228515625,5.613761901855469,0,0.9923793132340454,0.9921373212831734,0.0002419919508719337
266.1914695108426,11247.2734375,5.611770153045654,0,0.9912644728389876,0.9921476947928008,-0.0008832219538132957
266.2119022218976,11249.0205078125,5.612346649169922,0,0.9914184487107361,0.9921584272421932,-0.0007399785314570195
266.23233483247895,11244.9072265625,5.611708164215088,0,0.9910559297773629,0.9921695181061024,-0.0011135883287395343
266.2527676430691,11255.30859375,5.613286972045898,0,0.9919726413536588,0.9921809670646051,-0.00020832571094631103
266.2732002534249,11248.9306640625,5.611620903015137,0,0.9914105304434354,0.9921927733921154,-0.000782242948680012
266.2936329635413,11249.8095703125,5.612483024597168,0,0.9914879917539853,0.9922049367423689,-0.0007169449883835943
266.3140657732001,11248.3564453125,5.611502170562744,0,0.9913599223872096,0.9922174565878527,-0.0008575342006430509
266.3344983828574,11249.1572265625,5.611690521240234,0,0.9914304982479327,0.9922303321941912,-0.000799833946258488
266.35493109227536,11251.1591796875,5.612058162689209,0,0.9916069378997407,0.9922435631838699,-0.0006366252841291109
266.37536380146776,11253.75,5.612951278686523,0,0.991835276629617,0.9922571489153895,-0.00042187228577250657
266.3957965104273,11254.1142578125,5.612856388092041,0,0.9918673800394339,0.9922710887938493,-0.00040370875441542164
266.41622921914677,11253.896484375,5.613165855407715,0,0.991848186848042,0.9922853822088404,-0.000437195360798448
266.43666192764067,11246.3955078125,5.612645149230957,0,0.9911870975965605,0.9923000285344893,-0.0011129309379287466
266.45709463590174,11254.4873046875,5.613094329833984,0,0.991900258062356,0.9923150271294536,-0.00041476906709758676
266.4775273439227,11258.4736328125,5.613950252532959,0,0.992251588139761,0.9923303773369662,-7.878919720516464e-05
266.4979600517181,11255.1806640625,5.613440990447998,0,0.9919613664295677,0.9923460784848797,-0.0003847120553119865
266.5183928592742,11253.294921875,5.613626003265381,0,0.9917951688843768,0.9923621299650722,-0.0005669610806954273
266.53882546660316,11257.857421875,5.614106178283691,0,0.9921972791542533,0.9923785308364518,-0.00018125168219851329
266.5592581737001,11264.427734375,5.6137213706970215,0,0.9927763454846747,0.9923952806190873,0.0003810648655874216
266.5796907805634,11243.2900390625,5.612401008605957,0,0.9909134009659512,0.9924123784155929,-0.0014989774496417807
266.60012358718814,11247.0869140625,5.612602233886719,0,0.9912480338275265,0.9924298237308691,-0.0011817899033426116
266.62055629358656,11250.3720703125,5.613421440124512,0,0.9915375669927372,0.992447615547444,-0.0009100485547067771
266.6409888997514,11246.509765625,5.612939834594727,0,0.9911971675669321,0.9924657530811589,-0.0012685855142268165
266.66142170567764,11259.2744140625,5.613064289093018,0,0.9923221640004842,0.9924842358066354,-0.0001620718061511317
266.68185441137757,11240.91796875,5.611673831939697,0,0.9907043414955894,0.9925030626457283,-0.0017987211501389044
266.7022871170775,11255.9931640625,5.613100051879883,0,0.9920329751077648,0.9925222328638742,-0.000489257756109418
266.72271972230374,11255.755859375,5.613043308258057,0,0.9920120605539163,0.9925417455248682,-0.0005296849709518492
266.74315252730594,11246.4013671875,5.612456321716309,0,0.9911876140052975,0.9925616000635212,-0.0013739860582236973
266.7635852323074,11252.275390625,5.612722396850586,0,0.991705313764139,0.9925817953216667,-0.0008764815575277307
266.7840178368351,11259.99609375,5.613439559936523,0,0.9923857683432579,0.9926023304095296,-0.00021656206627174157
266.8044506411388,11250.466796875,5.6123270988464355,0,0.991545915600652,0.9926232047321565,-0.0010772891315045108
266.8248833454418,11262.94140625,5.613931179046631,0,0.9926453498017227,0.9926444170717461,9.327299765882202e-07
266.845315949271,11251.9208984375,5.612988471984863,0,0.9916740710355506,0.9926659664940047,-0.0009918954584541284
266.8657486528755,11258.306640625,5.613731861114502,0,0.9922368704907566,0.9926878522665153,-0.000450981775758752
266.8861814564807,11263.208984375,5.6145477294921875,0,0.992668932467379,0.9927100734361223,-4.1140968743302864e-05
266.90661405961146,11258.7294921875,5.6135663986206055,0,0.9922741379879433,0.9927326287005809,-0.00045849071263759367
266.92704676275025,11263.7255859375,5.614712238311768,0,0.9927144625043577,0.9927555174014847,-4.105489712702415e-05
266.947479565657,11258.2041015625,5.613803386688232,0,0.9922278333378591,0.9927787385412095,-0.000550905203350327
266.96791226809,11272.5615234375,5.615326881408691,0,0.9934932068797521,0.9928022908753776,0.0006909160043744311
266.98834487052955,11266.5224609375,5.614892959594727,0,0.9929609616081518,0.9928261733683794,0.00013478823977242094
267.0087776727378,11268.8330078125,5.615495681762695,0,0.9931645987867751,0.992850385327246,0.0003142134595290891
267.0292103744723,11261.9794921875,5.6144280433654785,0,0.9925605727007321,0.9928749253384274,-0.0003143526376953032
267.04964297621336,11252.947265625,5.613861083984375,0,0.9917645286326482,0.9928997923231353,-0.0011352636904871094
267.07007567772234,11264.1513671875,5.614394187927246,0,0.992751988205913,0.9929249854356177,-0.00017299722970465226
267.09050847875915,11255.17578125,5.6137919425964355,0,0.9919609360889534,0.9929505035771992,-0.0009895674882457461
267.1109410798017,11261.0810546875,5.614726543426514,0,0.9924813900277255,0.9929763452540539,-0.0004949552263283641
267.1313737806122,11269.119140625,5.614569664001465,0,0.9931898167467652,0.9930025097113746,0.00018730703539060478
267.15180658118334,11252.77734375,5.613955020904541,0,0.9917495527792752,0.9930289958081963,-0.0012794430289210235
267.1722391815274,11260.0546875,5.614604473114014,0,0.9923909324306279,0.9930558019935417,-0.0006648695629137835
267.1926718816394,11260.90625,5.614834308624268,0,0.9924659838337384,0.9930829274848455,-0.0006169436511070936
267.2131045815113,11255.822265625,5.613386154174805,0,0.992017913186269,0.9931103709639213,-0.0010924577776523225
267.2335372811576,11259.90625,5.614596366882324,0,0.9923778500759572,0.9931381312290994,-0.0007602811531421949
267.2539699805711,11255.1748046875,5.613492012023926,0,0.9919608500208307,0.9931662070648098,-0.0012053570439791716
267.2744026797445,11256.6767578125,5.614233016967773,0,0.992093222793748,0.9931945972416639,-0.0011013744479159149
267.2948353789252,11262.94921875,5.615170478820801,0,0.9926460383467054,0.9932233005168686,-0.0005772621701631842
267.3152680776402,11268.70703125,5.614660739898682,0,0.9931534959989297,0.9932523156329072,-9.881963397750937e-05
267.3357007761151,11277.37890625,5.616382122039795,0,0.9939177809296881,0.9932816413195882,0.0006361396100998951
267.35613347436447,11258.8505859375,5.6139421463012695,0,0.9922848104351746,0.9933112762928265,-0.0010264658576518704
267.3765661726138,11268.927734375,5.615234375,0,0.99317294739469,0.993341219255306,-0.00016827186061607602
267.39699887039023,11261.0537109375,5.614457607269287,0,0.9924789801202862,0.9933714688951994,-0.0008924887749132138
267.5604603454267,11272.6455078125,5.615570068359375,0,0.9935006087383158,0.9936243445147581,-0.00012373577644231304
267.5808931411084,11265.5712890625,5.614656448364258,0,0.9928771312565124,0.9936572932177288,-0.0007801619612163302
267.60132573679584,11266.5693359375,5.615070343017578,0,0.9929650928780479,0.9936905344347642,-0.0007254415567162775
267.6217584322512,11261.2451171875,5.614601135253906,0,0.9924958494723616,0.9937240671958355,-0.0012282177234739233
267.64219122746726,11277.0224609375,5.6156182289123535,0,0.9938863660648539,0.9937578900368763,0.0001284760279776087
267.6626238224562,11280.396484375,5.616273403167725,0,0.9941837314292425,0.9937920009781738,0.00039173045106877247
267.6830565172131,11225.9599609375,5.611716270446777,0,0.989386036058154,0.9938263990247916,-0.004440362966637634
267.7034892117299,11125.552734375,5.6027021408081055,0,0.9805367698728176,0.9938610825042672,-0.01332431263144962
267.72392190602113,11101.55859375,5.6015448570251465,0,0.9784220760948069,0.9938960498979172,-0.01547397380311033
267.74435460007953,11117.791015625,5.6026458740234375,0,0.9798527004325397,0.9939312996745896,-0.014078599242049905
267.7647872938978,11220.9970703125,5.610820770263672,0,0.9889486378579159,0.9939668302907672,-0.005018192432851287
267.7852199877234,11281.486328125,5.616729736328125,0,0.9942797834543243,0.9940026401910833,0.0002771432632410198
267.8056526810833,11265.7666015625,5.614848613739014,0,0.9928943448810791,0.9940387278066785,-0.0011443829255993743
267.8260853742031,11271.2578125,5.615635871887207,0,0.9933783059357698,0.9940750915577553,-0.0006967856219854962
267.84651816733094,11275.5,5.615510940551758,0,0.993752185861357,0.9941117300324592,-0.0003595441711021774
267.8669507599916,11278.169921875,5.615847587585449,0,0.9939874961091829,0.9941486410856907,-0.0001611449765077655
267.88738345264574,11282.84375,5.616456031799316,0,0.9943994181450624,0.994185823641971,0.000213594503091441
267.90781604484073,11275.8759765625,5.616207122802734,0,0.9937853220886479,0.9942232757084066,-0.00043795361975873526
267.92824883703724,11274.0693359375,5.616304874420166,0,0.9936260960614065,0.9942609961977572,-0.0006349001363507023
267.94868152876006,11273.6162109375,5.615990161895752,0,0.9935861604524119,0.9942989829056045,-0.0007128224531925964
267.9691141204894,11273.3994140625,5.615980625152588,0,0.993567053329143,0.9943372341655954,-0.0007701808364524165
267.9895469119874,11280.8193359375,5.616124153137207,0,0.9942209989264292,0.9943757488659073,-0.00015474993947806048
268.0099796032446,11320.8681640625,5.629580020904541,0,0.9977506526438169,0.9944145247565078,0.0033361278873090816
268.03041229404334,11282.69140625,5.616311550140381,0,0.9943859915179004,0.9944535603269294,-6.756880902902829e-05
268.05084488484135,11285.673828125,5.616757392883301,0,0.9946488435650329,0.9944928536758375,0.00015598988919540702
268.0712776754008,11291.08203125,5.6168718338012695,0,0.9951254888292829,0.9945324036610173,0.0005930851682656169
268.0917103657339,11286.8828125,5.6166462898254395,0,0.9947553959011003,0.994572207971896,0.00018318792920424265
268.11214295606624,11291.3896484375,5.617436408996582,0,0.9951526002879754,0.9946122648622594,0.0005403354257159654
268.13257574592717,11297.943359375,5.617459774017334,0,0.9957302034603086,0.9946525731671618,0.0010776302931467807
268.1530084355618,11284.7353515625,5.6178297996521,0,0.9945661320989903,0.9946931305321094,-0.00012699843311914094
268.1734410249628,11293.0302734375,5.617646217346191,0,0.995297194734335,0.9947339351775334,0.0005632595568015875
268.19387371413177,11286.5810546875,5.617204666137695,0,0.9947288008511449,0.9947749857161071,-4.618486496221763e-05
268.2143065032942,11275.69921875,5.615830421447754,0,0.9937697437584151,0.9948162803543795,-0.0010465365959644313
268.23473909199674,11302.330078125,5.618645191192627,0,0.9961168214680751,0.9948578166751711,0.0012590047929039727
268.25517178069276,11291.447265625,5.617164134979248,0,0.9951576783072225,0.9948995934687025,0.00025808483851996744
268.27560456893116,11286.263671875,5.617476463317871,0,0.9947008287112241,0.9949416089082628,-0.00024078019703865916
268.29603715716803,11283.546875,5.616400718688965,0,0.9944613871935023,0.9949838605364222,-0.0005224733429198825
268.31646984517283,11291.7470703125,5.61732292175293,0,0.9951841012209323,0.9950263471212286,0.00015775409970364418
268.33690263270546,11302.9150390625,5.618494987487793,0,0.9961683762736522,0.9950690668052294,0.0010993094684227378
268.3573353202446,11298.1708984375,5.618109226226807,0,0.9957502573329288,0.9951120173006891,0.0006382400322396675
268.3777679075429,11307.8515625,5.622679233551025,0,0.9966034506345738,0.9951551967230179,0.0014482539115558968
268.39820059461636,11290.7900390625,5.616854190826416,0,0.9950997544605558,0.9951986036041809,-9.884914362512376e-05
268.418633281457,11283.9169921875,5.61758279800415,0,0.994494007012056,0.9952422358327149,-0.0007482288206588361
268.4390659680648,11296.0185546875,5.617609024047852,0,0.9955605631902045,0.995286091498073,0.0002744716921314616
268.45949865443254,11305.181640625,5.61917781829834,0,0.9963681403867479,0.9953301686799093,0.001037971706838614
268.4799313405747,11298.7578125,5.6182379722595215,0,0.9958019842747515,0.9953744654482253,0.00042751882652625195
268.50036402647675,11300.07421875,5.618547439575195,0,0.9959180041043306,0.9954189798633447,0.0004990242409859125
268.5207966123853,11303.107421875,5.617768287658691,0,0.9961853316938504,0.9954637097571946,0.0007216219366558141
268.541229297829,11313.7060546875,5.619552135467529,0,0.9971194290309586,0.9955086536079606,0.0016107754229980342
268.5616620832734,11298.9921875,5.61770486831665,0,0.9958226406242314,0.9955538094518119,0.0002688311724194925
268.58209476824413,11311.0498046875,5.6202712059021,0,0.9968853237368523,0.9955991748684468,0.0012861488684055011
268.6025273532214,11291.9033203125,5.6178107261657715,0,0.9951978721205855,0.9956447478694282,-0.0004468757488427233
268.6229601377272,11309.2177734375,5.618866443634033,0,0.9967238599384174,0.9956905271287918,0.0010333328096255867
268.64339282223955,11301.3876953125,5.618200778961182,0,0.9960337657295412,0.9957365099724211,0.0002972557571200296
268.6638254065183,11297.412109375,5.617198944091797,0,0.9956833824014873,0.9957826943833298,-9.931198184243151e-05
268.68425809033215,11322.17578125,5.619776725769043,0,0.9978658978602906,0.9958290787907571,0.0020368190695334576
268.7046908741395,11310.673828125,5.618314743041992,0,0.9968521875095616,0.9958756611676061,0.0009765263419555525
268.72512345771975,11296.3388671875,5.618532180786133,0,0.9955887935344938,0.9959224387882855,-0.0003336452537916479
268.74555614106794,11308.7666015625,5.618799686431885,0,0.9966840964656685,0.9959694102898782,0.0007146861757902911
268.7659889244096,11301.66796875,5.618588924407959,0,0.9960584672807943,0.9960165736189712,4.189366182305587e-05
268.7864215072914,11314.037109375,5.619758129119873,0,0.997148606124599,0.9960639260155039,0.0010846801090951264
268.8068541899411,11310.71875,5.6200385093688965,0,0.996856146643212,0.9961114661004121,0.0007446805427998582
268.82728697235143,11311.8515625,5.62017822265625,0,0.9969559856656984,0.9961591917947568,0.00079679387094167
268.84771955476754,11322.4326171875,5.620232582092285,0,0.9978885337765956,0.9962071003072642,0.0016814334693313615
268.86815223671874,11325.3828125,5.621509552001953,0,0.9981485455756746,0.9962551902411025,0.0018933553345720222
268.8885849186627,11315.0361328125,5.620211601257324,0,0.9972366538142573,0.9963034592575889,0.0009331945566684041
268.909017700149,11302.353515625,5.619710445404053,0,0.9961188871030232,0.9963519054796132,-0.00023301837658995517
268.92945028163376,11323.1220703125,5.620234489440918,0,0.9979492978713158,0.996400526074341,0.0015487717969747683
268.9498829628792,11319.2080078125,5.620853424072266,0,0.9976043368350006,0.9964493196248182,0.0011550172101824074
268.97031574389985,11318.716796875,5.6198954582214355,0,0.9975610445692155,0.9964982839970551,0.0010627605721603706
268.99074832468614,11311.08984375,5.620244026184082,0,0.9968888525298886,0.996547416326865,0.0003414362030235152
269.0111810052331,11326.447265625,5.621883869171143,0,0.9982423598295628,0.9965967151829979,0.0016456446465649144
269.0316135855537,11320.826171875,5.6204729080200195,0,0.9977469517145351,0.9966461779242891,0.001100773790245979
269.05204636564304,11320.52734375,5.621855735778809,0,0.9977206148689481,0.9966958031122977,0.0010248117566504789
269.0724790454915,11323.771484375,5.621013641357422,0,0.9980065331729999,0.9967455878466248,0.001260945326375107
269.0929117251144,11316.9228515625,5.622170925140381,0,0.997402937427571,0.9967955301898387,0.0006074072377323381
269.1133444047373,11321.4052734375,5.6205668449401855,0,0.9977979901113752,0.9968456279556475,0.0009523621557276929
269.13377708388725,11322.06640625,5.6212992668151855,0,0.9978562582305333,0.9968958789492403,0.0009603792812930001
269.1542097630445,11339.1015625,5.623153209686279,0,0.9993576305652347,0.9969462809714373,0.002411349593797407
269.1746423417353,11324.3955078125,5.624238014221191,0,0.9980615307034902,0.9969968315663342,0.001064699137156011
269.19507512042037,11324.5986328125,5.620765209197998,0,0.9980794328730396,0.997047529264868,0.0010319036081716249
269.2155077988791,11321.4375,5.6220221519470215,0,0.9978008303594287,0.9970983711032966,0.0007024592561321041
269.23594037710427,11326.2861328125,5.623606204986572,0,0.9982281585892953,0.9971493548532672,0.0010788037360280889
269.25637315509084,11333.55078125,5.62410306930542,0,0.9988684193550511,0.9972004790319089,0.001667940323142214
269.2768058328511,11333.5380859375,5.623179912567139,0,0.9988673004694543,0.9972517406510708,0.0016155598183834607
269.29723841037776,11340.0068359375,5.6265950202941895,0,0.9994374157151011,0.9973031374641173,0.00213427825098389
269.31767118766584,11336.400390625,5.625044345855713,0,0.9991195661374782,0.9973546679761061,0.0017648981613721526
269.3381038647276,11332.2724609375,5.624025344848633,0,0.9987557561822625,0.9974063291750795,0.0013494270071829906
269.35853654155653,11351.908203125,5.626095771789551,0,1.0004863279280687,0.9974581190507839,0.0030282088772848326
269.3789691183774,11340.873046875,5.624622821807861,0,0.999513758140054,0.9975100350816579,0.002003723058396134
269.39940189474146,11334.7548828125,5.6248369216918945,0,0.9989745413505043,0.9975620757564543,0.0014124655940500608
269.41983457110473,11342.7451171875,5.624216079711914,0,0.9996787507315252,0.9976142380344506,0.0020645126970746386
269.44026714722713,11335.8525390625,5.624654769897461,0,0.9990712819205688,0.9976665196292149,0.0014047622913538893
269.4606999228927,11341.720703125,5.624532222747803,0,0.9995884652706732,0.9977189190193955,0.001869546251277776
269.4811324985567,11342.05078125,5.624757766723633,0,0.9996175562961909,0.9977714328859645,0.0018461234102263857
269.50156517398136,11358.5205078125,5.626461505889893,0,1.001069095187772,0.9978240596990503,0.0032450354887217925
269.5219978491805,11339.744140625,5.624281883239746,0,0.999414263390059,0.9978767968975686,0.0015374664924904247
269.5424306241475,11347.2822265625,5.6251068115234375,0,1.0000786232302081,0.997929642431172,0.0021489807990361376
269.5628631991058,11328.0634765625,5.623101711273193,0,0.9983848025728516,0.9979825932098093,0.00040220936304224963
269.5832958736064,11351.9130859375,5.626245021820068,0,1.000486758268683,0.9980356476904073,0.002451110578275628
269.6037285478742,11347.3486328125,5.6246771812438965,0,1.0000844758625607,0.9980888032915413,0.0019956725710194023
269.6241612221347,11348.7373046875,5.626027584075928,0,1.0002068647332294,0.9981420576862567,0.00206480704697265
269.64459389593685,11343.8154296875,5.624370098114014,0,0.9997730813941504,0.9981954085415097,0.0015776728526407657
269.6650264697382,11337.0087890625,5.624180793762207,0,0.9991731865780034,0.9982488532606101,0.0009243333173932777
269.685459243301,11374.64453125,5.627201080322266,0,1.0024901659638703,0.9983023902881022,0.004187775675768113
269.70589191640465,11349.0634765625,5.625010967254639,0,1.0002356114862558,0.998356016493796,0.001879594992459821
269.72632448950753,11345.576171875,5.624181270599365,0,0.9999282622196186,0.9984097295294503,0.0015185326901683283
269.74675726237183,11361.98046875,5.6257452964782715,0,1.00137403454697,0.9984635278317452,0.0029105067152247477
269.76718993524264,11357.55859375,5.626154899597168,0,1.0009843180867815,0.9985174082563891,0.0024669098303923276
269.78762250764703,11343.41015625,5.624342441558838,0,0.9997373631231746,0.9985713684416628,0.001165994681511795
269.80805527981283,11369.7080078125,5.627561569213867,0,1.0020550916029487,0.998625406818226,0.0034296847847227196
269.8284879517523,11344.720703125,5.624781608581543,0,0.9998528665440167,0.9986795202270841,0.0011733463169326663
269.84892052369105,11347.7841796875,5.625268459320068,0,1.0001228622453444,0.9987337062982664,0.0013891559470780024
269.8693531951576,11357.921875,5.625070571899414,0,1.0010163354284753,0.9987879631882473,0.0022283722402280937
269.8897859666322,11357.4013671875,5.626523971557617,0,1.0009704611190053,0.998842288523557,0.0021281725954482855
269.9102186378732,11349.7822265625,5.625070571899414,0,1.000298957624661,0.9988966793930488,0.0014022782316122084
269.9306512088733,11364.005859375,5.626996994018555,0,1.001552539833726,0.9989511334141249,0.002601406419601049
269.9510839796494,11362.9560546875,5.625992298126221,0,1.0014600166016803,0.9990056490023953,0.002454367599284968
269.9715166501919,11366.1513671875,5.626163482666016,0,1.0017416314995904,0.9990602229707837,0.002681408528806717
269.99194922049355,11363.9697265625,5.6262898445129395,0,1.0015493553131811,0.9991148529287804,0.002434502384400683
270.0123818905704,11369.41015625,5.626497745513916,0,1.0020288408254845,0.9991695370190623,0.0028593038064221865
270.03281466041517,11367.533203125,5.627477169036865,0,1.0018634178933992,0.9992242728479147,0.002639145045484459
270.05324723025115,11359.0205078125,5.625637054443359,0,1.0011131620666627,0.9992790572152007,0.0018341048514619596
270.0736798996295,11357.8583984375,5.626408576965332,0,1.0010107410004911,0.9993338885248598,0.0016768524756313186
270.0941126690086,11369.9658203125,5.627523422241211,0,1.0020778135873767,0.9993887643778756,0.002689049209501082
270.1145452381461,11367.287109375,5.627036094665527,0,1.0018417287264452,0.9994436815647278,0.0023980471617173205
270.1349779070588,11365.8583984375,5.625627040863037,0,1.0017158110627404,0.9994986384867922,0.002217172575948223
270.15541057573864,11367.98046875,5.627001762390137,0,1.0019028370936567,0.9995536324689609,0.0023492046246957887
270.1758432441784,11376.796875,5.6268086433410645,0,1.0026798601065945,0.9996086611031775,0.0030711990034170134
270.1962759123926,11369.4873046875,5.626567363739014,0,1.0020356402071884,0.9996637219799269,0.0023719182272614603
270.21670858037396,11377.552734375,5.626895904541016,0,1.0027464768336674,0.9997188126882238,0.0030276641454435316
270.237141348116,11388.62109375,5.627115726470947,0,1.0037219729378584,0.999773931085597,0.003948041852261386
270.25757391586376,11372.54296875,5.62656831741333,0,1.0023049473635333,0.9998290739497815,0.0024758734137517724
270.27800658314663,11381.9921875,5.627854824066162,0,1.003137742520067,0.9998842396743942,0.0032535028456727177
270.298439350423,11372.5390625,5.627568244934082,0,1.0023046030910419,0.9999394258454304,0.0023651772456114717
270.3188719174723,11375.236328125,5.626852035522461,0,1.002542323246307,0.9999946292354592,0.0025476940108478674
270.3393045842895,11374.185546875,5.627593040466309,0,1.0024497139461386,1.000049848237646,0.002399865708492488
270.35973715086584,11376.43359375,5.626549243927002,0,1.0026478427649006,1.0001050798936069,0.0025427628712937356
270.38016991721815,11373.86328125,5.626766681671143,0,1.0024213114656038,1.0001603225959514,0.002260988869652314
270.4210352492155,11375.85546875,5.626703262329102,0,1.0025968904361833,1.000270829300969,0.0023260611352142746
270.4414679151014,11369.84765625,5.625962734222412,0,1.0020673993445137,1.000326088735848,0.0017413106086656693
270.4619005805216,11391.6318359375,5.627064228057861,0,1.003987320960553,1.000381348998421,0.003605971962131971
270.48233324593457,11375.9736328125,5.627186298370361,0,1.0026073046790462,1.000436607670233,0.002170697008813338
270.5027658108884,11389.82421875,5.627720355987549,0,1.0038280088651887,1.0004918620600274,0.0033361468051613663
270.5231985758437,11384.029296875,5.626781940460205,0,1.003317280624297,1.0005471105608295,0.0027701700634674697
270.54363124055817,11389.056640625,5.626646518707275,0,1.003760359320642,1.0006023499415881,0.00315800937905375
270.5640638050463,11390.08984375,5.6279096603393555,0,1.0038514193945993,1.0006575777837106,0.003193841610888759
270.58449656930316,11378.1220703125,5.626105308532715,0,1.002796654549279,1.0007127924796826,0.0020838620695964316
270.60492923355196,11387.6650390625,5.627784729003906,0,1.0036377122456046,1.0007679908016351,0.002869721443969464
270.6253617973416,11392.76171875,5.626209259033203,0,1.0040869017786709,1.0008231703316222,0.0032637314470487233
270.6457945611328,11386.2744140625,5.627138614654541,0,1.0035151512386902,1.0008783294647408,0.002636821773949416
270.6662271244568,11395.6728515625,5.628145217895508,0,1.0043434708528365,1.0009334647046697,0.0034100061481667776
270.68665978777426,11398.4990234375,5.627886772155762,0,1.0045925520003156,1.0009885744481195,0.0036039775521961026
270.7070924508662,11399.775390625,5.627761363983154,0,1.0047050430368587,1.0010436560114973,0.003661387025361451
270.727525113718,11390.548828125,5.626389980316162,0,1.003891871412331,1.0010987069828956,0.0027931644294354463
270.74795777634426,11397.822265625,5.6289849281311035,0,1.0045329067911923,1.0011537249518252,0.0033791818393671402
270.7683904387377,11397.9453125,5.626898765563965,0,1.0045437513746693,1.0012087075091827,0.0033350438654866643
270.7888232008918,11393.11328125,5.62760591506958,0,1.0041178863028908,1.0012636525162284,0.0028542337866623857
270.8092557630516,11410.224609375,5.628993034362793,0,1.0056259719511733,1.0013185567613139,0.004307415189859443
270.82968842474656,11394.7412109375,5.627481937408447,0,1.0042613618636538,1.0013734186454892,0.002887943218164546
270.85012098643347,11410.8486328125,5.627652168273926,0,1.0056809694816637,1.001428235230757,0.004252734250906665
270.8705537476635,11399.1416015625,5.627567291259766,0,1.00464918482514,1.0014830049201355,0.0031661799050044515
270.8909864088928,11416.93359375,5.629674911499023,0,1.0062172599550372,1.0015377245121486,0.004679535442888572
270.9114189698885,11398.0947265625,5.625849723815918,0,1.0045569197974629,1.001592391610904,0.0029645281865589013
270.9318517306456,11398.232421875,5.627723217010498,0,1.0045690554027822,1.0016470046249093,0.0029220507778728866
270.9522843914092,11415.37890625,5.628256797790527,0,1.0060802395034867,1.001701560361229,0.0043786791422577576
270.9727170516999,11396.9169921875,5.627664566040039,0,1.004453121641326,1.001756056697157,0.002697064944168881
270.99314961176424,11407.6416015625,5.627413749694824,0,1.0053983217662796,1.0018104909808576,0.0035878307854220193
271.0135823718301,11414.5166015625,5.6280694007873535,0,1.006004241351025,1.0018648616281636,0.0041393797228614915
271.03401503165514,11408.4267578125,5.626614093780518,0,1.0054675205370376,1.0019191654589408,0.00354835507809681
271.05444759125385,11403.76171875,5.627743721008301,0,1.0050563731142637,1.0019734000964107,0.0030829730178529857
271.07488035062124,11410.0556640625,5.627830982208252,0,1.0056110821659232,1.0020275639615466,0.0035835182043766345
271.09531300974777,11428.0302734375,5.629425525665283,0,1.0071952520347902,1.0020816538868724,0.005113598147917786
271.115745568648,11412.6787109375,5.627859592437744,0,1.0058422611438531,1.0021356675050812,0.0037065936387719045
271.1361783273169,11417.91015625,5.6284003257751465,0,1.0063033280778704,1.0021896032435273,0.004113724834343024
271.1566109857449,11413.8427734375,5.627551078796387,0,1.0059448543462701,1.0022434579480217,0.003701396398248402
271.17704354417947,11421.51953125,5.628519535064697,0,1.0066214358598617,1.0022972292622738,0.004324206597587921
271.19747620238195,11419.357421875,5.629057884216309,0,1.006430881035909,1.0023509153574885,0.004079965678420505
271.2179089603451,11416.56640625,5.629169940948486,0,1.006184898340852,1.0024045138816133,0.0037803844592385616
271.23834151808114,11428.9736328125,5.630589485168457,0,1.0072783938414471,1.002458021701471,0.0048203721399762145
271.25877417558513,11430.0146484375,5.629331111907959,0,1.0073701424603874,1.0025114372603758,0.004858705200011526
271.2792069328498,11416.59765625,5.629186153411865,0,1.0061876525207825,1.0025647582180182,0.0036228943027643012
271.2996395898881,11426.044921875,5.629508972167969,0,1.0070202755410704,1.0026179817177447,0.004402293823325687
271.32007214669284,11413.115234375,5.629359245300293,0,1.0058807335947595,1.0026711054304758,0.0032096281642837177
271.34050480349106,11428.56640625,5.629402160644531,0,1.0072425034342256,1.0027241275506533,0.00451837588357229
271.3609375600645,11426.6064453125,5.629737377166748,0,1.0070697647116995,1.0027770457545102,0.004292718957189301
271.38137011640356,11419.7109375,5.630400657653809,0,1.0064620376963747,1.0028298569487102,0.0036321807476644707
271.40180277227773,11414.6533203125,5.628942966461182,0,1.0060162908882218,1.002882559596383,0.003133731291838693
271.4222355283782,11425.5498046875,5.63014030456543,0,1.006976639002794,1.0029351513899973,0.004041487612796768
271.4426680840188,11439.654296875,5.631211757659912,0,1.0082197209008734,1.0029876292536104,0.005232091647263015
271.46310073942004,11422.484375,5.630695819854736,0,1.0067064711652207,1.0030399916612667,0.0036664795039540454
271.48353339482856,11433.73828125,5.630914688110352,0,1.00769832021275,1.003092236063683,0.004606084149067158
271.5039660497714,11455.0048828125,5.632760524749756,0,1.0095726257236877,1.0031443601720178,0.006428265551669865
271.5652640138942,11436.1279296875,5.629744529724121,0,1.0079089289093228,1.0032999879411495,0.004608940968173325
271.5856966681313,11429.849609375,5.630347728729248,0,1.0073555969476284,1.0033516081066343,0.004003988840994177
271.6061293221428,11445.421875,5.63124942779541,0,1.0087280392343259,1.0034030966214962,0.005324942612829675
271.6265619759215,11437.5751953125,5.631093502044678,0,1.0080364818673615,1.0034544512311834,0.004582030636178125
271.6469946297002,11433.087890625,5.630903720855713,0,1.0076409988429431,1.0035056696876095,0.004135329155333656
271.6674272832388,11450.9951171875,5.633318901062012,0,1.0092192300113347,1.0035567497474625,0.005662480263872283
271.68785983631824,11439.1259765625,5.631064414978027,0,1.0081731580464206,1.003607688924593,0.004565469121827537
271.70829258939193,11450.74609375,5.63147497177124,0,1.0091972826400122,1.003658485736511,0.005538796903501231
271.72872514223855,11436.0224609375,5.631340503692627,0,1.007899633552057,1.003709136964025,0.0041904965880319445
271.7491577950859,11454.4482421875,5.632693290710449,0,1.0095235668936728,1.0037596411345713,0.0057639257591015625
271.7695905474684,11443.19140625,5.633511543273926,0,1.008531459641775,1.0038099960333893,0.0047214636083856565
271.79002319961,11441.1904296875,5.631553649902344,0,1.00835510605809,1.003860198963257,0.004494907094833023
271.8104557517581,11456.802734375,5.6340837478637695,0,1.0097310771378236,1.0039102477287836,0.005820829409040051
271.8308884036742,11443.21484375,5.631696701049805,0,1.008533525276723,1.0039601406277834,0.004573384648939527
271.8513211553509,11444.603515625,5.631531238555908,0,1.0086559141473916,1.0040098754732665,0.004646038674125164
271.8717537068005,11442.283203125,5.631779670715332,0,1.0084514162875402,1.00405944935848,0.004391966929060187
271.8921863580181,11450.9775390625,5.632254123687744,0,1.0092176807851236,1.0041088608417557,0.0051088199433679815
271.9126191089963,11440.9501953125,5.631537914276123,0,1.0083339332998729,1.0041581077570882,0.004175825542784617
271.93305165998026,11451.205078125,5.632117748260498,0,1.009237734657744,1.0042071872268599,0.005030547430884047
271.95348431049933,11446.7333984375,5.6329193115234375,0,1.008843628723291,1.0042560978227215,0.004587530900569403
271.9739170610119,11451.4716796875,5.631956100463867,0,1.0092612312552773,1.004304837401621,0.004956393853656316
271.99434961129737,11461.595703125,5.633561134338379,0,1.0101534994846886,1.0043534031145345,0.005800096370154106
272.0147822613508,11457.58203125,5.632282257080078,0,1.0097997594998445,1.0044017935492322,0.00539796595061226
272.0352149111641,11460.5244140625,5.633474349975586,0,1.0100590827539406,1.004450006348707,0.005609076405233671
272.0556475607518,11459.8076171875,5.632877349853516,0,1.0099959087517811,1.0044980394018963,0.005497869349884832
272.07608021033957,11448.6865234375,5.632875919342041,0,1.009015764968957,1.0045458906061022,0.004469874362854842
272.0965128594544,11442.755859375,5.632542133331299,0,1.0084930732589914,1.004593557864954,0.003899515394037323
272.1169456085772,11450.634765625,5.632910251617432,0,1.0091874708740094,1.0046410393242866,0.004546431549722785
272.1373781574657,11452.2919921875,5.6339240074157715,0,1.0093335284784573,1.0046883322087088,0.004645196269748464
272.15781080611487,11458.9296875,5.632989406585693,0,1.0099185335093541,1.004735435143146,0.0051830983662082275
272.1782433545377,11455.5478515625,5.632054328918457,0,1.0096204795999828,1.0047823456040963,0.004838133995886507
272.1986761027292,11455.6806640625,5.632272720336914,0,1.0096321848646883,1.0048290622248082,0.004803122639880142
272.2191087509127,11454.083984375,5.633398532867432,0,1.009491463483856,1.0048755822728777,0.004615881210978445
272.2395412988699,11467.0224609375,5.633552551269531,0,1.0106317800432725,1.0049219037137274,0.005709876329545116
272.2599740463629,11455.154296875,5.633613109588623,0,1.0095857941464812,1.0049680251971798,0.004617768949301437
272.2804066938479,11451.5498046875,5.631258487701416,0,1.009268116705104,1.0050139440261063,0.004254172678997747
272.30083934110735,11455.416015625,5.633903503417969,0,1.0096088604034004,1.0050596584155818,0.004549201987818607
272.3212718881332,11468.5849609375,5.633707523345947,0,1.0107694890398056,1.0051051661416777,0.005664322898127905
272.3417046351533,11464.42578125,5.634507179260254,0,1.010402924904659,1.0051504658788815,0.005252459025777645
272.36213728171424,11457.73828125,5.63331937789917,0,1.0098135303994977,1.0051955549760179,0.004617975423479859
272.3825698282744,11459.2138671875,5.633681297302246,0,1.0099435793330986,1.0052404314628856,0.004703147870213087
272.40300257459603,11466.3505859375,5.6344380378723145,0,1.0105725651747632,1.0052850940312708,0.005287471143492484
272.4234352206913,11462.6982421875,5.633558750152588,0,1.0102506703953673,1.005329540068242,0.004921130327125267
272.443867766553,11460.8798828125,5.634192943572998,0,1.010090411550652,1.005373767630815,0.004716643919836949
272.4643005121761,11455.94140625,5.631975173950195,0,1.0096551650534846,1.0054177754301354,0.004237389623349186
272.48473315780575,11453.2431640625,5.634889602661133,0,1.0094173588300968,1.0054615608920106,0.003955797938086203
272.50516570296895,11453.1572265625,5.633035659790039,0,1.0094097848352874,1.0055051221014686,0.003904662733818842
272.52559834812564,11462.130859375,5.63449764251709,0,1.0102006648160011,1.0055484575784652,0.004652207237535899
272.54603109305754,11464.0478515625,5.633548736572266,0,1.0103696165411227,1.005591565421673,0.004778051119449733
272.5664636377551,11457.013671875,5.633588790893555,0,1.0097496678523554,1.0056344431122775,0.004115224740077972
272.5868962822133,11448.92578125,5.631641387939453,0,1.0090368516590513,1.0056770894040161,0.0033597622550352035
272.6073290264467,11450.599609375,5.632898807525635,0,1.0091843724215872,1.0057195024261532,0.00346486999543405
272.6277616706793,11450.66015625,5.6327924728393555,0,1.009189708645203,1.005761679906866,0.00342802873833703
272.64819421443826,11452.037109375,5.6324992179870605,0,1.0093110646983978,1.0058036200018239,0.003507444696573936
272.66862685820524,11459.0859375,5.634786128997803,0,1.0099323044090074,1.0058453212861072,0.004086983122900234
272.6890596017329,11464.671875,5.633419990539551,0,1.010424614071613,1.0058867819297121,0.004537832141900955
272.70949214503344,11451.84375,5.633726596832275,0,1.0092940232100767,1.0059279995102761,0.0033660236998005466
272.7299247881019,11461.763671875,5.632920265197754,0,1.0101683032018158,1.005968972829949,0.004199330371866816
272.7503574311704,11457.2431640625,5.634632110595703,0,1.0097698938612212,1.0060096998927759,0.003760193968445291
272.7707900739988,11464.041015625,5.632914066314697,0,1.010369014064263,1.0060501789149598,0.004318835149303091
272.79122261636803,11455.650390625,5.634063720703125,0,1.0096295167528804,1.0060904079273465,0.0035391088255338765
272.8116553587388,11460.8056640625,5.6331868171691895,0,1.0100838703733166,1.0061303857581472,0.0039534846151694225
272.8320880008687,11448.568359375,5.633141994476318,0,1.0090053507260943,1.0061701100675675,0.0028352406585268053
272.85252064300585,11461.05859375,5.632335662841797,0,1.0101061620171303,1.006209579312953,0.003896582704177254
272.8729531846766,11456.6611328125,5.633162498474121,0,1.0097185972600127,1.006248791573872,0.0034698056861406368
272.8933859263416,11459.51953125,5.633539199829102,0,1.0099705186555454,1.0062877457080555,0.003682772947489976
272.9138185675474,11459.2392578125,5.633439540863037,0,1.0099458171042923,1.0063264394351268,0.0036193776691655355
272.9342511087525,11457.998046875,5.633215427398682,0,1.0098364245201712,1.0063648710655084,0.003471553454662768
272.954683849719,11457.3984375,5.6320271492004395,0,1.0097835786927518,1.0064030394782781,0.0033805392144736768
272.975116490692,11460.3896484375,5.634119987487793,0,1.0100472053529896,1.006440942440281,0.003606262912708713
272.9955490311986,11452.7880859375,5.632757663726807,0,1.0093772510848564,1.0064785782948935,0.0028986727899629194
273.0159816716987,11458.0478515625,5.635094165802002,0,1.0098408139944357,1.0065159457633954,0.003324868231040279
273.03641441174113,11466.576171875,5.6334614753723145,0,1.0105924469111378,1.0065530432048013,0.004039403706336486
273.05684695178206,11457.857421875,5.634720802307129,0,1.0098240307104833,1.0065898684528811,0.0032341622576022022
273.07727959158365,11452.8720703125,5.632800102233887,0,1.00938465294342,1.0066264204374158,0.0027582325060042656
273.09771233116044,11459.0791015625,5.633103370666504,0,1.0099317019321477,1.0066626975539072,0.0032690043782404032
273.1181448707357,11470.44921875,5.634892463684082,0,1.010933793086294,1.0066986976836882,0.004235095402605804
273.1385775098388,11468.05078125,5.634344577789307,0,1.0107224097766159,1.0067344197801944,0.0039879899964214705
273.15901014894916,11467.708984375,5.6338982582092285,0,1.0106922859336243,1.0067698621032366,0.003922423830387656
273.17944288782746,11463.3212890625,5.6323418617248535,0,1.010305581857735,1.0068050232718786,0.003500558585856295
273.19987542646413,11467.2392578125,5.63431453704834,0,1.0106508871665414,1.0068399012323397,0.003810985934201705
273.220308064876,11457.01953125,5.631549835205078,0,1.0097501842610925,1.00687449497162,0.0028756892894725716
273.24074080328865,11461.5673828125,5.63360595703125,0,1.0101510035091266,1.0069088029711588,0.0032422005379677543
273.2611733412268,11458.7978515625,5.6327433586120605,0,1.0099069143127717,1.0069428232263118,0.002964091086459897
273.28160597917304,11462.6318359375,5.633182525634766,0,1.0102448177630146,1.0069765547498508,0.0032682630131637413
273.3020387168872,11458.4658203125,5.631949424743652,0,1.0098776511510084,1.0070099960601249,0.002867655090883492
273.3224712543597,11452.69921875,5.6334967613220215,0,1.0093694188856785,1.00704314520398,0.0023262736816984653
273.3429038916074,11455.853515625,5.6315999031066895,0,1.0096474189224296,1.0070760012187978,0.0025714177036317842
273.36333652885514,11455.935546875,5.633395195007324,0,1.0096546486447477,1.0071085625033216,0.0025460861414261515
273.404201802412,11457.3876953125,5.63281774520874,0,1.0097826319434007,1.0071727951899343,0.002609836753466377
273.4246344389612,11463.193359375,5.632961273193359,0,1.0102943069336436,1.0072044637798565,0.0030898431537871307
273.44506707527034,11451.931640625,5.631916046142578,0,1.0093017693411317,1.0072358320141326,0.002065937326999112
273.46549971158674,11449.1220703125,5.632993698120117,0,1.0090541513517408,1.007266898519623,0.0017872528321178915
273.4859323474375,11451.6689453125,5.633210182189941,0,1.0092786170160897,1.0072976619353058,0.001980955080783886
273.50636488328746,11457.1328125,5.633615016937256,0,1.009760168163341,1.0073281207665274,0.0024320473968135747
273.52679761889885,11459.341796875,5.632645130157471,0,1.0099548542571897,1.007358274124197,0.0025965801329925764
273.54723025428393,11468.2998046875,5.633647918701172,0,1.0107443571479382,1.0073881202430517,0.0033562369048865115
273.56766278942814,11463.7236328125,5.6322126388549805,0,1.0103410419243422,1.0074176578207237,0.002923384103618476
273.5880955243483,11468.9736328125,5.634079933166504,0,1.0108037441526931,1.0074468859952905,0.003356858157402609
273.60852815926773,11465.3193359375,5.632038593292236,0,1.0104816772370515,1.0074758030558515,0.003005874181200019
273.62896079394704,11464.5888671875,5.633540630340576,0,1.0104172982811723,1.0075044078796833,0.00291289040148901
273.64939332840004,11463.1845703125,5.632622718811035,0,1.0102935323205382,1.0075326990766014,0.0027608332439368333
273.6698260626217,11458.369140625,5.6319475173950195,0,1.009869130406848,1.0075606758208904,0.00230845458595752
273.69025869660254,11463.9326171875,5.634032726287842,0,1.0103594605026283,1.0075883364744564,0.002771124028171812
273.7106912305899,11470.9443359375,5.6342597007751465,0,1.0109774296245704,1.0076156798311076,0.0033617497934628204
273.73112396411307,11462.34765625,5.633328914642334,0,1.0102197719392703,1.007642705092066,0.002577066847204268
273.7515565976282,11461.4521484375,5.632373809814453,0,1.0101408474706322,1.0076694106754602,0.002471436795171922
273.77198913091706,11458.5244140625,5.633753299713135,0,1.0098828152383783,1.0076957954163503,0.002187019822027958
273.7924218639746,11460.8701171875,5.632956504821777,0,1.0100895508694236,1.0077218585444567,0.002367692324966919
273.81285439702333,11456.541015625,5.633135795593262,0,1.0097080108809042,1.00774759840863,0.0019604124722742977
273.83328702961444,11454.396484375,5.6326904296875,0,1.0095190052831626,1.0077730142615349,0.0017459910216277574
273.85371966220555,11464.201171875,5.633199691772461,0,1.0103831292364074,1.0077981048640987,0.002585024372308675
273.8741522945638,11456.140625,5.632224082946777,0,1.0096727229505427,1.0078228691173965,0.0018498538331461756
273.894584926682,11471.0810546875,5.634048938751221,0,1.010989479161767,1.0078473059370758,0.003142173224691236
273.9150175585746,11462.3818359375,5.633275032043457,0,1.0102227843235694,1.0078714142531475,0.0023513700704218543
273.93545019045996,11455.3193359375,5.632139205932617,0,1.00960033965924,1.007895193010242,0.0017051466489979017
273.95588282211975,11461.89453125,5.632355213165283,0,1.0101798363302756,1.0079186411669077,0.0022611951633679794
273.9763154533139,11460.822265625,5.633183002471924,0,1.0100853335314048,1.0079417576961593,0.0021435758352454926
273.99674798474007,11466.4404296875,5.634058475494385,0,1.010580483442064,1.0079645414758944,0.0026159419661695438
274.01718071569485,11460.2998046875,5.632292747497559,0,1.0100392870856891,1.0079869918397693,0.0020522952459198773
274.0376133464233,11469.8232421875,5.633610725402832,0,1.010878623419558,1.0080091074729638,0.0028695159465941256
274.05804587714374,11454.64453125,5.632035255432129,0,1.0095408665863623,1.0080308874122605,0.0015099791741017832
274.07847860764014,11471.365234375,5.634711742401123,0,1.0110145249855116,1.0080523310210652,0.0029621939644464135
274.09891123790294,11471.3037109375,5.633066654205322,0,1.011009102693773,1.0080734370431153,0.002935665650657837
274.11934376793215,11457.7041015625,5.63334846496582,0,1.0098105180151986,1.008094204559213,0.001716313455985663
274.139776397722,11460.4345703125,5.633285045623779,0,1.0100511644866401,1.0081146328632933,0.0019365316233468377
274.1602091275199,11471.2626953125,5.634753704071045,0,1.011005487832614,1.0081347210561247,0.002870766776489342
274.1806416570762,11461.5341796875,5.632209777832031,0,1.01014807719295,1.0081544679654288,0.0019936092275212314
274.2010742864077,11464.59375,5.633269786834717,0,1.0104177286217864,1.0081738730190095,0.0022438556027768453
274.2215070155071,11450.5068359375,5.6317033767700195,0,1.0091761959499181,1.0081929353621533,0.0009832605877648781
274.24193964436563,11459.8779296875,5.63221549987793,0,1.010002105656625,1.008211653973594,0.0017904516830311579
274.2623721732307,11462.154296875,5.6330342292785645,0,1.010202730450949,1.0082300280389815,0.001972702411967564
274.2828049016316,11463.275390625,5.63394832611084,0,1.0103015366559616,1.008248057020598,0.0020534796353635087
274.3032375300245,11473.32421875,5.634592533111572,0,1.0111871776399148,1.0082657398621815,0.002921437777733349
274.32367005819106,11460.9892578125,5.6334614753723145,0,1.0101000511804092,1.0082830757943548,0.0018169753860544091
274.3441026863584,11463.1181640625,5.634464740753174,0,1.0102876796881854,1.0083000642279158,0.0019876154602695983
274.36453541405353,11466.1064453125,5.633859157562256,0,1.010551048144055,1.0083167044135006,0.0022343437305543112
274.38496794175444,11462.5361328125,5.633614540100098,0,1.010236383086977,1.0083329953811324,0.001903387705844528
274.4054005692233,11463.8466796875,5.633674144744873,0,1.0103518865078192,1.0083489366590463,0.002002949848772806
274.42583329645277,11465.1962890625,5.63529634475708,0,1.0104708326535745,1.008364527544086,0.0021063051094885044
274.4462658234552,11464.2353515625,5.633193492889404,0,1.0103861416207067,1.0083797671272625,0.0020063744934442074
274.46669845045835,11463.9375,5.634744644165039,0,1.0103598908432425,1.0083946549677856,0.001965235875456939
274.4871310772287,11463.1650390625,5.634387016296387,0,1.0102918109580814,1.0084091903381518,0.0018826206199296092
274.5075638037597,11472.0234375,5.635373115539551,0,1.0110725349003011,1.0084233726704515,0.0026491622298496775
274.5279963300636,11470.33203125,5.635368824005127,0,1.010923464911554,1.0084372011380713,0.0024862637734826
274.5484289561282,11457.857421875,5.632418155670166,0,1.0098240307104833,1.0084506753411384,0.0013733553693449085
274.5688616822008,11466.462890625,5.633411884307861,0,1.010582463008889,1.0084637946846193,0.002118668324269768
274.58929420780623,11463.2919921875,5.633343696594238,0,1.0103029998140498,1.0084765584037516,0.0018264414102981963
274.6097268334124,11465.625,5.633583068847656,0,1.0105086165594983,1.0084889661299652,0.0020196504295331152
274.63015955877927,11453.6220703125,5.63239860534668,0,1.0094507532617558,1.008501017314591,0.0009497359471648537
274.65059208415187,11448.328125,5.633208751678467,0,1.0089841779678774,1.008512711255777,0.00047146671210041013
274.6710247090523,11463.68359375,5.633646488189697,0,1.010337513131306,1.008524047615535,0.0018134655157708846
274.69145733396,11471.634765625,5.635308742523193,0,1.0110382797874136,1.008535025839651,0.002503253947762518
274.71188995863486,11462.6181640625,5.6333417892456055,0,1.0102436128092949,1.0085456454472976,0.0016979673619972324
274.7323225830769,11455.4951171875,5.633679389953613,0,1.00961583192135,1.0085559059734857,0.0010599259478643042
274.7527552072788,11448.1435546875,5.634128570556641,0,1.008967911092662,1.0085658069689454,0.00040210412371655124
274.77318783148803,11470.08984375,5.63519287109375,0,1.0109021200170913,1.0085753480002675,0.0023267720168238526
274.79362045545713,11460.3681640625,5.634362697601318,0,1.0100453118542874,1.008584528649569,0.00146078320471843
274.8140530792007,11454.9638671875,5.634920597076416,0,1.0095690108625286,1.0085933485148744,0.000975662347654227
274.83448560271063,11466.474609375,5.634922504425049,0,1.010583495826363,1.0086018071694836,0.0019816886568795322
274.8549183259893,11455.173828125,5.634577751159668,0,1.0095875155089378,1.0086099043645687,0.0009776111443691171
274.8753508492591,11457.216796875,5.635073184967041,0,1.0097675700219049,1.0086176395871618,0.001149930434743096
274.8957834723042,11469.9794921875,5.635489463806152,0,1.0108923943192112,1.0086250126147127,0.0022673817044984723
274.9162161951099,11444.005859375,5.6348042488098145,0,1.008603240456218,1.0086320231190646,-2.8782662846671414e-05
274.9366487176885,11464.3759765625,5.635562896728516,0,1.0103985354303946,1.0086386706929988,0.0017598647373957554
274.9570813402679,11458.927734375,5.6379594802856445,0,1.0099183613731084,1.0086449551457837,0.001273406227324747
274.97751396238164,11450.634765625,5.634706974029541,0,1.0091874708740094,1.0086508761686879,0.0005365947053215248
274.9979465844881,11451.955078125,5.63571310043335,0,1.0093038349760797,1.0086564335025927,0.0006474014734869638
275.018379206369,11451.4404296875,5.634400844573975,0,1.0092584770753465,1.0086616269041058,0.0005968501712407814
275.03881182801706,11459.7626953125,5.635634422302246,0,1.0099919496181309,1.0086664561458338,0.0013254934722970457
275.0592445496586,11460.4033203125,5.634415149688721,0,1.0100484103067093,1.008670921037338,0.0013774892693714236
275.0796770710731,11460.6484375,5.635900020599365,0,1.0100700134055405,1.0086750213201938,0.001394992085346658
275.1001096922555,11453.8359375,5.635654449462891,0,1.0094696021806564,1.0086787568777513,0.0007908453029050744
275.12054241319856,11460.7421875,5.6364006996154785,0,1.0100782759453324,1.0086821275410964,0.001396148404235964
275.14097493391455,11466.9599609375,5.637042045593262,0,1.0106262716834111,1.008685133115843,0.001941138567568057
275.1614075546313,11460.15234375,5.635989189147949,0,1.0100262907991413,1.0086877735172348,0.0013385172819064817
275.1818400751072,11455.30078125,5.635802268981934,0,1.0095987043649062,1.0086900486037875,0.0009086557611186485
275.202272795359,11462.994140625,5.6358466148376465,0,1.0102767490365858,1.0086919583066174,0.0015847907299684216
275.2227054153773,11464.0400390625,5.636870384216309,0,1.01036892799614,1.0086935025113943,0.0016754254847457517
275.2431380351554,11460.4326171875,5.635680198669434,0,1.0100509923503944,1.0086946811607551,0.0013563111896393032
275.26357065494085,11466.365234375,5.637545585632324,0,1.0105738561966058,1.0086954942031106,0.0018783619934952256
275.28400327449344,11452.5,5.635070323944092,0,1.0093518609886207,1.0086959416028565,0.0006559193857642587
275.30443589380593,11467.51953125,5.636911392211914,0,1.0106755887177945,1.0086960233404152,0.001979565377379311
275.3248684128921,11457.1923828125,5.6358137130737305,0,1.009765418318834,1.0086957394145044,0.0010696789043296295
275.3453011319798,11467.7119140625,5.637226104736328,0,1.0106925441379926,1.0086950898307063,0.0019974543072862616
275.3657337508266,11475.0859375,5.636251449584961,0,1.0113424445335057,1.0086940746243316,0.002648369909174164
275.38616626944713,11457.2333984375,5.635952949523926,0,1.009769033179993,1.0086926938452125,0.0010763393347803518
275.40659898783633,11467.576171875,5.636481761932373,0,1.010680580668919,1.0086909475308656,0.001989633138053337
275.42703160598467,11448.140625,5.636419296264648,0,1.0089676528882934,1.0086888357807269,0.000278817107566498
275.4474641241395,11466.9697265625,5.6355977058410645,0,1.0106271323646394,1.0086863586926091,0.0019407736720302715
275.4678967420623,11465.75,5.637778282165527,0,1.0105196332792208,1.0086835163507653,0.0018361169284555334
275.4883294597457,11461.8984375,5.63678503036499,0,1.0101801806027668,1.008680308874305,0.0014998717284617769
275.5087619772021,11469.0341796875,5.63721227645874,0,1.0108090803763088,1.0086767364534568,0.002132343922851998
275.5291945946592,11465.3466796875,5.637094020843506,0,1.0104840871444907,1.0086727991948408,0.001811287949649909
275.54962731164414,11479.5673828125,5.63801383972168,0,1.0117374111491872,1.0086684972656061,0.0030689138835811036
275.5700599286356,11465.8916015625,5.6368889808654785,0,1.0105321131570317,1.0086638308961415,0.0018682822608901972
275.5904924456263,11468.404296875,5.636777877807617,0,1.0107535664370815,1.0086588002961245,0.0020947661409569385
275.6109251621456,11451.8369140625,5.6366801261901855,0,1.009293420733217,1.008653405609425,0.0006400151237919705
275.6313577786714,11471.2353515625,5.637649059295654,0,1.0110030779251746,1.0086476471486803,0.0023554307764943605
275.6517902949636,11468.470703125,5.63767671585083,0,1.010759419069434,1.0086415251714496,0.0021178938979844464
275.67222291101643,11467.646484375,5.637607574462891,0,1.010686777573763,1.0086350398858865,0.002051737687876365
275.6926556268445,11463.24609375,5.638933181762695,0,1.0102989546122767,1.0086281915706388,0.0016707630416379349
275.71308814267104,11466.255859375,5.6378865242004395,0,1.0105642165668485,1.008620980628716,0.0019432359381323927
275.73352075825824,11457.1044921875,5.637709617614746,0,1.009757672187779,1.0086134072727433,0.0011442649150357198
275.75395347362064,11461.9892578125,5.637866973876953,0,1.0101881849381904,1.008605471829024,0.001582713109166356
275.7743859887487,11458.583984375,5.638067722320557,0,1.009888065393871,1.0085971747642093,0.0012908906296618117
275.7948186036374,11468.4326171875,5.637828826904297,0,1.0107560624126435,1.0085885163224515,0.002167546090191985
275.8152512185334,11465.3134765625,5.638432025909424,0,1.0104811608283144,1.0085794969225028,0.0019016639058115903
275.8356839331973,11455.2587890625,5.637711048126221,0,1.0095950034356242,1.0085701169126184,0.001024886523005808
275.85611644761957,11467.4150390625,5.638585567474365,0,1.0106663794286515,1.008560376843902,0.0021060025847494668
275.8765490620499,11460.9921875,5.638675689697266,0,1.0101003093847778,1.0085502770023653,0.0015500323824124695
275.8969816762474,11467.03515625,5.638228416442871,0,1.0106328989288693,1.0085398178771645,0.0020930810517048037
275.91741428997193,11468.4990234375,5.639497756958008,0,1.0107619150449962,1.0085289999264144,0.002232915118581813
275.9378468039358,11443.94140625,5.636616230010986,0,1.008597559960111,1.0085178236790047,7.973628110624631e-05
275.9582795174356,11476.8095703125,5.640339374542236,0,1.0114943547703064,1.0085062894579797,0.0029880653123266487
275.9787121309273,11454.37890625,5.637212753295898,0,1.0095174560569515,1.0084943979348644,0.0010230581220871393
275.9991446439599,11466.8935546875,5.639516353607178,0,1.0106204190510586,1.0084821496358711,0.002138269415187466
276.01957725722605,11459.17578125,5.6378068923950195,0,1.0099402226763081,1.008469544977017,0.0014706776992912118
276.04000997002004,11454.369140625,5.637968063354492,0,1.0095165953757232,1.0084565845054367,0.0010600108702865096
276.0604425825877,11461.232421875,5.638076305389404,0,1.0101214821429947,1.0084432689153529,0.0016782132276418338
276.0808750951546,11455.458984375,5.639431953430176,0,1.0096126474008051,1.0084295987948848,0.0011830486059203338
276.10130780748295,11461.0283203125,5.638249397277832,0,1.0101034939053226,1.0084155745394627,0.0016879193658598801
276.12174041958497,11458.54296875,5.6404948234558105,0,1.0098844505327123,1.0084011969664797,0.0014832535662325785
276.1421729316862,11457.8515625,5.639538288116455,0,1.0098235143017462,1.0083864667105173,0.0014370475912288683
276.1626055435481,11455.1552734375,5.640690326690674,0,1.009585880214604,1.0083713842725641,0.0012144959420399282
276.18303825518524,11457.55078125,5.637951850891113,0,1.0097970053199137,1.0083559503078712,0.0014410550120425025
276.203470766588,11461.2119140625,5.6398024559021,0,1.0101196747124153,1.008340165721445,0.0017795089909702355
276.22390337798424,11451.3935546875,5.638235092163086,0,1.0092543458054506,1.0083240309750954,0.0009303148303552167
276.24433608892286,11454.9619140625,5.638700008392334,0,1.0095688387262831,1.0083075467705478,0.001261291955735322
276.26476859985996,11460.15625,5.639634609222412,0,1.0100266350716325,1.0082907140738249,0.0017359209978076162
276.2852012105577,11461.41015625,5.638587951660156,0,1.0101371465413502,1.0082735333775974,0.0018636131637528308
276.30563382126275,11455.74609375,5.638669490814209,0,1.009637951428918,1.0082560055154848,0.0013819459134332135
276.32606643173494,11450.48828125,5.638138771057129,0,1.0091745606555844,1.0082381312551911,0.0009364294003932905
276.3464990417342,11452.349609375,5.63865327835083,0,1.0093386064977043,1.0082199113796049,0.0011186951180994775
276.3873642617473,11464.4619140625,5.639674663543701,0,1.010406109425204,1.008182437987586,0.0022236714376178135
276.4077968715137,11456.8662109375,5.639728546142578,0,1.0097366715658076,1.0081631861122355,0.0015734854535720544
276.4282294810546,11461.828125,5.640929698944092,0,1.0101739836979229,1.0081435919030322,0.002030391794890729
276.4486621903634,11457.5166015625,5.639512062072754,0,1.0097939929356146,1.0081236561195632,0.001670336816051332
276.46909469943057,11456.4560546875,5.640386581420898,0,1.0097005229542177,1.0081033799299803,0.001597143024237413
276.4895273085058,11452.0458984375,5.638803482055664,0,1.0093118393115033,1.0080827639266727,0.0012290753848305247
276.5099598173474,11457.2763671875,5.64007568359375,0,1.0097728201773977,1.0080618092143885,0.0017110109630091852
276.53039252595045,11445.4404296875,5.640040874481201,0,1.0087296745286598,1.0080405164005428,0.0006891581281169845
276.55082513432717,11446.802734375,5.639490127563477,0,1.008849739560012,1.0080188867276287,0.0008308528323832665
276.5712577427039,11404.80078125,5.635156154632568,0,1.005147949596958,1.0079969210391269,-0.0028489714421688905
276.5916903508405,11298.369140625,5.6268310546875,0,0.9957677291618638,1.0079746202971132,-0.01220689113524931
276.61212295875157,11276.94140625,5.624520301818848,0,0.9938792224106588,1.0079519854780656,-0.01407276306740679
276.6325555664298,11296.98828125,5.62629508972168,0,0.9956460288361778,1.0079290175731144,-0.012282988736936562
276.6529880741,11423.697265625,5.636880397796631,0,1.0068133677737796,1.0079057177025523,-0.0010923499287727179
276.67342078154616,11452.6240234375,5.639329433441162,0,1.0093627916402204,1.0078820865423348,0.0014807050978855596
276.6938533887587,11451.47265625,5.639612674713135,0,1.0092613173234002,1.0078581254717498,0.0014031918516503872
276.71428589597053,11455.158203125,5.639384746551514,0,1.0095861384189724,1.0078338355445504,0.0017523028744219626
276.7347186027109,11450.08984375,5.639308452606201,0,1.0091394448614683,1.0078092174658497,0.0013302273956186106
276.75515120945784,11455.9580078125,5.638614177703857,0,1.0096566282115729,1.0077842726720756,0.0018723555394972724
276.7755837159639,11448.478515625,5.638857364654541,0,1.0089974324587938,1.0077590022605838,0.0012384301982100165
276.79601632247795,11450.357421875,5.638589382171631,0,1.0091630275271246,1.0077334070902335,0.0014296204368910992
276.81644902852713,11457.818359375,5.6398210525512695,0,1.00982058798557,1.0077074882776051,0.002113099707964805
276.8368815345748,11451.0888671875,5.637766361236572,0,1.0092274925511266,1.0076812473399415,0.001546245211185182
276.8573141406159,11453.830078125,5.640791416168213,0,1.0094690857719193,1.0076546850433479,0.0018144007285714192
276.87774684619944,11453.0908203125,5.638577938079834,0,1.0094039322029347,1.007627802546797,0.0017761296561376039
276.8981794517749,11444.2607421875,5.639166831970215,0,1.0086257042362774,1.007600601289943,0.0010251029463343997
276.9186119571241,11459.1787109375,5.638637542724609,0,1.0099404808806767,1.007573082468816,0.0023673984118606217
276.93904466224194,11443.4208984375,5.638343811035156,0,1.008551685650641,1.0075452468820347,0.001006438768606177
276.9594772671189,11438.416015625,5.638158798217773,0,1.0081105865211208,1.0075170961548243,0.000593490366296523
276.97990977200243,11447.669921875,5.638561725616455,0,1.0089261680530879,1.0074886315241052,0.001437536528982708
277.00034237665386,11445.0615234375,5.637838840484619,0,1.0086962800970005,1.0074598539579747,0.001236426139025859
277.0207749810652,11451.015625,5.639429092407227,0,1.0092210374419142,1.0074307648550813,0.0017902725868328417
277.0412075854838,11455.9931640625,5.638550758361816,0,1.0096597266639948,1.007401365488802,0.0022583611751927357
277.06164018966956,11450.37890625,5.639041423797607,0,1.009164921025827,1.007371657146797,0.0017932638790301159
277.0820727936225,11443.2626953125,5.638171672821045,0,1.0085377426147417,1.0073416411299152,0.0011961014848265172
277.12293800105545,11445.1611328125,5.638492107391357,0,1.0087050590455295,1.007280691341881,0.0014243677036485103
277.14337050430913,11450.7001953125,5.63945198059082,0,1.009193237438239,1.0072497603920163,0.0019434770462227746
277.1638032077899,11450.525390625,5.638669967651367,0,1.009177831244252,1.0072185267998632,0.001959304444388854
277.1842358108115,11448.71484375,5.637960433959961,0,1.0090182609445193,1.0071869923904602,0.001831268554059129
277.20466831383237,11445.8037109375,5.639748573303223,0,1.0087616918703537,1.007155158548315,0.00160653332203875
277.2251010163818,11445.9609375,5.639395236968994,0,1.0087755488381298,1.0071230261984931,0.0016525226396366666
277.2455336191706,11445.287109375,5.640259742736816,0,1.0087161618333749,1.0070905972164461,0.001625564616928754
277.2659661214857,11441.3095703125,5.63895845413208,0,1.0083656063690756,1.007057873027625,0.0013077333414506231
277.2863987238088,11439.7412109375,5.639598846435547,0,1.0082273809638054,1.0070248547438474,0.0012025262199579778
277.3068314258999,11451.93359375,5.639782428741455,0,1.0093019414773774,1.0069915438069719,0.0023103976704055285
277.3272639277566,11433.0830078125,5.6396098136901855,0,1.007640568502329,1.006957942166813,0.0006826263355161899
277.34769652937393,11436.5849609375,5.638751029968262,0,1.0079492087908086,1.006924050803487,0.0010251579873217231
277.36812923099933,11436.4287109375,5.64017915725708,0,1.0079354378911554,1.0068898711963483,0.001045566694807043
277.3885617323831,11437.0166015625,5.638944625854492,0,1.007987250901101,1.006855405346378,0.001131845554722899
277.4089943337749,11436.720703125,5.639835357666016,0,1.0079611722598825,1.0068206542583782,0.001140518001504276
277.4294270347018,11428.2294921875,5.637983798980713,0,1.0072128099318483,1.0067856194506326,0.0004271904812156446
277.44985963562067,11424.8740234375,5.638124465942383,0,1.0069170798617935,1.0067503027993638,0.00016677706242962387
277.4702921363132,11436.9755859375,5.638401985168457,0,1.007983636039942,1.006714705855492,0.0012689301844499568
277.49072473700653,11431.6083984375,5.63912296295166,0,1.007510605636851,1.006678829828875,0.0008317758079761095
277.51115743722767,11431.4365234375,5.639082431793213,0,1.0074954576472324,1.0066426762871716,0.0008527813600607281
277.53158993745456,11443.9345703125,5.64016056060791,0,1.008596957483251,1.006606247345439,0.001990710137812046
277.5520225374494,11427.58203125,5.638241291046143,0,1.0071557467664098,1.0065695440663793,0.0005862027000305137
277.5724552374377,11440.9833984375,5.639536380767822,0,1.0083368596160494,1.0065325680527035,0.0018042915633458279
277.5928877371989,11431.046875,5.638875961303711,0,1.007461116466222,1.0064953214687624,0.0009657949974595237
277.61332033672807,11433.1357421875,5.639218330383301,0,1.007645216180962,1.0064578054006097,0.0011874107803522271
277.6337529360171,11439.3203125,5.639777660369873,0,1.0081902856028644,1.0064200216726127,0.0017702639302517031
277.65418553531345,11432.548828125,5.638037204742432,0,1.0075934892391394,1.0063819719387535,0.0012115173003859336
277.6746181341441,11425.826171875,5.639827728271484,0,1.0070009962815558,1.0063436578660034,0.0006573384155523776
277.6950507332076,11427.4755859375,5.639306545257568,0,1.007146365341021,1.0063050811307144,0.0008412842103067142
277.71548333179817,11427.396484375,5.6394829750061035,0,1.0071393938230715,1.0062662434233813,0.0008731503996901591
277.735915930396,11428.30859375,5.6399359703063965,0,1.0072197814497976,1.0062271464436852,0.0009926350061124634
277.75634852875373,11435.4501953125,5.64138126373291,0,1.0078491976320767,1.0061877919040416,0.0016614057280350814
277.77678122688667,11428.791015625,5.63907527923584,0,1.0072622991024773,1.0061481813331632,0.001114117769314138
277.79721372478525,11423.3271484375,5.641105651855469,0,1.0067807479552258,1.006108317048941,0.0006724309062846601
277.8176463226846,11428.8271484375,5.6389384269714355,0,1.0072654836230222,1.0060682002130188,0.001197283410003358
277.83807882034307,11425.38671875,5.639591693878174,0,1.0069622656262809,1.0060278329751255,0.0009344326511553369
277.85851151801035,11429.109375,5.6400909423828125,0,1.007290357310521,1.0059872165078168,0.0013031408027042168
277.8789441152039,11420.373046875,5.639359474182129,0,1.0065203918836556,1.005946353185045,0.0005740386986106127
277.8993767124048,11427.2265625,5.63948917388916,0,1.0071244179696985,1.0059052445969634,0.0012191733727351384
277.9198093096056,11412.6201171875,5.638908863067627,0,1.0058370970564832,1.0058638925436056,-2.6795487122477368e-05
277.9402419063408,11414.1513671875,5.638433933258057,0,1.0059720518730855,1.0058222988366032,0.00014975303648223637
277.96067450306873,11414.6357421875,5.639617919921875,0,1.0060147416620107,1.0057804652962927,0.00023427636571793364
277.98110699957033,11415.349609375,5.6392621994018555,0,1.0060776574598018,1.005738393961373,0.0003392634984287213
278.00153969583334,11430.408203125,5.641264915466309,0,1.007404827913889,1.005696086054612,0.001708741859276941
278.0219722921029,11418.3359375,5.639538764953613,0,1.0063408537794256,1.005653544047481,0.0006873097319446408
278.0424047881388,11423.185546875,5.639647006988525,0,1.006768268077415,1.0056107698066952,0.00115749827071987
278.06283748394344,11417.5478515625,5.639254570007324,0,1.0062713968042991,1.0055677645754906,0.0007036322288085373
278.08326997973927,11406.771484375,5.63818883895874,0,1.0053216350688354,1.0055245310783394,-0.00020289600950396114
278.1037025750775,11408.0576171875,5.637753486633301,0,1.0054349867866066,1.0054810705761699,-4.608378956327819e-05
278.1241351704157,11410.7060546875,5.638543128967285,0,1.0056684035357302,1.0054373851820524,0.000231018353677781
278.1445677657466,11407.6494140625,5.637885093688965,0,1.0053990103112624,1.0053934768088524,5.5335024100600094e-06
278.16500036061916,11425.701171875,5.639657020568848,0,1.0069899795618331,1.0053493473801607,0.00164063218167243
278.1854329554917,11408.443359375,5.638772010803223,0,1.0054689836951256,1.005304998827287,0.00016398486783852917
278.205865550357,11415.873046875,5.638606548309326,0,1.0061237899736404,1.0052604330921346,0.0008633568815057391
278.22629814476386,11403.3427734375,5.638589382171631,0,1.0050194498895682,1.0052156521270927,-0.00019620223752458976
278.24673073917074,11400.66015625,5.637824535369873,0,1.0047830207561455,1.0051706578919846,-0.00038763713583911397
278.2671634333383,11395.9208984375,5.638265132904053,0,1.0043653321560362,1.005125452135745,-0.0007601199797087066
278.28759592727874,11412.330078125,5.638466835021973,0,1.0058115348240018,1.0050800375030342,0.0007314973209675557
278.30802852121997,11407.9775390625,5.638988971710205,0,1.0054279292005344,1.0050344153166584,0.0003935138838759844
278.3284610149203,11399.0908203125,5.637750625610352,0,1.0046447092827526,1.004988588021358,-0.00034387873860541873
278.34889370839664,11394.1318359375,5.637693405151367,0,1.004207655355006,1.0049425569493924,-0.0007349015943864945
278.3693263018722,11398.4501953125,5.637371063232422,0,1.004588248594174,1.0048963247901683,-0.00030807619599437785
278.3897587951069,11410.0078125,5.639403343200684,0,1.0056068648279044,1.004849893571538,0.0007569712563664233
278.41019148811756,11398.009765625,5.637371063232422,0,1.0045494318707764,1.0048032646433813,-0.00025383277260493387
278.43062408089463,11395.4375,5.637697219848633,0,1.0043227284352338,1.0047564407306335,-0.0004337122953996797
278.4510566736644,11401.3056640625,5.637729167938232,0,1.0048399117853382,1.004709423655329,0.0001304881300092653
278.4714891662079,11394.2666015625,5.638217926025391,0,1.0042195327559569,1.0046622157082157,-0.0004426829522587994
278.4919218585201,11397.3994140625,5.637400150299072,0,1.0044956392940056,1.00461481826189,-0.00011917896788427029
278.5123544508242,11392.5263671875,5.637870788574219,0,1.004066159361068,1.0045672340857388,-0.0005010747246707581
278.532786942902,11404.119140625,5.6382293701171875,0,1.0050878740472204,1.0045194652665683,0.0005684087806521188
278.55321963474853,11406.951171875,5.639452934265137,0,1.0053374716034367,1.0044715131933442,0.0008659584100925155
278.573652226587,11392.052734375,5.637524127960205,0,1.004024416321494,1.004423380667922,-0.00039896434642794354
278.59408471819916,11387.119140625,5.638099670410156,0,1.003589600164941,1.0043750698010316,-0.0007854696360907187
278.61451730957924,11403.4638671875,5.639194965362549,0,1.0050301223367994,1.004326582235196,0.0007035401016033394
278.63495000072,11393.09765625,5.639090061187744,0,1.0041165092129256,1.0042779200909848,-0.0001614108780592094
278.6553824918665,11398.490234375,5.639081001281738,0,1.0045917773872102,1.0042290862143164,0.00036269117289378094
278.6758150827809,11399.85546875,5.6387481689453125,0,1.004712100622931,1.004180082028314,0.0005320185946169342
278.696247773456,11391.056640625,5.6377129554748535,0,1.0039366268362042,1.0041309096762618,-0.00019428284005762464
278.7166802641368,11387.0908203125,5.637304782867432,0,1.0035871041893787,1.0040815720338565,-0.0004944678444778194
278.7371128545856,11397.650390625,5.637988567352295,0,1.0045177588015737,1.004032070538841,0.0004856882627326531
278.757545544795,11391.26953125,5.637533664703369,0,1.003955389686982,1.0039824073563706,-2.701766938861816e-05
278.7779781350109,11407.15234375,5.639183044433594,0,1.0053552016367402,1.0039325851465613,0.0014226164901789407
278.79841062476044,11390.5,5.638653755187988,0,1.0038875680061894,1.003882606094455,4.961911734380209e-06
278.81884321473626,11386.6591796875,5.6387715339660645,0,1.0035490620790866,1.0038324718975793,-0.0002834098184927303
278.83927590425446,11383.06640625,5.637289524078369,0,1.0032324174551834,1.0037821847505786,-0.0005497672953951316
278.85970839377114,11384.712890625,5.638850688934326,0,1.0033775283102802,1.0037317475936878,-0.00035421928340761966
278.8801409830485,11388.390625,5.6385178565979,0,1.0037016608608698,1.0036811618965515,2.0498964318216295e-05
278.900573672101,11382.1630859375,5.638140678405762,0,1.0031528044415627,1.003630429871969,-0.0004776254304061922
278.92100616115204,11386.3427734375,5.638824462890625,0,1.0035211760072886,1.0035795544867034,-5.8378479414811224e-05
278.9414387499637,11380.994140625,5.6386494636535645,0,1.0030497808985315,1.0035285372231095,-0.0004787563245780557
278.9618713385498,11385.2734375,5.637547016143799,0,1.0034269314127864,1.0034773805636887,-5.0449150902354134e-05
278.98230392713594,11393.5,5.63905143737793,0,1.0041519692795329,1.0034260867478706,0.0007258825316622808
279.00273651548196,11388.623046875,5.638453960418701,0,1.003722145074104,1.0033746580222587,0.0003474870518453965
279.0231691036024,11383.890625,5.640941619873047,0,1.0033050589508545,1.0033230966387254,-1.8037687870897656e-05
279.04360169172287,11372.505859375,5.63720703125,0,1.0023016767748656,1.003271404854418,-0.0009697280795524232
279.0640342793704,11371.2138671875,5.637667179107666,0,1.0021878086483573,1.003219584933961,-0.0010317762856035806
279.084466867258,11376.1923828125,5.636733531951904,0,1.0026265839385609,1.003167639144582,-0.0005410552060212126
279.1048993546792,11388.041015625,5.639218807220459,0,1.0036708484728953,1.0031155700177592,0.0005552784551361434
279.12533204209467,11367.28125,5.636360168457031,0,1.0018412123177083,1.0030633790668786,-0.0012221667491703059
279.1457646292838,11362.8046875,5.637404441833496,0,1.001446676042641,1.003011069343176,-0.0015643933005349275
279.16619711623935,11403.0126953125,5.6394805908203125,0,1.0049903588640505,1.0029586431388864,0.0020317157251641405
279.18662980318913,11392.3720703125,5.639688968658447,0,1.0040525605976605,1.0029061019784256,0.0011464586192349024
279.20706228991185,11373.39453125,5.6373209953308105,0,1.0023799987666437,1.0028534491915244,-0.00047345042488067257
279.2274948764025,11375.1376953125,5.639132022857666,0,1.002533630365901,1.0028006863114562,-0.00026705594555531675
279.2479275628866,11372.5166015625,5.637119293212891,0,1.0023026235242167,1.002747815646368,-0.00044519212215132775
279.26836004914367,11373.4228515625,5.637701988220215,0,1.002382494742206,1.0026948402889082,-0.0003123455467022307
279.28879263516865,11367.330078125,5.636967658996582,0,1.00184551572385,1.002641761781687,-0.0007962460578370134
279.30922522118635,11370.5556640625,5.638509273529053,0,1.0021297987335678,1.0025885827072805,-0.0004587839737126842
279.32965790697926,11370.564453125,5.637390613555908,0,1.0021305733466732,1.00253530513382,-0.0004047317871467282
279.37052297808987,11364.556640625,5.637022972106934,0,1.0016010822550037,1.0024284653907218,-0.0008273831357181738
279.3909556634171,11374.5595703125,5.638737678527832,0,1.0024826780371838,1.0023749071149493,0.00010777092223457352
279.41138814851,11376.71875,5.638190269470215,0,1.002672974656768,1.0023212604820022,0.0003517141747657604
279.43182073336357,11375.5625,5.637734889984131,0,1.0025710699993333,1.002267527053908,0.0003035429454252281
279.45225321822363,11363.9296875,5.637409210205078,0,1.001545826520145,1.0022137097087753,-0.0006678831886304248
279.4726859030852,11362.0478515625,5.637102127075195,0,1.0013799732474453,1.002159810012343,-0.000779836764897679
279.4931184874731,11363.435546875,5.637152194976807,0,1.0015022760499912,1.0021058311167366,-0.0006035550667453649
279.5135510718683,11376.1982421875,5.638240337371826,0,1.0026271003472977,1.0020517751206628,0.0005753252266349485
279.5339836560306,11354.0556640625,5.63625955581665,0,1.0006755917301788,1.0019976443917027,-0.0013220526615238537
279.55441623995284,11357.705078125,5.636327266693115,0,1.0009972283052064,1.0019434413000945,-0.0009462129948880627
279.57484882388235,11358.044921875,5.637330532073975,0,1.0010271800119523,1.0018891682185682,-0.0008619882066158713
279.595281407579,11364.5068359375,5.636765956878662,0,1.0015966927807394,1.0018348275242126,-0.00023813474347322838
279.6157139912684,11359.40234375,5.637945175170898,0,1.0011468147026903,1.0017804215958388,-0.0006336068931485084
279.63614657473227,11372.236328125,5.638570785522461,0,1.0022779219729636,1.0017259528162958,0.0005519691566677754
279.6565790579625,11357.2119140625,5.637442588806152,0,1.0009537639031756,1.0016714238376438,-0.0007176599344682622
279.6770117409542,11352.0849609375,5.63599157333374,0,1.0005019062583016,1.0016168362465103,-0.0011149299882087238
279.69744432395237,11359.861328125,5.636777877807617,0,1.001187266720422,1.0015621932335046,-0.0003749265130825741
279.71787680671696,11357.23046875,5.637115478515625,0,1.0009553991975095,1.0015074971927174,-0.0005520979952078342
279.73830948924297,11361.1787109375,5.638237953186035,0,1.001303372618124,1.0014527497156906,-0.00014937709756668305
279.7587420717755,11360.1279296875,5.637251853942871,0,1.0012107633179554,1.0013979540024327,-0.0001871906844772564
279.7791746540752,11355.1259765625,5.637161731719971,0,1.000769922392804,1.0013431121851022,-0.0005731897922982565
279.7996071361413,11360.7890625,5.636202812194824,0,1.0012690314371135,1.0012882269337753,-1.9195496661739142e-05
279.8200398182016,11340.9814453125,5.6363067626953125,0,0.9995233117016886,1.0012332998449451,-0.0017099881432565134
279.84047240003565,11348.3515625,5.6361565589904785,0,1.0001728678247104,1.0011783341304419,-0.001005466305731506
279.86090488186164,11361.341796875,5.639955043792725,0,1.001317745994637,1.0011233321970092,0.00019441379762774602
279.8813375632308,11348.58203125,5.635973930358887,0,1.000193179901699,1.00106829564641,-0.000875115744711108
279.90177014459914,11349.974609375,5.637141227722168,0,1.0003159130448591,1.001013227695106,-0.0006973146502469163
279.92220262596675,11350.3564453125,5.635763168334961,0,1.000349565680887,1.0009581307547983,-0.0006085650739113824
279.9426352068622,11347.5,5.6364827156066895,0,1.0000978164216,1.0009030066999773,-0.0008051902783774434
279.96306788776565,11341.556640625,5.635366916656494,0,0.9995740058260373,1.0008478579426818,-0.0012738521166445471
279.9835003686603,11349.2490234375,5.6368794441223145,0,1.000251964429594,1.0007926877076194,-0.0005407232780254567
280.0039329493302,11342.4990234375,5.635190963745117,0,0.9996570615645713,1.0007374976012366,-0.0010804360366652999
280.024365629768,11340.4892578125,5.6370439529418945,0,0.9994799333677806,1.0006822900398857,-0.0012023566721051093
280.04479810997145,11349.7294921875,5.63603401184082,0,1.000294309946028,1.0006270682516207,-0.00033275830559276187
280.0652306901684,11344.529296875,5.636842727661133,0,0.9998359971919414,1.000571833843135,-0.0007358366511936998
280.08566337014054,11331.7724609375,5.635072708129883,0,0.998711689303372,1.0005165892333987,-0.0018048999300267488
280.1060959498718,11337.4638671875,5.63637113571167,0,0.9992132943232436,1.0004613373821891,-0.0012480430589455471
280.1265284296096,11368.05859375,5.640562534332275,0,1.0019097225434834,1.0004060807082367,0.0015036418352467606
280.14696100911533,11345.3681640625,5.639233589172363,0,0.9999099297094551,1.0003508210908343,-0.0004408913813791493
280.1673935883882,11354.97265625,5.637089729309082,0,1.0007564096975192,1.0002955612200553,0.00046084847746397095
280.18782616765384,11335.255859375,5.636198043823242,0,0.9990186942975178,1.000240303514946,-0.00122160921742831
280.2082587466939,11332.359375,5.635197639465332,0,0.9987634162451946,1.00018505039566,-0.0014216341504653673
280.2286913257267,11333.576171875,5.636058807373047,0,0.9988706571262448,1.0001298042809674,-0.0012591471547226396
280.2491239043011,11335.8759765625,5.635763645172119,0,0.9990733475555168,1.0000745675911424,-0.0010012200356256384
280.2695564828755,11329.3076171875,5.6358137130737305,0,0.998494453361341,1.0000193427435875,-0.001524889382246486
280.2899889614491,11320.8525390625,5.63515567779541,0,0.9977492755538516,0.9999641324265977,-0.0022148568727460294
280.3104216397842,11332.7060546875,5.636023998260498,0,0.9987939704288005,0.9999089382478047,-0.00111496781900422
280.33085411789216,11326.0751953125,5.635063171386719,0,0.9982095678747633,0.9998537637044377,-0.0016441958296743442
280.35128669576807,11326.931640625,5.6353983879089355,0,0.998285049618488,0.9997986104021949,-0.001513560783706902
280.37171937363746,11319.462890625,5.6350178718566895,0,0.99762680061506,0.9997434807557911,-0.0021166801407310754
280.39215195128054,11310.484375,5.6350178718566895,0,0.996835490293732,0.9996883777193941,-0.002852887425662143
280.4330170063258,11329.2451171875,5.636375427246094,0,0.9984889450014798,0.999578260585028,-0.0010893155835481894
280.453449683504,11329.96875,5.636363506317139,0,0.9985527214804991,0.9995232507707398,-0.0009705292902406626
280.47388216044055,11328.931640625,5.636762619018555,0,0.9984613171340503,0.9994682774780703,-0.0010069603440200359
280.49431473738514,11320.9091796875,5.635379314422607,0,0.9977542675049759,0.9994133423060515,-0.0016590748010756329
280.51474741409766,11321.7705078125,5.636283874511719,0,0.9978301795893147,0.9993584476613482,-0.001528268072033434
280.53517989080865,11314.7607421875,5.634924411773682,0,0.9972123826036183,0.9993035967526649,-0.0020912141490465608
281.35248273228353,11293.6005859375,5.635128498077393,0,0.9953474585180696,0.9971722332738667,-0.0018247747557971206
281.3729153028253,11304.5146484375,5.635868072509766,0,0.9963093558588529,0.9971211866002607,-0.0008118307414077819
281.3933478731342,11282.1328125,5.634598731994629,0,0.9943367605516399,0.9970702810887054,-0.002733520537065548
281.4137804433194,11297.3046875,5.63543176651001,0,0.9956739149079757,0.9970195189679166,-0.0013456040599408858
281.4342130133955,11290.1923828125,5.63486909866333,0,0.9950470807693819,0.9969689024605682,-0.0019218216911863761
281.45464558323874,11289.265625,5.634943008422852,0,0.9949654021208132,0.9969184337832994,-0.001953031662486171
281.47507805307396,11293.8310546875,5.6359686851501465,0,0.9953677705950582,0.996868115391312,-0.0015003447962538274
281.49551072268514,11283.9775390625,5.634949684143066,0,0.9944993432356717,0.9968179487507413,-0.0023186055150695717
281.51594329217914,11280.421875,5.634300231933594,0,0.9941859692004362,0.9967679367956364,-0.0025819675952001298
281.5363757614323,11296.9267578125,5.636606216430664,0,0.9956406065444393,0.9967180817138777,-0.0010774751694383466
281.5568084306942,11288.388671875,5.635139465332031,0,0.994888112946509,0.9966683849570225,-0.0017802720105134506
281.57724099972256,11295.5205078125,5.635263919830322,0,0.9955166684475596,0.996618849432548,-0.0011021809849883768
281.59767346851004,11288.71484375,5.638565540313721,0,0.9949168596995354,0.9965694773070902,-0.0016526176075548626
281.61810603730555,11292.041015625,5.635852336883545,0,0.9952100077259051,0.9965202702586241,-0.001310262532719042
281.638538705869,11292.9853515625,5.6364641189575195,0,0.9952932356006847,0.996471230444789,-0.001177994844104302
281.6589711743072,11291.0107421875,5.635011196136475,0,0.9951192058563161,0.9964223607313921,-0.0013031548750760402
281.6794037426371,11289.5966796875,5.635981559753418,0,0.9949945792144537,0.9963736625394697,-0.0013790833250160173
281.6998364108513,11281.140625,5.634860992431641,0,0.9942493153388414,0.996325138003913,-0.0020758226650715583
281.7202689788246,11277.29296875,5.634867191314697,0,0.9939102069348787,0.9962767897247187,-0.0023665827898399217
281.74070144668804,11288.8427734375,5.635662078857422,0,0.9949281346236265,0.9962286198159902,-0.0013004851923636984
281.7611341144366,11276.947265625,5.6352314949035645,0,0.9938797388193958,0.9961806296810166,-0.0023008908616207746
281.78156668206066,11292.794921875,5.635775566101074,0,0.9952764523167322,0.9961328221270798,-0.0008563698103475348
281.8019991494584,11294.162109375,5.636606216430664,0,0.9953969476886987,0.9960851992450617,-0.0006882515563629843
281.82243171674054,11282.8369140625,5.634626388549805,0,0.9943988156682025,0.9960377626538071,-0.001638946985604517
281.8428643838997,11282.1943359375,5.63560676574707,0,0.9943421828433784,0.995990514433181,-0.0016483315898025985
281.86329685094825,11281.4619140625,5.634578227996826,0,0.9942776317512535,0.9959434573443123,-0.001665825593058834
281.8837294177647,11278.9541015625,5.634860515594482,0,0.9940566088118179,0.995896592755645,-0.001839983943827117
281.9041620844582,11284.0625,5.634845733642578,0,0.9945068311623582,0.9958499227218202,-0.0013430915594619952
281.9245945510411,11276.0712890625,5.635221004486084,0,0.9938025357132144,0.9958034499701153,-0.0020009142569008542
281.9450271175083,11282.9990234375,5.635315895080566,0,0.9944131029765929,0.9957571758516557,-0.001344072875062774
281.9654596837354,11279.0341796875,5.635874271392822,0,0.9940636663978902,0.9957111026208435,-0.001647436222953269
281.9858923499705,11284.8525390625,5.635403633117676,0,0.9945764602737301,0.9956652320705194,-0.001088771796789234
282.0063248159713,11280.982421875,5.636204719543457,0,0.9942353723029425,0.9956195668817289,-0.0013841945787864685
282.02675738184917,11277.2490234375,5.634432792663574,0,0.9939063338693512,0.9955741083817717,-0.0016677745124205057
282.0471900475022,11281.0986328125,5.635876655578613,0,0.9942456144095595,0.9955288585644047,-0.0012832441548451534
282.06762251303735,11271.740234375,5.634610176086426,0,0.9934208235884494,0.9954838200735527,-0.00206299648510333
282.08805507856596,11275.5126953125,5.6361846923828125,0,0.9937533047469539,0.9954389942182391,-0.0016856894712852233
282.10848754386825,11286.1357421875,5.63574743270874,0,0.994689553787133,0.9953943834004716,-0.00070482961333862
282.12892020893923,11279.6259765625,5.636143207550049,0,0.9941158236803271,0.9953499889202163,-0.0012341652398891734
282.1493527740022,11291.064453125,5.635592460632324,0,0.9951239396030719,0.9953058133742804,-0.00018187377120848502
282.1697852388388,11296.26171875,5.636509895324707,0,0.9955819941527899,0.9952618586942125,0.00032013545857745296
282.19021790356055,11284.3994140625,5.635761737823486,0,0.9945365246647356,0.9952181261606764,-0.0006816014959407646
282.21065046815784,11275.205078125,5.636706352233887,0,0.9937261932882615,0.9951746183323232,-0.0014484250440617297
282.23108303252957,11278.953125,5.635700702667236,0,0.9940565227436952,0.995131336899853,-0.001074814156157844
282.2515155969013,11282.65234375,5.6358537673950195,0,0.9943825487929872,0.99508828375794,-0.0007057349649528533
282.2719481610329,11288.103515625,5.638798236846924,0,0.9948629810546418,0.9950454607922459,-0.00018247973760410208
282.2923807250554,11286.642578125,5.636075496673584,0,0.9947342231428834,0.9950028698775712,-0.0002686467346878496
282.3128131889607,11280.6796875,5.635348320007324,0,0.9942086911848641,0.9949605130855752,-0.0007518219007111027
282.35367841618427,11271.494140625,5.634538650512695,0,0.9933991344214955,0.9948765080381156,-0.0014773736166200369
282.37411087974033,11275.1572265625,5.6361165046691895,0,0.9937219759502426,0.9948348640771346,-0.001112888126892031
282.3945435429414,11277.17578125,5.636322975158691,0,0.9938998787601387,0.9947934609825694,-0.0008935822224306333
282.4149760061482,11273.0,5.637221813201904,0,0.9935318514669041,0.9947523013770987,-0.0012204499101945432
282.43540856923937,11266.755859375,5.63431978225708,0,0.992981531889509,0.9947113864571062,-0.0017298545675972221
282.4558411320904,11281.587890625,5.637633323669434,0,0.9942887345390989,0.9946707182164068,-0.0003819836773079066
282.47627369483234,11280.7548828125,5.635445594787598,0,0.9942153184303223,0.9946302984354658,-0.00041498000514350597
282.49670625745784,11275.0263671875,5.635867595672607,0,0.993710442821783,0.9945901288841463,-0.0008796860623633274
282.51713881995965,11280.5615234375,5.634688854217529,0,0.9941982769420014,0.9945502113213546,-0.0003519343793532137
282.5375713822359,11274.7939453125,5.634982109069824,0,0.9936899586085487,0.9945105474951453,-0.0008205888865966404
282.55800394439575,11274.5888671875,5.635121822357178,0,0.9936718843027538,0.9944711391420528,-0.0007992548392989907
282.5784365064319,11282.201171875,5.638000965118408,0,0.9943427853202382,0.9944319879876515,-8.920266741330174e-05
282.59886896835815,11268.2890625,5.635272026062012,0,0.9931166588423571,0.9943930959359231,-0.001276437093565952
282.6193016301695,11267.4912109375,5.634670734405518,0,0.9930463411860024,0.9943544641207152,-0.0013081229347127188
282.63973419174,11267.7373046875,5.634652137756348,0,0.9930680303529563,0.9943160948029384,-0.0012480644499820448
282.660166653317,11277.033203125,5.635031700134277,0,0.9938873128142052,0.9942779896583297,-0.00039067684412452675
282.6805993146627,11286.185546875,5.637143611907959,0,0.9946939432613975,0.9942401497983054,0.0004537934630920448
282.7010318758839,11271.4765625,5.635184288024902,0,0.9933975851952844,0.994202577437072,-0.0008049922417875388
282.7214644368796,11278.5556640625,5.6343817710876465,0,0.994021493017702,0.9941652740341375,-0.00014378101643541807
282.7418969978753,11274.7265625,5.635437488555908,0,0.9936840199080732,0.9941282412224821,-0.0004442213144089102
282.7623295586309,11275.2294921875,5.635125637054443,0,0.9937283449913323,0.9940914806240843,-0.00036313563275192084
282.7827621192773,11281.80859375,5.639936447143555,0,0.9943081859348593,0.9940549938483303,0.00025319208652896386
282.8031945798066,11278.8310546875,5.635377407073975,0,0.994045764228341,0.994018782669416,2.6981558924998872e-05
282.8236272402137,11272.0537109375,5.635440826416016,0,0.9934484514558789,0.9939828481432831,-0.0005343966874041817
282.8440598005109,11281.6845703125,5.635220050811768,0,0.9942972552832594,0.9939471923729966,0.0003500629102628494
282.8644922605745,11284.3798828125,5.635335922241211,0,0.994534803302279,0.9939118169159155,0.0006229863863634888
282.8849249205159,11271.076171875,5.6349897384643555,0,0.9933622972649229,0.9938767228034884,-0.0005144255385655105
282.90535748034745,11274.357421875,5.633764743804932,0,0.9936514861576423,0.9938419120896769,-0.0001904259320345547
282.9257899400618,11276.431640625,5.634891033172607,0,0.9938342948505399,0.9938073862945686,2.6908555971316694e-05
282.94622249965323,11266.7216796875,5.634061336517334,0,0.9929785195052099,0.9937731465919927,-0.0007946270867827954
282.96665515901987,11270.62890625,5.63504695892334,0,0.9933228780646653,0.9937391944855731,-0.00041631642090778076
282.987087618385,11280.681640625,5.634262561798096,0,0.9942088633211098,0.9937055319579585,0.0005033313631512826
283.007520177518,11270.9326171875,5.6340484619140625,0,0.9933496452508664,0.9936721599871271,-0.0003225147362606595
283.02795283652813,11277.8359375,5.636717796325684,0,0.993958060811174,0.9936390800384236,0.00031898077275038794
283.0483853953119,11278.0927734375,5.634679317474365,0,0.9939806967274791,0.9936062938842661,0.00037440284321299533
283.0688178540877,11274.611328125,5.634727954864502,0,0.9936738638695789,0.9935738029555783,0.00010006091400061035
283.0892505127558,11262.0400390625,5.633577823638916,0,0.9925659089243477,0.9935416082003202,-0.0009756992759725192
283.1096830711904,11264.5380859375,5.633552074432373,0,0.9927860711825549,0.9935097115032567,-0.0007236403207018238
283.13011552950775,11263.484375,5.634240627288818,0,0.9926932036780179,0.9934781142564678,-0.0007849105784498711
283.1505480877022,11260.48046875,5.633862018585205,0,0.9924284581321832,0.9934468175342156,-0.0010183594020324316
283.17098074578826,11272.330078125,5.635185718536377,0,0.9934728087346406,0.9934158227112798,5.698602336079439e-05
283.1914132036327,11271.6201171875,5.633410930633545,0,0.993410237209341,0.9933851315978657,2.510561147528456e-05
283.21184576148516,11268.22265625,5.634084224700928,0,0.9931108062100044,0.9933547450846112,-0.0002439388746068305
283.23227841910557,11266.9560546875,5.633570671081543,0,0.9929991758546898,0.9933246645068798,-0.0003254886521900646
283.25271087660803,11274.634765625,5.635590076446533,0,0.9936759295045269,0.9932948916210222,0.0003810378835046313
283.27314343398757,11269.84765625,5.634387969970703,0,0.9932540235663988,0.9932654272913044,-1.1403724905600932e-05
283.29357599125797,11269.6259765625,5.636985778808594,0,0.9932344861025156,0.9932362729543163,-1.7868518006336487e-06
283.31400854828826,11258.412109375,5.6338582038879395,0,0.9922461658480225,0.9932074298868113,-0.0009612640387888227
283.3344411053258,11272.919921875,5.635098457336426,0,0.9935247938808319,0.99317889935138,0.0003458945294518845
283.35487366213056,11265.568359375,5.633781433105469,0,0.9928768730521439,0.9931506825976127,-0.0002738095454688505
283.3753062188189,11260.880859375,5.633578300476074,0,0.9924637460625447,0.9931227808608613,-0.0006590347983165268
283.3957387753835,11264.771484375,5.633540630340576,0,0.9928066414639121,0.9930951953628572,-0.00028855389894510974
283.416171331839,11269.50390625,5.634128570556641,0,0.9932237275871615,0.9930679273114554,0.00015580027570605282
283.4366038881708,11261.740234375,5.633401393890381,0,0.9925394860106379,0.9930409779006502,-0.0005014918900122511
283.45703644427704,11262.05078125,5.634324073791504,0,0.9925668556736988,0.9930143483105951,-0.00044749263689625174
283.4774689003825,11257.7685546875,5.632126331329346,0,0.9921894469550755,0.9929880398349871,-0.0007985928799115749
283.49790145625593,11258.1689453125,5.633610248565674,0,0.992224734885437,0.9929620533685658,-0.000737318483128746
283.5183341120064,11269.5,5.634578704833984,0,0.9932233833146702,0.9929363900537858,0.00028699326088443833
283.53876656764623,11255.9267578125,5.633158206939697,0,0.9920271224754121,0.9929110513887541,-0.0008839289133419914
283.5591991231704,11271.4912109375,5.634513854980469,0,0.993398876217127,0.9928860381085558,0.0005128381085711675
283.5796317784552,11257.5791015625,5.63438606262207,0,0.9921727497392459,0.9928613513133717,-0.0006886015741258689
283.60006433374656,11260.15234375,5.633523941040039,0,0.9923995392429112,0.9928369923254938,-0.000437453082582584
283.6204967888043,11247.8916015625,5.635039806365967,0,0.991318953960741,0.9928129622069856,-0.0014940082462445714
283.6409293437391,11263.6845703125,5.63379430770874,0,0.9927108476431987,0.9927892617746951,-7.841413149634047e-05
283.66136199856555,11266.52734375,5.636568546295166,0,0.9929613919487661,0.992765892071215,0.00019549987755107523
283.6817944532668,11254.8564453125,5.631775856018066,0,0.991932791812787,0.9927428544605271,-0.0008100626477400841
283.7022270078596,11257.6484375,5.6359453201293945,0,0.992178860575967,0.9927201496106649,-0.000541289034697856
283.7226596623368,11267.8564453125,5.635354042053223,0,0.993078530663942,0.9926977785206977,0.0003807521432442895
283.74309211657965,11247.3486328125,5.633361339569092,0,0.9912711000844457,0.992675742496305,-0.001404642411859225
283.76352467081597,11259.5908203125,5.633917808532715,0,0.9923500500722822,0.9926540421761209,-0.0003039921038386906
283.7839573248275,11258.2265625,5.636995315551758,0,0.9922298129046843,0.9926326785154961,-0.00040286561081182004
283.8043897787138,11258.9755859375,5.63468074798584,0,0.9922958271548973,0.9926116527609512,-0.00031582560605392107
283.82482233249175,11249.900390625,5.636448383331299,0,0.9914959960894087,0.992590965521925,-0.0010949694325163017
283.84525488615327,11247.4755859375,5.633486270904541,0,0.991282288940414,0.9925706178079783,-0.001288328867564248
283.86568743958196,11245.638671875,5.634346961975098,0,0.9911203948013649,0.9925506105101786,-0.0014302157088136314
283.8861199930034,11247.9716796875,5.633876323699951,0,0.9913260115468133,0.992530944504354,-0.0012049329575406498
283.90655254619924,11251.6953125,5.638278007507324,0,0.9916541892991761,0.9925116206518193,-0.0008574313526431565
283.9269851993886,11241.1171875,5.633561134338379,0,0.9907218993926474,0.9924926397064363,-0.0017707403137888766
283.94741765235085,11259.2685546875,5.636166095733643,0,0.9923216475917472,0.9924740027756772,-0.00015235518392997527
283.96785020519746,11262.5908203125,5.635595321655273,0,0.9926144513456256,0.9924557103993233,0.00015874094630230484
283.9882826579269,11249.3271484375,5.6353230476379395,0,0.9914454741013057,0.9924377635573769,-0.0009922894560712159
284.00871531053417,11249.5498046875,5.633912563323975,0,0.9914650976333117,0.992420162774709,-0.0009550651413973155
284.0291478629151,11262.666015625,5.6358747482299805,0,0.9926210785910837,0.992402909083043,0.0002181695080407664
284.0495804152888,11255.35546875,5.635786056518555,0,0.9919767726235548,0.9923860031506827,-0.00040923052712793506
284.0700129674369,11251.9375,5.634023666381836,0,0.9916755341936387,0.992369445718059,-0.000693911524420221
284.09044551958505,11255.1884765625,5.636473178863525,0,0.9919620549745503,0.9923532375099794,-0.0003911825354291354
284.11087807150034,11237.8408203125,5.633359909057617,0,0.9904331408405421,0.9923373792363276,-0.0019042383957854625
284.1313105232912,11253.203125,5.635469436645508,0,0.9917870784808305,0.9923218716664303,-0.0005347931855997912
284.1517431749744,11245.7236328125,5.634986400604248,0,0.9911278827280514,0.9923067152541853,-0.0011788325261339327
284.17217572653317,11245.326171875,5.635851860046387,0,0.9910928530020583,0.9922919108883589,-0.0011990578863005918
284.1926081778656,11239.974609375,5.634932041168213,0,0.9906211996889326,0.9922774592120783,-0.0016562595231457422
284.2130408291996,11250.2724609375,5.636353015899658,0,0.9915287880442082,0.9922633606483764,-0.0007345726041682044
284.2334733804164,11253.0751953125,5.635316848754883,0,0.9917758035567393,0.9922496160242547,-0.00047381246751532213
284.25390583139233,11249.61328125,5.636888027191162,0,0.9914706920612958,0.9922362259364194,-0.0007655338751235696
284.27433848226065,11251.9150390625,5.635565757751465,0,0.9916735546268136,0.9922231907770903,-0.0005496361502767
284.2947710331209,11254.173828125,5.636479377746582,0,0.9918726301949267,0.9922105113109605,-0.00033788111603383353
284.3152034837549,11244.220703125,5.635293006896973,0,0.9909954238870111,0.9921981880881264,-0.001202764201115314
284.35606868455943,11256.6337890625,5.635287284851074,0,0.9920894357963433,0.9921746121583066,-8.517636196325729e-05
284.3765011348369,11260.2060546875,5.637163162231445,0,0.992404272989667,0.992163360656627,0.00024091233304002202
284.39693368500593,11243.017578125,5.634279727935791,0,0.9908893879596807,0.9921524673473369,-0.0012630793876561297
284.41736633493565,11254.9072265625,5.636251449584961,0,0.9919372673551744,0.9921419327127429,-0.0002046653575684676
284.4377987848711,11252.27734375,5.634402751922607,0,0.9917054859003847,0.9921317573660253,-0.00042627146564067075
284.4582313345745,11258.2919921875,5.637058258056641,0,0.992235579468914,0.9921219416008066,0.00011363786810747456
284.4786638841615,11260.083984375,5.6377177238464355,0,0.9923935144743129,0.9921124858975016,0.0002810285768113374
284.4990964337412,11251.830078125,5.637434959411621,0,0.9916660667001271,0.992103390670091,-0.00043732396996387646
284.51952898309537,11250.5087890625,5.636726379394531,0,0.9915496165299338,0.9920946563169162,-0.0005450397869823931
284.53996143233235,11247.013671875,5.637087345123291,0,0.991241578718314,0.9920862832604653,-0.0008447045421513533
284.56039408133074,11249.9755859375,5.637220859527588,0,0.9915026233348669,0.9920782717471256,-0.0005756484122586558
284.58082663033565,11254.4326171875,5.637819766998291,0,0.9918954382474774,0.9920706222478748,-0.00017518400039739923
284.6012590792234,11256.7587890625,5.63784122467041,0,0.992100452516066,0.9920633350923859,3.711742368017745e-05
284.62169172798895,11248.2919921875,5.636863708496094,0,0.9913542418911025,0.9920564104954039,-0.0007021686043013897
284.6421242765282,11248.8291015625,5.637169361114502,0,0.9914015793586608,0.9920498488644919,-0.0006482695058310783
284.662556824951,11252.3017578125,5.637813091278076,0,0.9917076376034555,0.9920436504521398,-0.00033601284868434167
284.6829892733658,11247.146484375,5.638017177581787,0,0.9912532839830193,0.9920378155573872,-0.0007845315743679748
284.7034219215566,11242.9951171875,5.637578010559082,0,0.9908874083928555,0.9920323443527804,-0.001144935959924931
284.72385446963017,11253.3671875,5.63796329498291,0,0.9918015379254664,0.992027237160848,-0.0002256992353815157
284.7442869175793,11245.650390625,5.637855052947998,0,0.9911214276188389,0.9920224941998667,-0.0009010665810277318
284.7647195654208,11239.828125,5.6361613273620605,0,0.9906082894705076,0.9920181156105424,-0.00140982614003482
284.78515211314516,11253.4755859375,5.637734413146973,0,0.991811091487101,0.9920141016515582,-0.00020301016445722908
284.80558456074505,11250.80859375,5.637508392333984,0,0.9915760394436436,0.9920104524933127,-0.000434413049669069
284.82601710823656,11238.8232421875,5.63583517074585,0,0.9905197253721123,0.9920071682598622,-0.0014874428877499346
284.846449755496,11241.3330078125,5.636136054992676,0,0.9907409204477935,0.9920042491003829,-0.0012633286525893794
284.86688220274664,11240.8984375,5.636728763580322,0,0.9907026201331327,0.9920016951828354,-0.0012990750497027248
284.8873147497725,11253.3486328125,5.6378045082092285,0,0.9917999026311326,0.9919995065788896,-0.00019960394775697665
284.9077473967991,11251.4541015625,5.63814640045166,0,0.9916329304728363,0.9919976833897116,-0.00036475291687532163
284.92817994358484,11249.3212890625,5.638252258300781,0,0.9914449576925687,0.9919962257129938,-0.0005512680204251552
284.9486123902607,11245.818359375,5.6372761726379395,0,0.9911362313359662,0.9919951336071775,-0.0008589022712113259
284.96904503693804,11256.3759765625,5.638406753540039,0,0.9920667138119155,0.9919944071067228,7.230670519264848e-05
284.98947758337454,11243.4970703125,5.638413429260254,0,0.9909316474079918,0.9919940462567938,-0.001062398848801993
285.00991002970113,11258.4931640625,5.638609886169434,0,0.9922533095022177,0.9919940510678104,0.0002592584344073279
285.0303425759121,11251.623046875,5.639017581939697,0,0.9916478202580865,0.991994421539603,-0.00034660128151653424
285.0507752220001,11250.6328125,5.638310432434082,0,0.9915605471815336,0.9919951576613121,-0.00043461047977844114
285.07120766797743,11245.3427734375,5.636977195739746,0,0.9910943161601464,0.9919962593872074,-0.0009019432270609418
285.0916402137227,11258.2685546875,5.639181137084961,0,0.9922335138339661,0.9919977266825242,0.00023578715144190188
285.1120728594615,11257.8828125,5.636969566345215,0,0.992199516925447,0.9919995594883911,0.00019995743705580882
285.1325053050896,11251.3095703125,5.637757778167725,0,0.991620192390657,0.9920017576949508,-0.000381565304293785
285.1529378504856,11247.08203125,5.636509418487549,0,0.9912476034869123,0.992004321235521,-0.0007567177486086374
285.1733703958744,11246.5732421875,5.635627269744873,0,0.9912027619949162,0.99200724998801,-0.0008044879930938498
285.1938029410376,11262.76171875,5.637195587158203,0,0.9926295132671215,0.9920105438241401,0.000618969442981343
285.2142354862008,11257.1826171875,5.63881778717041,0,0.9921378060813756,0.9920142025997152,0.0001236034816604059
285.2346680311239,11254.6845703125,5.638751029968262,0,0.9919176438231684,0.99201822615448,-0.00010058233131160499
285.2551006759386,11248.4501953125,5.636823654174805,0,0.9913681849270015,0.9920226143346411,-0.0006544294076396007
285.2755331207518,11257.8828125,5.638339042663574,0,0.992199516925447,0.9920273668809707,0.00017215004447623805
285.29596566532564,11248.7001953125,5.638123035430908,0,0.9913902183664468,0.9920324836524124,-0.0006422652859655598
285.33683075413865,11253.3017578125,5.639060974121094,0,0.9917957713612366,0.992043808891465,-0.0002480375302283955
285.35726329836325,11253.41796875,5.6393256187438965,0,0.9918060134678538,0.9920500168631643,-0.0002440033953104992
285.37769574247795,11260.453125,5.64033842086792,0,0.9924260482247438,0.9920565880127951,0.00036946021194872447
285.39812838647777,11247.5146484375,5.637486457824707,0,0.9912857316653274,0.9920635221517651,-0.0007777904864376683
285.4185609303531,11248.1640625,5.635340690612793,0,0.9913429669670114,0.9920708188772969,-0.0007278519102854597
285.43899347411934,11254.017578125,5.635809421539307,0,0.9918588592952734,0.9920784779029388,-0.00021961860766539498
285.45942601765273,11180.1396484375,5.629099369049072,0,0.9853477197348224,0.9920864988932716,-0.006738779158449226
285.47985856117884,11085.8603515625,5.621540069580078,0,0.9770385310202641,0.9920948814971648,-0.015056350476900793
285.5002911045958,11070.0927734375,5.620265007019043,0,0.9756488751089999,0.9921036253475267,-0.016454750238526827
285.5207235477792,11101.314453125,5.623347282409668,0,0.9784005590640987,0.9921127300159882,-0.01371217095188948
285.5411561909568,11235.7021484375,5.63969612121582,0,0.9902446516515375,0.9921221952403056,-0.0018775435887681269
285.5615886340238,11255.8798828125,5.6398420333862305,0,0.9920229912055162,0.9921320204206848,-0.00010902921516864339
285.5820211768587,11256.984375,5.640456676483154,0,0.9921203342524405,0.9921422052684603,-2.1871016019803236e-05
285.60245381968707,11259.2685546875,5.640289783477783,0,0.9923216475917472,0.992152749343054,0.0001688982486932611
285.6228862622884,11262.5390625,5.640860557556152,0,0.9926098897351154,0.9921636520252108,0.00044623770990459555
285.643318804774,11245.919921875,5.639645099639893,0,0.9911451824207408,0.9921749129950332,-0.0010297305742924534
285.6637513472524,11261.607421875,5.640254974365234,0,0.9925277807459326,0.9921865317070144,0.0003412490389181899
285.6841838895052,11259.822265625,5.6394267082214355,0,0.9923704482173936,0.9921985076522791,0.0001719405651144923
285.70461643175804,11263.333984375,5.640335559844971,0,0.9926799491871017,0.9922108403065661,0.00046910888053552924
285.72504897377075,11261.6669921875,5.6398725509643555,0,0.9925330309014254,0.9922235291297179,0.000309501771707521
285.7454815156743,11253.955078125,5.639717102050781,0,0.991853350935412,0.9922365735662048,-0.00038322263079271224
285.7659140574615,11258.3984375,5.64108943939209,0,0.9922449608943029,0.9922499730448432,-5.012150540273375e-06
285.78634659912495,11270.76171875,5.640433311462402,0,0.9933345833293706,0.992263726978903,0.0010708563504676638
285.80677924068004,11254.4609375,5.639760494232178,0,0.9918979342230396,0.9922778348360595,-0.0003799006130198457
285.8272116822336,11264.0810546875,5.639492034912109,0,0.992745791301069,0.9922922957889182,0.0004534955121507922
285.84764422354783,11248.2998046875,5.638909816741943,0,0.9913549304360852,0.9923071094138357,-0.0009521789777504619
285.86807666475215,11261.26171875,5.636454105377197,0,0.9924973126304497,0.9923222749172635,0.0001750377131861658
285.8885093058416,11252.3486328125,5.639606475830078,0,0.9917117688733514,0.9923377918603898,-0.0006260229870383993
285.90894184680656,11263.0830078125,5.638635635375977,0,0.9926578296795335,0.99235365933852,0.0003041703410134877
285.92937428766163,11260.9228515625,5.6387858390808105,0,0.9924674469918265,0.992369876651732,9.757034009449939e-05
285.9498069284018,11256.5439453125,5.638435363769531,0,0.9920815175290427,0.9923864433305865,-0.0003049258015437317
285.97023946901754,11265.4345703125,5.638982772827148,0,0.9928650817193158,0.9924033584089961,0.00046172331031968383
285.99067200952413,11264.009765625,5.639244079589844,0,0.9927395083281022,0.9924206212265373,0.00031888710156491307
286.01110444991355,11272.6708984375,5.639792442321777,0,0.9935028465095095,0.9924382309402829,0.0010646155692265458
286.0315370901808,11262.6611328125,5.638487815856934,0,0.9926206482504696,0.9924561870402461,0.0001644612102235099
286.0519696302217,11272.2548828125,5.641070365905762,0,0.9934661814891825,0.9924744884789929,0.0009916930101896426
286.0724020702619,11262.98828125,5.6397175788879395,0,0.9926494810716187,0.9924931344502941,0.00015634662132457677
286.113267249988,11269.3251953125,5.640463352203369,0,0.9932079771206831,0.9925314572619631,0.0006765198587199706
286.1336996896789,11261.2783203125,5.639614582061768,0,0.9924987757885378,0.9925511321429725,-5.235635443467945e-05
286.15413232924766,11261.8505859375,5.641161918640137,0,0.9925492117085181,0.9925711484867821,-2.193677826400897e-05
286.1745648687065,11269.3046875,5.640442848205566,0,0.9932061696901036,0.9925915051255678,0.0006146645645357385
286.19499730793177,11265.283203125,5.640124320983887,0,0.9928517411602766,0.9926122011628566,0.00023953999741999077
286.2154298471578,11258.7998046875,5.640852928161621,0,0.9922803348927873,0.9926332358952483,-0.00035290100246099243
286.2358624862609,11266.7294921875,5.6404032707214355,0,0.9929792080501926,0.9926546084065355,0.00032459964365705307
286.2562950252541,11258.5634765625,5.638270854949951,0,0.9922595064070617,0.9926763175516954,-0.0004168111446336553
286.2767274641228,11265.798828125,5.639121055603027,0,0.9928971851291325,0.9926983623751978,0.00019882275393467985
286.2971601027675,11265.8349609375,5.6402106285095215,0,0.9929003696496773,0.9927207422377861,0.00017962741189125886
286.31759264141147,11259.6904296875,5.640178680419922,0,0.9923588290208112,0.9927434558336294,-0.00038462681281825617
286.33802507993823,11272.4130859375,5.641415119171143,0,0.9934801245250815,0.9927665021631479,0.000713622361933619
286.3584576183421,11267.69140625,5.640458583831787,0,0.9930639851511832,0.9927898804427912,0.00027410470839206447
286.37889025663753,11267.8466796875,5.640137672424316,0,0.9930776699827136,0.9928135896537774,0.00026408032893621147
286.39932269469136,11266.767578125,5.6407551765441895,0,0.992982564706983,0.992837628407269,0.00014493629971401578
286.41975523275323,11269.1064453125,5.640625953674316,0,0.9931886978611684,0.9928619960015027,0.0003267018596656568
286.44018787069945,11278.90234375,5.641088962554932,0,0.9940520472013078,0.9928866913741707,0.00116535582713706
286.4606203085277,11271.9755859375,5.641347885131836,0,0.9934415660060523,0.9929117130789538,0.0005298529270985064
286.48105284623307,11257.66796875,5.640344619750977,0,0.9921805819384237,0.9929370603852041,-0.0007564784467803953
286.50148548383004,11275.0810546875,5.641602516174316,0,0.9937152626366617,0.9929627321878304,0.000752530448831279
286.5219179211854,11269.958984375,5.640844821929932,0,0.9932638353324018,0.9929887269832794,0.00027510834912236604
286.54235045854875,11272.40625,5.641790390014648,0,0.9934795220482217,0.9930150440129312,0.00046447803529048315
286.5627829957957,11263.509765625,5.639797687530518,0,0.9926954414492116,0.9930416819978537,-0.0003462405486420739
286.58321553292626,11268.34765625,5.642192363739014,0,0.9931218229297271,0.9930686397716524,5.318315807467666e-05
286.6036480699331,11273.2451171875,5.64140510559082,0,0.9935534545657353,0.9930959161539202,0.0004575384118150616
286.62408060683083,11269.0654296875,5.642739295959473,0,0.9931850830000094,0.9931235099503286,6.157304968079647e-05
286.64451314360485,11270.4912109375,5.642150402069092,0,0.9933107424593458,0.9931514199526114,0.00015932250673444948
286.66494568026974,11257.5029296875,5.642126560211182,0,0.9921660364256649,0.9931796449386964,-0.0010136085130314498
286.68537811681745,11272.1455078125,5.642674922943115,0,0.9934565418594252,0.9932081835322498,0.00024835832717540196
286.7058106532495,11288.59375,5.643799781799316,0,0.9949061872523041,0.9932370347630028,0.0016691524893012177
286.7262432895586,11282.224609375,5.644278049468994,0,0.9943448509551862,0.9932661973722187,0.001078653582967548
286.7466757257571,11297.4970703125,5.645036220550537,0,0.9956908703281738,0.9932956696525262,0.0023952006756475797
286.7671082618399,11287.1494140625,5.643160343170166,0,0.9947788924986338,0.9933254507438688,0.001453441754765028
286.7875408977998,11274.0068359375,5.642735004425049,0,0.9936205877015452,0.9933555393467373,0.00026504835480789524
286.807973333649,11279.45703125,5.6435770988464355,0,0.994100933895077,0.9933859336996482,0.0007150001954288054
286.82840586938255,11283.67578125,5.643594264984131,0,0.9944727481857163,0.9934166329157371,0.0010561152699791743
286.8488385049932,11281.6845703125,5.644957065582275,0,0.9942972552832594,0.9934476356552349,0.0008496196280245449
286.86927104061033,11272.8154296875,5.642983436584473,0,0.9935155845916888,0.9934789402573662,3.6644334322599725e-05
286.8897034759939,11292.029296875,5.643979549407959,0,0.9952089749084311,0.9935105453466091,0.0016984295618219791
286.9101360112545,11282.5927734375,5.6442365646362305,0,0.9943772986374942,0.9935424498486057,0.0008348487888885092
286.93056864640675,11268.8505859375,5.642645359039307,0,0.9931661480129861,0.9935746523707648,-0.0004085043577787273
286.9510010815575,11283.7705078125,5.64350700378418,0,0.9944810967936311,0.9936071510282278,0.0008739457654032279
286.97143361646886,11284.6904296875,5.643237590789795,0,0.9945621729653399,0.9936399448725857,0.0009222280927542181
286.9918662513883,11285.169921875,5.642404556274414,0,0.9946044324136509,0.9936730324726178,0.0009313999410330842
287.01229868606606,11286.40234375,5.643737316131592,0,0.9947130503846664,0.9937064118911726,0.0010066384934938055
287.0327312207519,11283.2080078125,5.643852233886719,0,0.9944315215548791,0.993740082155025,0.0006914393998541657
287.0531637552049,11297.30078125,5.6452813148498535,0,0.9956735706354845,0.9937740416268128,0.0018995290086716299
287.07359628965787,11284.443359375,5.643251419067383,0,0.9945403977302631,0.993808288819946,0.0007321089103171641
287.09402882387076,11279.9375,5.643772125244141,0,0.9941432794115109,0.9938428222344455,0.0003004571770653941
287.1144613580909,11291.984375,5.646064281463623,0,0.9952050157747807,0.9938776403586215,0.0013273754161592377
287.13489399207174,11285.9853515625,5.644464492797852,0,0.9946762992962167,0.99391274183996,0.0007635574562566694
287.1553264260583,11290.2265625,5.643967628479004,0,0.9950500931536811,0.9939481246244628,0.001101968529218289
287.1757589599292,11280.552734375,5.643996238708496,0,0.9941975023288958,0.99398378768006,0.00021371464883579439
287.1961915936772,11291.5732421875,5.643986701965332,0,0.995168781095068,0.9940197294492684,0.0011490516457995925
287.21662402731454,11284.580078125,5.643471717834473,0,0.9945524472674597,0.9940559478285934,0.0004964994388663158
287.2370565608362,11306.7158203125,5.645637035369873,0,0.9965033534077189,0.9940924417618798,0.0024109116458390645
287.2574889942407,11275.765625,5.6436238288879395,0,0.9937755963907677,0.9941292092939751,-0.0003536129032073454
287.277921627523,11286.283203125,5.643625736236572,0,0.9947025500736808,0.994166249356772,0.0005363007169087997
287.29835416069545,11282.2607421875,5.645376205444336,0,0.994348035475731,0.9942035597865923,0.00014447568913877884
287.31878669375146,11288.80859375,5.644167423248291,0,0.9949251222393273,0.994241139130334,0.0006839831089933135
287.3392192266838,11280.8232421875,5.6415629386901855,0,0.9942213431989206,0.9942789857425045,-5.7642543583869e-05
287.35965175950696,11292.681640625,5.647125244140625,0,0.9952664684144836,0.9943170979659488,0.0009493704485348253
287.38008429232286,11299.962890625,5.647221565246582,0,0.9959081923383276,0.9943554741320473,0.0015527182062803346
287.40051672491245,11292.23046875,5.647429466247559,0,0.9952267049417347,0.9943941123702776,0.0008325925714570692
287.42094935738714,11293.5615234375,5.647023677825928,0,0.9953440157931562,0.9944330115582204,0.0009110042349358416
287.4413818898611,11297.763671875,5.647274971008301,0,0.9957143669257074,0.9944721694236084,0.001242197502098974
287.46181432209414,11288.0673828125,5.64718770980835,0,0.994859796534097,0.994511584247596,0.0003482122865009485
287.482246954336,11295.212890625,5.647106170654297,0,0.9954895569888671,0.9945512548853971,0.0009383021034700123
287.5026794864534,11299.25390625,5.647055625915527,0,0.9958457068811507,0.994591179019125,0.0012545278620257339
287.5231119183445,11282.7353515625,5.646218776702881,0,0.9943898645834279,0.9946313548967172,-0.00024149031328923876
287.54354455023713,11294.3408203125,5.646495819091797,0,0.9954126981551771,0.994671781351166,0.0007409168040111158
287.56397708201257,11312.1484375,5.647290229797363,0,0.9969821503750397,0.9947124560203782,0.002269694354661511
287.58440951366356,11293.3642578125,5.645779609680176,0,0.995326630032344,0.9947533771196924,0.000573252912651645
287.60484204520617,11290.77734375,5.647164821624756,0,0.9950986355749589,0.9947945432578871,0.0003040923170718468
287.62527457663236,11307.517578125,5.652639865875244,0,0.9965740153365649,0.9948359524327406,0.0017380629038242779
287.64570720793563,11289.4306640625,5.645297050476074,0,0.994979947633572,0.9948776030354967,0.00010234459807534346
287.66613963912823,11307.8984375,5.647751331329346,0,0.9966075819044699,0.9949194926291512,0.001688089275318605
287.6865721702052,11297.5927734375,5.646141052246094,0,0.9956993050042116,0.9949616199927682,0.0007376850114433342
287.70700470127485,11292.1044921875,5.6466965675354,0,0.9952156021538892,0.9950039830775209,0.0002116190763682413
287.727437232119,11292.5625,5.646623611450195,0,0.9952559681034979,0.9950465800280148,0.0002093880754830968
287.74786966296233,11293.5224609375,5.646320343017578,0,0.995340573068243,0.9950894087693598,0.0002511642988831664
287.7683022935671,11297.333984375,5.6471123695373535,0,0.9956764969516607,0.9951324680562449,0.0005440288954158268
287.7887348241784,11317.5009765625,5.64758825302124,0,0.9974538897562882,0.9951757553732409,0.002278134383047359
287.8091672546725,11301.8642578125,5.646821975708008,0,0.9960757669734838,0.9952192688213392,0.0008564981521446136
287.82959988504444,11295.8896484375,5.647688388824463,0,0.9955492021979905,0.9952630071357473,0.00028619506224314417
287.85003241519007,11296.705078125,5.6457390785217285,0,0.9956210690805561,0.9953069677605512,0.00031410132000497804
287.8704649453357,11287.638671875,5.6468915939331055,0,0.9948220126281732,0.995351148984858,-0.0005291363566848339
287.8908973754733,11292.4638671875,5.64739465713501,0,0.9952472752230918,0.9953955486562699,-0.00014827343317813657
287.9317625351832,11303.7685546875,5.648265838623047,0,0.9962435998130084,0.9954849968602285,0.0007586029527798521
287.95219496485515,11292.08203125,5.6484527587890625,0,0.995213622587064,0.99553004081972,-0.00031641823265593505
287.9726275945359,11306.6689453125,5.649320125579834,0,0.9964992221378228,0.9955752960530311,0.0009239260847917485
287.993060123983,11304.8037109375,5.6480913162231445,0,0.9963348320232115,0.9956207599151433,0.0007140721080681756
288.0134925534221,11307.31640625,5.6496171951293945,0,0.9965562853032612,0.9956664304127922,0.0008898548904689996
288.0339251827536,11306.6103515625,5.647531509399414,0,0.9964940580504529,0.9957123062180533,0.0007817518323995909
288.0543577118515,11304.994140625,5.648438930511475,0,0.996351615307164,0.995758384649832,0.0005932306573319668
288.07479014094133,11312.1240234375,5.648670673370361,0,0.9969799986719688,0.9958046636880494,0.0011753349839194183
288.0952226699228,11314.5888671875,5.650084018707275,0,0.9971972346139998,0.9958511417590665,0.0013460928549332563
288.1156552987886,11311.1064453125,5.648606300354004,0,0.9968903156879767,0.9958978168306478,0.0009924988573288829
288.13608772764564,11320.912109375,5.651680946350098,0,0.9977545257093444,0.9959446861725638,0.0018098395367805997
288.1565202562779,11312.4736328125,5.648573398590088,0,0.9970108110599432,0.9959917484187905,0.0010190626411527015
288.17695288479445,11307.474609375,5.648736953735352,0,0.9965702283391602,0.9960390015116898,0.0005312268274704213
288.197385413303,11308.279296875,5.648839473724365,0,0.9966411484723747,0.9960864429199296,0.0005547055524450784
288.2178178415852,11303.9150390625,5.648998260498047,0,0.9962565100314333,0.9961340705629463,0.00012243946848700116
288.2382503698682,11317.3193359375,5.65093994140625,0,0.9974378810854413,0.996181882822006,0.001255998263435254
288.25868299802823,11315.7060546875,5.650014400482178,0,0.9972956965465208,0.9962298776059705,0.001065818940550356
288.2791154260776,11320.109375,5.650175094604492,0,0.9976837777123756,0.996278052107338,0.0014057256050376
288.31998058182216,11322.0185546875,5.649198055267334,0,0.9978520408925143,0.9963749339373967,0.001477106955117602
288.3404130095223,11318.646484375,5.649936676025391,0,0.9975548476643715,0.9964236363127684,0.0011312113516031008
288.3608455371068,11312.0888671875,5.649978160858154,0,0.9969769002195469,0.9964725106300696,0.0005043895894772943
288.3812781646848,11320.576171875,5.650662899017334,0,0.9977249182750898,0.996521554752022,0.0012033635230678241
288.40171059203567,11318.1708984375,5.651435852050781,0,0.9975129324885518,0.9965707658093066,0.0009421666792451822
288.42214311938733,11317.412109375,5.65100622177124,0,0.9974460575571104,0.9966201423689909,0.0008259151881194748
288.4425756466153,11326.5205078125,5.650788307189941,0,0.9982488149387753,0.9966696820282986,0.0015791329104766216
288.4630082737349,11327.34375,5.651501655578613,0,0.9983213703663236,0.9967193828617211,0.0016019875046024978
288.48344070073654,11318.88671875,5.651638984680176,0,0.9975760204225884,0.9967692419621119,0.0008067784604764983
288.50387322761526,11325.9765625,5.6515069007873535,0,0.9982008749943572,0.9968192578771806,0.001381617117176548
288.5243058543856,11330.6279296875,5.651886463165283,0,0.9986108174634115,0.9968694284192137,0.0017413890441978497
288.5447382811544,11325.931640625,5.650849342346191,0,0.9981969158607068,0.9969197506539363,0.0012771652067704586
288.5651708076839,11314.8212890625,5.650407791137695,0,0.9972177188272341,0.9969702231150542,0.0002474957121798571
288.5856032342199,11331.59765625,5.651546955108643,0,0.9986962831093847,0.9970208430991352,0.0016754400102495515
288.60603586052457,11337.5517578125,5.651186943054199,0,0.9992210404542985,0.9970716091334015,0.002149431320896955
288.6264683868212,11318.8857421875,5.650599002838135,0,0.9975759343544657,0.9971225182512377,0.0004534161032280215
288.6469009130087,11331.4775390625,5.651167392730713,0,0.9986856967302763,0.9971735684713523,0.0015121282589239948
288.6673334391962,11322.3701171875,5.6512556076049805,0,0.9978830254167343,0.9972247575586991,0.0006582678580352441
288.68776586514286,11321.8759765625,5.650087356567383,0,0.9978394749465808,0.997276083019747,0.0005633919268337451
288.7081984909819,11328.8798828125,5.652219295501709,0,0.9984567555235401,0.9973275433620267,0.0011292121615134043
288.72863101682015,11333.4951171875,5.651833534240723,0,0.9988635134720496,0.9973791355779613,0.0014843778940882846
288.7490635424183,11330.0439453125,5.6522722244262695,0,0.9985593487259572,0.9974308576594207,0.0011284910665364523
288.76949596802297,11328.216796875,5.6518235206604,0,0.9983983152681364,0.9974827070882218,0.0009156081799145399
288.789928493512,11336.349609375,5.653337001800537,0,0.999115090595091,0.99753468210126,0.0015804084938310092
288.81036111887806,11328.7568359375,5.65245246887207,0,0.9984459109400632,0.9975867804245268,0.0008591305155364326
288.8307935441335,11336.517578125,5.653118133544922,0,0.9991298943122182,0.9976389990110313,0.0014908953011869563
288.85122606938967,11339.875,5.65322732925415,0,0.9994257965185186,0.9976913363403901,0.0017344601781285052
288.8716586944065,11342.63671875,5.652809143066406,0,0.9996691971698908,0.9977437901220332,0.0019254070478575969
288.8920911194291,11349.2841796875,5.65322732925415,0,1.0002550628820162,0.9977963572888345,0.0024587055931816204
288.9125236442196,11334.1298828125,5.6525492668151855,0,0.9989194577518912,0.9978490363094192,0.001070421442471936
288.93295616900286,11346.9638671875,5.6543660163879395,0,1.0000505650221645,0.9979018246207307,0.0021487404014337574
288.95338869367697,11344.9755859375,5.652943134307861,0,0.9998753303240762,0.9979547199110823,0.0019206104129938506
288.9738212183511,11345.2001953125,5.6541948318481445,0,0.9998951259923278,0.9980077198646486,0.0018874061276791254
288.9942537427851,11338.1943359375,5.651374340057373,0,0.9992776732791228,0.9980608221601152,0.0012168511190076003
289.01468626710994,11347.3203125,5.654587745666504,0,1.0000819798869987,0.9981140244726485,0.001967955414350131
289.0351187914348,11336.8056640625,5.652717590332031,0,0.999155284408454,0.9981673244729817,0.0009879599354722934
289.05555131563597,11346.2666015625,5.653531074523926,0,0.9999891123824616,0.9982207198269637,0.0017683925554978774
289.07598393972876,11337.8564453125,5.653069972991943,0,0.9992478937086224,0.9982742084586336,0.0009736852499888649
289.0964163637036,11344.7373046875,5.654130935668945,0,0.9998543297021049,0.9983277872398765,0.0015265424622283863
289.11684888755553,11351.0654296875,5.655405044555664,0,1.0004120511380636,0.9983814546106443,0.002030596527419326
289.13728131129756,11354.31640625,5.656105041503906,0,1.0006985719189754,0.9984352076957679,0.002263364223207498
289.1577139350411,11346.078125,5.65414571762085,0,0.9999725012347548,0.9984890449317133,0.001483456303041475
289.1781464586602,11351.6904296875,5.653385639190674,0,1.000467134736677,0.998542963170956,0.001924171565720889
289.19857898205373,11349.388671875,5.654472827911377,0,1.0002642721711592,0.998596960315613,0.0016673118555462496
289.21901150544727,11338.5029296875,5.653799057006836,0,0.999304870805938,0.9986510340019257,0.0006538368040123199
289.23944402883353,11337.318359375,5.653475761413574,0,0.9992004701729414,0.9987051818621702,0.0004952883107712802
289.25987655199424,11359.232421875,5.655341625213623,0,1.0011318388493173,0.9987594015248139,0.002372437324503429
289.28030897503777,11338.169921875,5.652894973754883,0,0.9992755215760519,0.9988136903501811,0.0004618312258708457
289.30074159807555,11344.7060546875,5.654022216796875,0,0.9998515755221742,0.9988680467590266,0.0009835287631475564
289.3211741210034,11352.2431640625,5.655601978302002,0,1.0005158492942006,0.9989224675734045,0.0015933817207960388
289.3416065438141,11348.3955078125,5.654797554016113,0,1.0001767408902378,0.9989769504094578,0.0011997904807800053
289.36203916650265,11359.494140625,5.656320095062256,0,1.0011549051062367,0.9990314936819329,0.002123411424303834
289.3824716890813,11353.0673828125,5.654509544372559,0,1.0005884907898717,0.9990860942022148,0.001502396587656829
289.40290411165915,11359.52734375,5.655384540557861,0,1.001157831422413,0.9991407495789949,0.0020170818434180893
289.42333673399844,11351.9384765625,5.655163764953613,0,1.0004889960398766,0.9991954582213227,0.0012935378185539026
289.44376925634424,11359.943359375,5.65382719039917,0,1.00119449644274,0.999250216931485,0.001944279511254976
289.46420167857286,11358.58984375,5.655644416809082,0,1.0010752060244932,0.9993050233107293,0.0017701827137638348
289.48463420067856,11358.421875,5.655538082122803,0,1.001060402307366,0.9993598754957154,0.00170052681165056
289.5050668227923,11367.5859375,5.657666206359863,0,1.0018680655720322,0.9994147710856532,0.0024532944863789874
289.5254993446724,11356.494140625,5.656502723693848,0,1.0008905038328932,0.9994697071388694,0.0014207966940238403
289.5459317665518,11359.4306640625,5.655777931213379,0,1.0011493106782525,0.9995246812499441,0.0016246294283084328
289.566364388309,11343.9609375,5.654088020324707,0,0.9997859055444526,0.9995796918188373,0.0002062137256152452
289.5867969099563,11367.740234375,5.657367706298828,0,1.0018816643354398,0.9996347356294364,0.0022469287060034038
289.6072293314792,11361.759765625,5.656134128570557,0,1.0013545831512096,0.9996898102710446,0.0016647728801649775
289.62766185289365,11355.8671875,5.655928134918213,0,1.0008352480980343,0.9997449138712603,0.001090334226773959
289.6480944743089,11356.6328125,5.655035495758057,0,1.0009027255063356,0.9998000440179807,0.0011026814883549063
289.6685268956062,11373.560546875,5.656179428100586,0,1.0023946303475255,0.9998551974873099,0.002539432860215629
289.68895941678056,11367.443359375,5.657081127166748,0,1.0018554996260987,0.9999103726738618,0.0019451269522368086
289.7093919378458,11360.3896484375,5.655801296234131,0,1.0012338295748746,0.9999655668918638,0.0012682626830108346
289.72982445878733,11363.51171875,5.65708065032959,0,1.0015089893635722,1.0000207777245074,0.0014882116390648736
289.75025697973615,11369.1513671875,5.658139705657959,0,1.0020060327729337,1.0000760027546503,0.0019300300182834018
289.77068950045214,11364.697265625,5.65656852722168,0,1.0016134760646918,1.0001312395635262,0.0014822365011655236
289.7911220211681,11374.1806640625,5.65765380859375,0,1.0024492836055245,1.0001864857331304,0.00226279787239414
289.8115545417604,11377.322265625,5.661401271820068,0,1.0027261647566788,1.0002417388440858,0.0024844259125929025
289.8319869623592,11368.474609375,5.657944202423096,0,1.0019463875638104,1.0002969962069501,0.0016493913568602636
289.85241958271945,11381.1357421875,5.661094665527344,0,1.0030622607763422,1.0003522562128557,0.002710004563486468
289.8728521030862,11369.99609375,5.6577606201171875,0,1.0020804816991844,1.0004075156314882,0.00167296606769618
289.89328452333575,11379.4365234375,5.65888786315918,0,1.0029125022426126,1.0004627720429122,0.002449730199700406
289.9137171434704,11368.7041015625,5.6606621742248535,0,1.0019666135726761,1.0005180238389033,0.0014485897337728204
289.93414966348064,11379.5751953125,5.660764217376709,0,1.0029247239160548,1.0005732677888854,0.00235145612716936
289.95458208338096,11383.0810546875,5.661101818084717,0,1.0032337084770258,1.0006285014740812,0.0026052070029445318
289.97501460328203,11371.921875,5.657914161682129,0,1.0022502080374114,1.000683723016939,0.001566485020472408
289.9954472230602,11377.015625,5.6615118980407715,0,1.002699139366109,1.00073892999896,0.001960209367149135
290.01587964272767,11374.7548828125,5.660869598388672,0,1.0024998916617505,1.000794119192412,0.0017057724693385623
290.0363121622795,11370.3720703125,5.661959171295166,0,1.0021136179264751,1.0008492889911715,0.0012643289353035936
290.0567447818248,11383.58203125,5.6609697341918945,0,1.0032778614240392,1.0009044369795292,0.0023734244445099417
290.0771773011438,11375.0419921875,5.661491870880127,0,1.0025251956898633,1.0009595602023464,0.0015656354875168699
290.09760972046206,11377.7353515625,5.660933017730713,0,1.0027625715726372,1.0010146562469497,0.0017479153256874103
290.11804233965813,11368.53515625,5.660068511962891,0,1.001951723787426,1.001069723509272,0.0008820002781539937
290.1384748587443,11381.130859375,5.661869049072266,0,1.003061830435728,1.001124758769409,0.0019370716663189569
290.1589072778297,11381.2412109375,5.659883499145508,0,1.003071556133608,1.00117975961833,0.0018917965152780436
290.1793397967922,11380.5556640625,5.6627116203308105,0,1.0030111363113794,1.0012347241857724,0.0017764121256069743
290.1997724155299,11381.419921875,5.662013530731201,0,1.0030873066000867,1.0012896500641961,0.0017976565358905905
290.2202048343752,11384.6767578125,5.663570880889893,0,1.0033743437897353,1.0013445340433424,0.0020298097463928855
290.2406373529957,11395.7216796875,5.663625717163086,0,1.0043477742589781,1.0013993745252696,0.002948399733708529
290.26106997150055,11378.2060546875,5.660678386688232,0,1.0028040564078426,1.0014541691083327,0.001349887299509911
290.2815023900039,11388.787109375,5.6632771492004395,0,1.00373660451874,1.001508914589415,0.002227689929324983
290.3019349083843,11376.68359375,5.662230968475342,0,1.0026698762043458,1.0015636093752258,0.0011062668291199618
290.32236742677196,11379.267578125,5.662644386291504,0,1.0028976124573623,1.0016182508031601,0.0012793616542021713
290.34279994491953,11375.8349609375,5.661004543304443,0,1.0025950830056038,1.001672836479994,0.0009222465256097934
290.3632324630744,11377.7265625,5.662469387054443,0,1.0027617969595317,1.0017273640162676,0.0010344329432641075
290.3836649811128,11381.67578125,5.6625189781188965,0,1.003109856448269,1.001781831024075,0.0013280254241940792
290.4040975990283,11379.53125,5.662093162536621,0,1.0029208508505274,1.0018362353845789,0.001084615465948513
290.42453001683316,11389.484375,5.6632561683654785,0,1.0037980571584428,1.0018905739173283,0.0019074832411145604
290.44496253452235,11401.5654296875,5.664846420288086,0,1.0048628059060118,1.001944845041313,0.0029179608646987543
290.465395152205,11395.3505859375,5.663674354553223,0,1.0043150683723017,1.0019990463794641,0.002316021992837536
290.5062600872334,11387.8974609375,5.66269588470459,0,1.003658196458839,1.0021072286169113,0.001550967841927653
290.526692504689,11383.7802734375,5.663384914398193,0,1.0032953332529744,1.0021612050457638,0.001134128207210594
290.5471251220224,11388.56640625,5.66278600692749,0,1.0037171531229796,1.0022151024776593,0.0015020506453202742
291.4257230833682,11381.9892578125,5.662871360778809,0,1.0031374843156984,1.0044246204862743,-0.0012871361705759643
291.4461556967508,11380.8671875,5.6678056716918945,0,1.003038592042563,1.0044727484429432,-0.0014341564003801377
291.46658821024175,11382.8681640625,5.665341854095459,0,1.0032149456262482,1.0045206954247277,-0.0013057497984794164
291.4870206235064,11390.3935546875,5.667777061462402,0,1.0038781865808004,1.0045684593340787,-0.0006902727532782649
291.50745323677256,11391.9033203125,5.666224002838135,0,1.0040112478987007,1.004616038780046,-0.0006047908813453517
291.5278857500307,11397.07421875,5.668792247772217,0,1.004466978609102,1.0046634309793325,-0.00019645237023047102
291.5483181630625,11385.78515625,5.668086528778076,0,1.003472031109151,1.0047106338590532,-0.0012386027499022845
291.5687506760951,11385.0341796875,5.6672868728637695,0,1.0034058447226921,1.0047576458149206,-0.001351801092228433
291.5891832890047,11406.294921875,5.671269416809082,0,1.0052796338248928,1.0048044647853365,0.0004751690395563557
291.6096157018037,11403.09765625,5.670444965362549,0,1.004997846790737,1.0048510880343124,0.0001467587564245587
291.63004821460345,11396.259765625,5.669707298278809,0,1.0043951977946592,1.0048975142066081,-0.0005023164119488666
291.65048082728026,11385.8173828125,5.669921398162842,0,1.0034748713572044,1.0049437412661888,-0.001468869908984427
291.6709132398464,11389.63671875,5.66794490814209,0,1.003811483785605,1.004989766511719,-0.0011782827261139772
291.6913457524133,11382.2314453125,5.667815685272217,0,1.003158829210161,1.005035588605404,-0.0018767593952431216
291.7117783647409,11384.5048828125,5.668026447296143,0,1.0033591958001167,1.0050812055373153,-0.0017220097371986043
291.732210877075,11402.1474609375,5.669435024261475,0,1.0049141025072204,1.0051266148640863,-0.00021251235686592373
291.7526432894083,11392.8642578125,5.669147968292236,0,1.0040959389315685,1.0051718146004405,-0.0010758756688720172
291.7730758015023,11411.3984375,5.671258926391602,0,1.0057294258348188,1.0052168032091415,0.0005126226256773059
291.7935084137207,11415.791015625,5.6700592041015625,0,1.0061165602513225,1.0052615787179775,0.0008549815333449562
291.8139408257048,11389.39453125,5.66890811920166,0,1.003790138891142,1.0053061385097697,-0.0015159996186275837
291.8343733375659,11394.93359375,5.668809413909912,0,1.0042783172838519,1.005350481289473,-0.0010721640056210457
291.85480584943434,11391.638671875,5.670530796051025,0,1.0039879234374127,1.0053946048971405,-0.0014066814597277766
291.87523836130276,11404.6494140625,5.671520233154297,0,1.005134609037919,1.0054385074007344,-0.0003038983628154135
291.8956707729303,11391.4462890625,5.669380187988281,0,1.0039709680172146,1.0054821866641748,-0.001511218646960133
291.9161032845659,11399.5810546875,5.668716907501221,0,1.004687915480415,1.005525641202979,-0.00083772572256402
291.93653589608584,11397.9951171875,5.668771743774414,0,1.0045481408489338,1.0055688691108435,-0.001020728261909687
291.95696840759774,11384.478515625,5.6695756912231445,0,1.0033568719608001,1.0056118680720707,-0.0022549961112705574
291.9774008188833,11400.0615234375,5.671274185180664,0,1.0047302609968487,1.0056546362067995,-0.0009243752099508118
291.99783343028685,11387.0615234375,5.671191692352295,0,1.0035845221456938,1.005697172269316,-0.0021126501236221618
292.0182659414495,11393.3125,5.670821666717529,0,1.0041354441999488,1.0057394737701326,-0.0016040295701837959
292.03869835261867,11391.546875,5.6706366539001465,0,1.0039798330338665,1.0057815388609816,-0.001801705827115141
292.05913096367294,11402.7998046875,5.672552108764648,0,1.004971596013273,1.0058233663155993,-0.0008517703023263046
292.07956347460276,11401.9482421875,5.673096656799316,0,1.0048965446101623,1.0058649536866184,-0.0009684090764561226
292.0999958855391,11405.228515625,5.671774387359619,0,1.005185647434759,1.005906299156874,-0.0007206517221149955
292.1204283963598,11383.8251953125,5.6700758934021,0,1.0032992923866246,1.005947401320447,-0.0026481089338223907
292.14086100705754,11392.416015625,5.670069217681885,0,1.004056433663188,1.005988258374016,-0.0019318247108279785
292.16129341776104,11382.7421875,5.669273853302002,0,1.0032038428384027,1.0060288679307874,-0.002825025092384692
292.1817259283489,11400.013671875,5.671359539031982,0,1.00472604365883,1.0060692288104303,-0.0013431851516003679
292.2021585388138,11394.91796875,5.669437408447266,0,1.0042769401938865,1.0061093392420029,-0.0018323990481163843
292.2225909492845,11399.1240234375,5.669675827026367,0,1.004647635598929,1.0061491968824003,-0.0015015612834714531
292.2430234596395,11389.9794921875,5.670220375061035,0,1.0038416936967192,1.0061888005732194,-0.0023471068765001935
292.26345596987085,11398.158203125,5.670234680175781,0,1.0045625142254468,1.0062281483846482,-0.0016656341592014012
292.2838885799938,11390.955078125,5.670295715332031,0,1.0039276757514295,1.0062672387844962,-0.002339563033066705
292.30432099011523,11395.1748046875,5.6710429191589355,0,1.0042995761101916,1.006306069489301,-0.0020064933791092976
292.32475350023014,11392.4892578125,5.671525955200195,0,1.0040628887724006,1.006344639370823,-0.002281750598422505
292.34518611012027,11391.2080078125,5.67167854309082,0,1.0039499673952434,1.006382946735967,-0.0024329793407236178
292.36561852000887,11401.6259765625,5.671433925628662,0,1.0048681421296275,1.0064209893473084,-0.0015528472176808972
292.38605102977453,11390.02734375,5.670468807220459,0,1.0038459110347382,1.006458766099367,-0.0026128550646287163
292.40648363954824,11403.392578125,5.6719970703125,0,1.0050238393638327,1.0064962753343538,-0.0014724359705211576
292.426916049204,11402.9921875,5.671661853790283,0,1.004988551433471,1.006533514860895,-0.0015449634274238289
292.44734855873685,11400.57421875,5.672478675842285,0,1.0047754467613361,1.006570483597139,-0.0017950368358028435
292.46778106827696,11384.8466796875,5.670701503753662,0,1.0033893196431083,1.0066071797416718,-0.0032178600985635075
292.48821357770066,11389.0185546875,5.671297073364258,0,1.0037570026638514,1.0066436016874751,-0.0028865990236237593
292.50864608700067,11398.2607421875,5.671964645385742,0,1.0045715513783444,1.0066797478397487,-0.0021081964614042548
292.52907859630795,11401.5751953125,5.673128128051758,0,1.0048636665872401,1.00671561661601,-0.001851950028769922
292.5495111054988,11388.923828125,5.671043872833252,0,1.0037486540559366,1.0067512064454738,-0.003002552389537172
292.569943614566,11394.349609375,5.672475337982178,0,1.0042268485463977,1.0067865157697753,-0.0025596672233776374
292.59037612364045,11380.5419921875,5.671907424926758,0,1.0030099313576597,1.006821543043069,-0.003811611685409222
292.61080853259773,11390.3447265625,5.672346591949463,0,1.0038738831746588,1.0068562865620747,-0.002982403387415955
292.63124114143284,11404.666015625,5.672143459320068,0,1.005136072196007,1.0068907453135165,-0.001754673117509542
292.65167365027446,11395.2490234375,5.672048091888428,0,1.004306117287527,1.0069249172807562,-0.002618799993229226
292.6721060589989,11396.1796875,5.67329216003418,0,1.004388140208587,1.006958800971535,-0.002570660762947874
292.6925386676012,11387.3134765625,5.670652866363525,0,1.0036067277213847,1.0069923953975686,-0.0033856676761838678
292.71297117621,11396.533203125,5.672797679901123,0,1.0044192968690526,1.007025698592717,-0.002606401723664442
292.733403584818,11394.73046875,5.671882152557373,0,1.0042604151143026,1.0070587091030196,-0.0027982939887170044
292.75383619318745,11399.1005859375,5.673030376434326,0,1.004645569963981,1.0070914259651973,-0.0024458560012163844
292.7742687015634,11398.8759765625,5.671792984008789,0,1.0046257742957292,1.0071238472645712,-0.002498072968841969
292.79470120982296,11395.9560546875,5.6723785400390625,0,1.0043684306084582,1.0071559717421725,-0.0027875411337143774
292.81513361807447,11395.6689453125,5.673089981079102,0,1.0043431265803453,1.0071877978365233,-0.002844671256178044
292.83556622610195,11394.966796875,5.672632694244385,0,1.0042812436000281,1.007219324618822,-0.002938081018793781
292.8559987342451,11392.1748046875,5.672929286956787,0,1.0040351748368481,1.0072505502440599,-0.003215375407211729
292.87643114227103,11395.2587890625,5.6736159324646,0,1.0043069779687552,1.0072814733490476,-0.0029744953802923746
292.8968637501748,11395.6689453125,5.673507213592529,0,1.0043431265803453,1.0073120930315638,-0.002968966451218469
292.91729615796794,11398.4228515625,5.673281669616699,0,1.0045858386867348,1.0073424073514874,-0.002756568664752601
292.93772866575455,11393.974609375,5.673725128173828,0,1.0041937983872298,1.0073724154289436,-0.0031786170417138493
292.958161173432,11405.1474609375,5.673563480377197,0,1.0051785037805638,1.007402115800722,-0.0022236120201581944
292.9785936809931,11391.8603515625,5.672783374786377,0,1.004007460901296,1.00743150716634,-0.0034240462650441117
292.9990261885541,11396.419921875,5.673111915588379,0,1.004409312966804,1.0074605882390206,-0.0030512752722167136
293.0194586959915,11404.5302734375,5.674633502960205,0,1.0051241087269334,1.0074893577452304,-0.0023652490182970443
293.0398912034361,11393.7138671875,5.673744201660156,0,1.0041708181984332,1.0075178144254384,-0.0033469962270051834
293.0603237107571,11405.0888671875,5.673861503601074,0,1.005173339693194,1.0075459570334446,-0.0023726173402507378
293.0807562179689,11404.271484375,5.674988269805908,0,1.0051013006743825,1.007573784337006,-0.002472483662623537
293.1011887251807,11389.025390625,5.672833442687988,0,1.0037576051407113,1.0076012951178124,-0.00384368997710105
293.1216212322761,11393.6728515625,5.6735358238220215,0,1.0041672033372742,1.0076284881711066,-0.0034612848338324564
293.1420537393642,11403.5224609375,5.674375534057617,0,1.0050352864241694,1.0076553623063467,-0.002620075882177275
293.1624861463424,11395.98046875,5.674335479736328,0,1.004370582311529,1.0076819162174995,-0.0033113339059704927
293.18291875319846,11381.69921875,5.673471450805664,0,1.003111922083217,1.0077081491293682,-0.004596227046151258
293.203351260061,11398.783203125,5.674814224243164,0,1.0046175978240601,1.0077340595059536,-0.003116461681893501
293.2237836668064,11393.80078125,5.673623561859131,0,1.0041784782613654,1.0077596462173173,-0.0035811679559518694
293.2442162734369,11388.7705078125,5.673495769500732,0,1.003735141360652,1.0077849085164057,-0.004049767155753781
293.26464878005936,11397.2216796875,5.674493312835693,0,1.0044799748956499,1.0078098449239121,-0.0033298700282622384
293.2850812865727,11396.4150390625,5.673316478729248,0,1.0044088826261897,1.0078344544722693,-0.0034255718460796114
293.30551369308523,11401.6328125,5.674819469451904,0,1.0048687446064872,1.007858735966009,-0.0029899913595217154
293.3259462993592,11407.53515625,5.6752495765686035,0,1.0053889403408909,1.0078826886957473,-0.0024937483548563844
293.3463788057561,11392.9052734375,5.674411773681641,0,1.0040995537927273,1.007906311259007,-0.0038067574662796755
293.3668112120358,11403.8447265625,5.674607753753662,0,1.0050636889047044,1.007929602626013,-0.0028659137213085106
293.3872438181934,11396.744140625,5.674777030944824,0,1.0044378875835844,1.007952562116453,-0.003514674532868467
293.40767632424104,11393.818359375,5.674141883850098,0,1.0041800274875763,1.0079751883854926,-0.0037951608979163165
293.42810873028066,11408.166015625,5.675222396850586,0,1.005444540348241,1.0079974804474192,-0.0025529400991781692
293.4689738421439,11408.013671875,5.67521333694458,0,1.0054311137210792,1.0080410587097104,-0.0026099449886312076
293.48940624795796,11394.146484375,5.67563009262085,0,1.0042089463768484,1.008062342682028,-0.0038533963051796682
293.5098387537655,11408.5205078125,5.675042152404785,0,1.0054757830768295,1.0080832888443314,-0.0026075057675019053
293.5302713594647,11395.2470703125,5.674727916717529,0,1.0043059451512812,1.00810389627439,-0.003797951123108767
293.55070376503863,11402.85546875,5.674715042114258,0,1.0049765018962744,1.0081241637697942,-0.0031476618735197803
293.5711362706206,11406.29296875,5.675690174102783,0,1.0052794616886471,1.0081440907433052,-0.002864629054658119
293.59156887608697,11401.34375,5.674865245819092,0,1.0048432684421287,1.0081636763172643,-0.003320407875135656
293.61200138142885,11407.3427734375,5.674678802490234,0,1.0053719849206928,1.008182919442376,-0.0028109345216831283
293.63243378677726,11397.9775390625,5.674346923828125,0,1.0045465916227228,1.0082018192812088,-0.0036552276584860266
293.6528662921264,11396.2353515625,5.673553466796875,0,1.0043930460915884,1.0082203751911964,-0.0038273290996080345
293.67329889723624,11406.1640625,5.6754374504089355,0,1.005268100696433,1.0082385863545706,-0.0029704856581376227
293.6937313024682,11394.505859375,5.674112319946289,0,1.004240619446051,1.0082564517094077,-0.004015832263356778
293.71416380746814,11399.24609375,5.674809455871582,0,1.004658394114283,1.0082739707379829,-0.0036155766236998232
293.73459641246154,11400.705078125,5.674971103668213,0,1.0047869798897957,1.0082911426683059,-0.003504162778510178
293.7550288173443,11404.140625,5.675404071807861,0,1.005089767545923,1.0083079664988233,-0.0032181989529003197
293.7754613222278,11399.47265625,5.674994468688965,0,1.0046783619187805,1.0083244417425414,-0.0036460798237609726
293.79589392710477,11400.712890625,5.6758317947387695,0,1.0047876684347785,1.0083405676729356,-0.003552899238157048
293.8163263317547,11406.1025390625,5.675791263580322,0,1.0052626784046947,1.008356343349543,-0.0030936649448483067
293.83675883640535,11398.5966796875,5.675507545471191,0,1.004601158812599,1.008371768315979,-0.00377060950338004
293.857191341056,11387.0087890625,5.674385070800781,0,1.0035798744670608,1.0083868418187703,-0.00480696735170949
293.877623845583,11410.2431640625,5.676029205322266,0,1.0056276072455073,1.0084015631978118,-0.002773955952304563
293.89805635000084,11400.7568359375,5.675207138061523,0,1.004791541500306,1.0084159318085217,-0.003624390308215819
293.9184888544114,11408.1142578125,5.676651954650879,0,1.0054399787377308,1.0084299470218232,-0.0029899682840923703
293.93892135871283,11409.083984375,5.675809383392334,0,1.0055254443837043,1.008443608223971,-0.002918163840266663
293.95935386289784,11406.7236328125,5.67569637298584,0,1.0053174177308166,1.0084569148167892,-0.003139497085972609
293.9797862670821,11407.087890625,5.676082134246826,0,1.0053495211406334,1.0084698661551903,-0.0031203450145569356
294.0002187712598,11415.63671875,5.67710018157959,0,1.0061029614879147,1.0084824617988486,-0.002379500310933924
294.0206513753292,11398.73828125,5.675863265991211,0,1.0046136386904099,1.008494701190957,-0.0038810625005472055
294.0410837792806,11409.931640625,5.6758646965026855,0,1.0056001515143234,1.0085065836185119,-0.0029064321041885055
294.0615162832255,11404.916015625,5.675816535949707,0,1.0051581056354524,1.0085181087383739,-0.003360003102921505
294.081948887062,11393.49609375,5.675779342651367,0,1.0041516250070415,1.0085292760405924,-0.004377651033550922
294.10238129089703,11401.9619140625,5.675998210906982,0,1.004897749563882,1.0085400848749204,-0.003642335311038414
294.1228137946091,11410.2705078125,5.676459789276123,0,1.0056300171529466,1.008550534929346,-0.002920517776399345
294.1432463982128,11400.181640625,5.675973415374756,0,1.0047408473759571,1.008560625741039,-0.0038197783650819606
294.16367890180845,11409.4990234375,5.6760969161987305,0,1.0055620233359084,1.0085703567694393,-0.0030083334335309075
294.1841113052942,11409.58984375,5.676802158355713,0,1.0055700276713317,1.0085797275936979,-0.0030096999223661047
294.2045438087807,11410.8056640625,5.677194595336914,0,1.0056771824842592,1.0085887378952771,-0.002911555411017952
294.2249764121516,11403.572265625,5.677177429199219,0,1.005039675898434,1.008597387274302,-0.0035577113758680223
294.24540881551366,11412.4375,5.6776933670043945,0,1.0058210023175134,1.0086056752277541,-0.0027846729102407597
294.26584131876734,11406.8740234375,5.677852153778076,0,1.0053306722217328,1.008613601517036,-0.003282929295303161
294.2862739220145,11410.26171875,5.678012847900391,0,1.005629242539841,1.0086211657898114,-0.0029919232499704407
294.306706325151,11415.16796875,5.678335666656494,0,1.0060616487889549,1.0086283676064316,-0.002566718817476721
294.3271388281719,11415.865234375,5.678716659545898,0,1.0061231014286576,1.0086352067599582,-0.0025121053313006403
294.34757133119274,11296.2353515625,5.665740489959717,0,0.9955796703134735,1.0086416829148364,-0.01306201260136286
294.3680038340899,11222.25,5.659261226654053,0,0.9890590632595109,1.0086477957874616,-0.01958873252795068
294.38843633699435,11216.7666015625,5.658360004425049,0,0.9885757907498027,1.0086535451102145,-0.020077754360411815
294.4088688397824,11267.00390625,5.662912368774414,0,0.9930033931927086,1.0086589306313203,-0.0156555374386117
294.4293013425631,11407.0908203125,5.676729202270508,0,1.0053497793450017,1.0086639521149978,-0.0033141727699961265
294.44973384523473,11416.4345703125,5.678216934204102,0,1.0061732791442695,1.0086686093413515,-0.002495330197082035
294.47016634790634,11416.0634765625,5.678381443023682,0,1.0061405732575928,1.0086729021064855,-0.002532328848892762
294.490598950455,11410.5947265625,5.677621364593506,0,1.0056585917697272,1.0086768302407438,-0.0030182384710166765
294.51103135289304,11419.8876953125,5.678197860717773,0,1.0064776160266073,1.0086803935171402,-0.002202777490532881
294.5314638553318,11409.400390625,5.676674842834473,0,1.0055533304555022,1.008683591834669,-0.003130261379166832
294.55189625776256,11402.5009765625,5.677059650421143,0,1.004945259167686,1.0086864250219811,-0.003741165854295181
294.5723288600857,11400.65625,5.6767754554748535,0,1.004782676483654,1.0086888929939273,-0.0039062165102732305
294.59276136229164,11416.943359375,5.677448272705078,0,1.0062181206362655,1.0086909956035317,-0.0024728749672662254
294.61319376448955,11407.923828125,5.676876068115234,0,1.0054231954537785,1.0086927327641075,-0.003269537310329085
294.63362636657985,11431.248046875,5.678096771240234,0,1.0074788464995255,1.0086941044224078,-0.0012152579228823512
294.6540588686694,11407.9814453125,5.67682409286499,0,1.0054282734730255,1.00869511049556,-0.0032668370225343857
294.6744913706352,11406.3095703125,5.678037643432617,0,1.0052809248467354,1.0086957509471162,-0.0034148261003807967
294.6949237726076,11410.7392578125,5.677975177764893,0,1.0056713298519064,1.0086960257485909,-0.003024695896684415
294.71535637446505,11409.595703125,5.6771979331970215,0,1.0055705440800689,1.0086959348893025,-0.0031253908092336857
294.73578887619806,11417.642578125,5.678088188171387,0,1.006279745412214,1.0086954783718862,-0.0024157329596721233
294.756221278054,11413.4580078125,5.677850723266602,0,1.005910943505874,1.0086946562216939,-0.002783712715819897
294.77665387967863,11415.974609375,5.6780829429626465,0,1.006132741058415,1.0086934684599869,-0.0025607274015717607
294.79708638129523,11429.3828125,5.679274082183838,0,1.0073144563849141,1.0086919151535216,-0.001377458768607509
294.81751878291834,11403.583984375,5.6774067878723145,0,1.005040708715908,1.008689996375678,-0.0036492876597700175
294.83795138442656,11419.443359375,5.678614616394043,0,1.0064384550307184,1.0086877121796314,-0.0022492571489129976
294.8583838858103,11402.3798828125,5.677210807800293,0,1.0049345867204547,1.008685062696262,-0.0037504759758073547
294.8788162872006,11425.8037109375,5.679527282714844,0,1.0069990167147307,1.0086820480469298,-0.0016830313321991586
294.89924878847523,11411.9990234375,5.678666591644287,0,1.0057823577303613,1.0086786683341484,-0.0028963106037871444
294.9196812897426,11416.0546875,5.677192687988281,0,1.0061397986444873,1.00867492371975,-0.0025351250752627674
294.9401137910172,11417.921875,5.678846836090088,0,1.0063043608953444,1.008670814367696,-0.0023664534723515374
294.960546292059,11414.0283203125,5.677154541015625,0,1.0059612072896085,1.008666340457974,-0.0027051331683656255
294.9809788932107,11415.9111328125,5.67838716506958,0,1.006127146630431,1.0086615021618397,-0.002534355531408794
295.00141129425174,11415.017578125,5.677667617797852,0,1.0060483942980385,1.0086562997649078,-0.002607905466869287
295.0218437951771,11402.3505859375,5.676868915557861,0,1.0049320046767696,1.0086507334212698,-0.003718728744500188
295.04227619609446,11420.3857421875,5.677903652191162,0,1.0065215107692524,1.0086448034291136,-0.002123292659861109
295.0627087969042,11410.603515625,5.677053451538086,0,1.0056593663828326,1.0086385099583899,-0.002979143575557286
295.08314129771315,11418.37109375,5.678401947021484,0,1.0063439522318476,1.0086318533743728,-0.002287901142525195
295.10357379839843,11416.8837890625,5.678638458251953,0,1.0062128704807727,1.0086248339386625,-0.002411963457889854
295.124006299091,11416.408203125,5.678869247436523,0,1.006170955304953,1.008617451958574,-0.0024464966536210664
295.1444387996671,11409.369140625,5.678159236907959,0,1.0055505762755714,1.008609707757386,-0.00305913148181447
295.1648712002352,11421.814453125,5.679932594299316,0,1.0066474284329572,1.00860160171471,-0.0019541732817527357
295.1853038006957,11410.0048828125,5.679046630859375,0,1.0056066066235358,1.0085931340638536,-0.002986527440317799
295.2057363011554,11412.0869140625,5.678658962249756,0,1.0057901038614163,1.008584305297215,-0.002794201435798671
295.22616880149144,11421.9208984375,5.68048620223999,0,1.0066568098583462,1.0085751157608742,-0.0019183059025280613
295.246601201834,11427.8759765625,5.6794962882995605,0,1.0071816532713826,1.008565565904774,-0.0013839126333914376
295.26703380206163,11414.8515625,5.678927898406982,0,1.006033762717157,1.008555656004271,-0.002521893287114052
295.28746630228125,11431.720703125,5.6822943687438965,0,1.0075205034709769,1.0085453866360947,-0.0010248831651178403
295.30789870239096,11416.3701171875,5.67956018447876,0,1.0061675986481624,1.0085347582552349,-0.0023671596070724554
295.3283313025022,11417.8671875,5.679765224456787,0,1.0062995410804656,1.0085237711683328,-0.0022242300878672072
295.348763802489,11411.5576171875,5.679498672485352,0,1.0057434549388407,1.0085124260152294,-0.0027689710763887376
295.36919620248227,11409.794921875,5.679253101348877,0,1.005588101977127,1.0085007232978742,-0.0029126213207473217
295.3896288023607,11421.09375,5.680341720581055,0,1.0065839101583063,1.008488663354315,-0.0019047531960088016
295.41006130223104,11417.4423828125,5.679586410522461,0,1.0062621014470332,1.0084762468870012,-0.002214145439968007
295.4304937019915,11424.234375,5.681191444396973,0,1.0068607052413379,1.0084634744449035,-0.0016027692035656127
295.45092620175274,11406.400390625,5.679331302642822,0,1.0052889291821587,1.0084503464621952,-0.0031614172800364937
295.47135880139103,11412.349609375,5.680091857910156,0,1.0058132561864583,1.008436863508573,-0.0026236073221146405
295.49179130103585,11410.1611328125,5.679153919219971,0,1.0056203775231893,1.0084230263063005,-0.0028026487831112057
295.5122237005635,11410.919921875,5.680346488952637,0,1.0056872524546305,1.0084088354665457,-0.002721583011915163
295.53265630008536,11414.9462890625,5.679243564605713,0,1.0060421113250717,1.008394291399653,-0.002352180074581378
295.55308879961376,11417.3251953125,5.682521820068359,0,1.0062517732722933,1.0083793949533968,-0.0021276216811034754
295.573521199025,11418.70703125,5.68035888671875,0,1.006373559666102,1.0083641467853035,-0.0019905871192014146
295.59395369831327,11417.6806640625,5.681243896484375,0,1.0062831020690046,1.008348547413794,-0.002065445344789474
295.6143862976096,11405.7587890625,5.678557872772217,0,1.0052323824254574,1.0083325975166633,-0.003100215091205838
295.634818696788,11410.6982421875,5.679913520812988,0,1.0056677149907474,1.0083162980291518,-0.0026485830384044284
295.65525119595986,11412.34765625,5.679934978485107,0,1.0058130840502126,1.0082996494281231,-0.002486565377910477
295.6756837951398,11419.9267578125,5.680418968200684,0,1.0064810587515207,1.0082826524374306,-0.0018015936859099302
295.69611619420175,11411.3212890625,5.680084705352783,0,1.005722626453115,1.0082653080535278,-0.0025426816004128217
295.7165486931408,11426.3525390625,5.680922985076904,0,1.007047386999763,1.0082476167837684,-0.0012002297840054688
295.7369812920879,11410.0166015625,5.6793437004089355,0,1.0056076394410098,1.0082295793975955,-0.0026219399565856616
295.75741369103343,11424.7998046875,5.680694103240967,0,1.0069105386844581,1.008211196952177,-0.0013006582677188572
295.77784618985606,11433.412109375,5.681697368621826,0,1.0076695734597239,1.0081924699851632,-0.0005228965254393536
295.79827868868597,11421.91796875,5.680936813354492,0,1.0066565516539776,1.00817339940555,-0.0015168477515723477
295.8187112874002,11420.7666015625,5.681163311004639,0,1.0065550773371572,1.0081539859526396,-0.0015989086154823973
295.8391436861057,11415.6982421875,5.681344032287598,0,1.0061083837796532,1.008134230763926,-0.0020258469842728832
295.85957618470275,11427.2578125,5.680946350097656,0,1.0071271721496293,1.0081141344169748,-0.0009869622673455147
295.8800087833006,11427.580078125,5.68140172958374,0,1.0071555746301641,1.0080936977866297,-0.0009381231564655756
295.9004411817732,11423.375,5.681790351867676,0,1.0067849652932446,1.0080729220704165,-0.0012879567771719724
295.92087368025386,11415.7568359375,5.680725574493408,0,1.0061135478670231,1.0080518078753513,-0.0019382600083281964
295.94130607873376,11405.345703125,5.679625034332275,0,1.005195975609499,1.0080303563326234,-0.0028343807231243634
295.9617386769751,11417.0322265625,5.681180477142334,0,1.0062259528354434,1.008008568064345,-0.0017826152289015518
295.9821711753393,11416.25390625,5.681587219238281,0,1.0061573565415454,1.0079864443415978,-0.0018290878000524202
296.00260367358715,11407.447265625,5.680578708648682,0,1.0053811942098358,1.0079639860275496,-0.0025827918177137033
296.0230361718277,11419.1337890625,5.681887149810791,0,1.0064111714357802,1.0079411941054552,-0.0015300226696750574
296.0434686699591,11420.9345703125,5.68197774887085,0,1.0065698810542847,1.0079180695734102,-0.0013481885191255483
296.06390106797335,11411.20703125,5.681032180786133,0,1.0057125564827436,1.00789461355958,-0.0021820570768364966
296.08433366609825,11415.7373046875,5.681962966918945,0,1.0061118265045665,1.007870826743942,-0.0017590002393754745
296.1047661639968,11409.05078125,5.680445671081543,0,1.005522518067528,1.0078467105152515,-0.0023241924477235276
296.12519856201106,11419.6455078125,5.681740760803223,0,1.0064562711321448,1.0078222659339047,-0.0013659948017599177
296.14563105990237,11422.1220703125,5.68213415145874,0,1.0066745398916497,1.007797493831258,-0.0011229539396082622
296.1660636576853,11419.17578125,5.681801795959473,0,1.006414872365062,1.0077723952871849,-0.001357522922122767
296.1864960554667,11421.3486328125,5.683265686035156,0,1.006606373938366,1.0077469717714265,-0.0011405978330605304
296.2069285532489,11412.9580078125,5.6813178062438965,0,1.0058668766269834,1.0077212240262958,-0.0018543473993124504
296.2273611509081,11421.6005859375,5.6815032958984375,0,1.0066285795140568,1.007695153174605,-0.0010665736605481868
296.2477935484567,11418.6083984375,5.681822299957275,0,1.006364866785696,1.0076687607430392,-0.0013038939573433161
296.26822604611516,11415.0361328125,5.681736946105957,0,1.0060500295923724,1.0076420475018033,-0.001592017909430865
296.2886585435481,11424.462890625,5.682804584503174,0,1.0068808451820808,1.0076150147494016,-0.0007341695673208637
296.3090910410974,11427.66796875,5.687101364135742,0,1.0071633207612192,1.0075876636690542,-0.00042434290783499584
296.3295235384139,11423.0908203125,5.68282413482666,0,1.0067599194695003,1.0075599954588401,-0.0008000759893398435
296.34995603583957,11421.021484375,5.681326866149902,0,1.0065775411172166,1.007532011329794,-0.0009544702125774407
296.37038863315684,11426.0654296875,5.682559967041016,0,1.00702208297165,1.0075037123682744,-0.0004816293966243279
296.3908210304653,11422.2197265625,5.681360244750977,0,1.006683146703933,1.0074751002310542,-0.0007919535271212474
296.4112535276654,11419.494140625,5.682307720184326,0,1.0064429305731057,1.0074461757533064,-0.0010032451802006737
296.45211852194916,11413.509765625,5.681923866271973,0,1.0059155051163842,1.0073873952733696,-0.0014718901569854559
296.47255101902556,11423.3857421875,5.682774543762207,0,1.0067859120425957,1.0073575418449878,-0.0005716298023921151
296.49298341599206,11415.5234375,5.681732654571533,0,1.0060929775856662,1.0073273815111938,-0.0012344039255276495
296.5134160129528,11424.0,5.682092666625977,0,1.0068400488918579,1.0072969151473803,-0.00045686625552243676
296.53384850980365,11412.2919921875,5.68061637878418,0,1.0058081781672112,1.0072661445327935,-0.0014579663655822639
296.5542810067709,11418.013671875,5.682067394256592,0,1.0063124512988906,1.0072350708660711,-0.0009226195671805382
296.5951460003489,11414.26953125,5.682055473327637,0,1.0059824661159482,1.0071720198329392,-0.001189553716991032
296.61557849708333,11410.8583984375,5.681827068328857,0,1.005681830162892,1.0071400452271313,-0.0014582150642392655
296.6360108936933,11409.173828125,5.680560111999512,0,1.005533362651005,1.007107773249687,-0.001574410598681908
296.6564434903121,11413.4697265625,5.681799411773682,0,1.005911976323348,1.0070752048374705,-0.0011632285141225385
296.6768759869301,11416.337890625,5.682501792907715,0,1.006164758400109,1.0070423418925603,-0.0008775834924512615
296.69730838343094,11424.345703125,5.683134078979492,0,1.0068705170073409,1.0070091858584158,-0.0001386688510749412
296.717740979926,11414.740234375,5.6816277503967285,0,1.006023950951154,1.0069757376976924,-0.0009517867465385077
296.7381734763112,11408.4697265625,5.681437969207764,0,1.0054713075344421,1.0069419993640958,-0.0014706918296536475
296.75860587268835,11418.623046875,5.681868076324463,0,1.0063661578075385,1.0069079723389962,-0.0005418145314577405
296.7790384689579,11405.7431640625,5.679455757141113,0,1.005231005335492,1.006873657610777,-0.0016426522752850392
296.79947096534306,11416.1337890625,5.681575298309326,0,1.0061467701624367,1.0068390571832957,-0.0006922870208589949
296.81990336149465,11415.7177734375,5.6819539070129395,0,1.00611010514211,1.0068041725763641,-0.0006940674342541531
296.84033585775614,11425.9970703125,5.682977199554443,0,1.0070160582030516,1.0067690049754119,0.00024705322763973747
296.86076845390926,11417.9248046875,5.6824822425842285,0,1.0063046190997127,1.0067335559165398,-0.00042893681682709683
296.8812009499379,11398.5029296875,5.677986145019531,0,1.004592896272807,1.0066978272989557,-0.0021049310261487264
296.9016333459731,11428.75390625,5.682322025299072,0,1.0072590285138097,1.0066618206909606,0.0005972078228491107
296.9220659420098,11413.28515625,5.682146072387695,0,1.0058957094481324,1.0066255371384705,-0.0007298276903380252
296.94249843792204,11423.3896484375,5.682703971862793,0,1.0067862563150871,1.0065889787611386,0.0001972775539484939
296.9629308338408,11404.3955078125,5.681341648101807,0,1.0051122313259824,1.0065521471635224,-0.0014399158375399956
296.9833634297611,11416.009765625,5.681724548339844,0,1.006135839510837,1.0065150434155847,-0.0003792039047476603
297.0037959255569,11404.8759765625,5.68051815032959,0,1.0051545768424162,1.0064776696849744,-0.001323092842558271
297.02422832135926,11418.94921875,5.681540012359619,0,1.0063949045605647,1.006440027611874,-4.51230513092149e-05
297.04466081704595,11418.5283203125,5.682564735412598,0,1.0063578091996237,1.0064021184762726,-4.4309276648890616e-05
297.06509331273264,11414.7666015625,5.681373596191406,0,1.0060262747904705,1.0063639441214387,-0.0003376693309682377
297.08552580829564,11428.205078125,5.682894706726074,0,1.0072106582287774,1.0063255062191276,0.0008851520096497811
297.1059583038659,11410.10546875,5.681501865386963,0,1.0056154716401877,1.006286806452157,-0.0006713348119693485
297.1263907994289,11413.294921875,5.6794257164001465,0,1.0058965701293607,1.0062478465150824,-0.0003512763857216328
297.1468232948828,11403.8916015625,5.679417133331299,0,1.0050678201746004,1.0062086281140201,-0.0011408079394197301
297.16725579033664,11412.462890625,5.680658340454102,0,1.005823240088707,1.0061691529659997,-0.0003459128772926867
297.18768818578974,11416.208984375,5.6824421882629395,0,1.006153397407895,1.0061294229945692,2.397441332568917e-05
297.20812078112067,11403.2177734375,5.681418418884277,0,1.0050084331698454,1.0060894393544109,-0.001081006184565414
297.2285532764581,11408.3876953125,5.6801862716674805,0,1.0054640778121242,1.0060492043812124,-0.0005851265690881569
297.2489856716784,11415.0732421875,5.679760932922363,0,1.00605330018104,1.0060087198406482,4.458034039167558e-05
297.2694182668929,11404.1962890625,5.680523872375488,0,1.0050946734289243,1.0059679869089442,-0.0008733134800198439
297.28985076211393,11413.0498046875,5.682348251342773,0,1.0058749670305296,1.0059270079658618,-5.204093533217602e-05
297.3102831572178,11404.6015625,5.680023193359375,0,1.0051303916999001,1.0058857848095777,-0.0007553931096775379
297.3307157523159,11398.0244140625,5.681546688079834,0,1.0045507228926187,1.0058443186378496,-0.0012935957452309133
297.3511482474205,11411.2177734375,5.6822404861450195,0,1.0057135032320947,1.0058026118733498,-8.910864125510898e-05
297.37158064240793,11410.451171875,5.682618618011475,0,1.0056459397556707,1.0057606663460488,-0.00011472659037803368
297.39201313738886,11406.4443359375,5.681886672973633,0,1.0052928022476861,1.0057184834817925,-0.0004256812341063565
297.4124457322614,11416.447265625,5.679902076721191,0,1.0061743980298663,1.0056760651243657,0.0004983329055006092
297.4328782271332,11407.6416015625,5.682587623596191,0,1.0053983217662796,1.0056334135461003,-0.00023509177982061757
297.4533106218805,11414.0625,5.6840009689331055,0,1.0059642196739076,1.0055905306182338,0.0003736890556738093
297.47374321675306,11405.33984375,5.681166648864746,0,1.005195459200762,1.005547417586623,-0.0003519583858611064
297.49417571150116,11418.974609375,5.683625221252441,0,1.0063971423317584,1.0055040769708774,0.0008930653608809624
297.51460810613935,11399.373046875,5.681569576263428,0,1.0046695829702514,1.0054605106720345,-0.0007909277017830174
297.5350406007783,11400.279296875,5.682323455810547,0,1.0047494541882405,1.005416720171035,-0.0006672659827944294
297.555473195418,11404.0859375,5.681362152099609,0,1.0050849477310442,1.005372707382037,-0.0002877596509929248
297.5759055899325,11408.443359375,5.680838584899902,0,1.0054689836951256,1.0053284748803066,0.0001405088148189737
297.59633808457147,11406.8828125,5.683188438415527,0,1.0053314468348384,1.0052840239542644,4.7422880574021775e-05
297.6167706789711,11417.884765625,5.6833624839782715,0,1.0063010903066767,1.005239356547865,0.0010617337588116893
297.63720307349286,11400.5107421875,5.680957794189453,0,1.004769852333352,1.0051944752735442,-0.0004246229401922985
297.65763556778256,11396.0791015625,5.679943561553955,0,1.0043792751919352,1.0051493814398818,-0.0007701062479466003
297.67806816218945,11405.203125,5.68079137802124,0,1.0051834096635652,1.0051040770175073,7.933264605797241e-05
297.6985006564719,11387.408203125,5.679238796234131,0,1.0036150763292995,1.0050585644341299,-0.001443488104830415
297.7189330507608,11397.8173828125,5.680445671081543,0,1.004532476450578,1.0050128456853418,-0.000480369234763689
297.73936554505053,11394.99609375,5.6799397468566895,0,1.0042838256437132,1.0049669223255095,-0.0006830966817963358
297.7597981392173,11399.515625,5.679830074310303,0,1.004682148916185,1.0049207963627502,-0.00023864744656520998
297.78023053338984,11399.7568359375,5.6807451248168945,0,1.0047034077425248,1.004874470495177,-0.00017106275265232895
297.8006630274467,11401.4931640625,5.680652618408203,0,1.0048564368649222,1.004827946072808,2.8490792114199692e-05
297.8210956214971,11396.2158203125,5.6807146072387695,0,1.0043913247291318,1.0047812251296415,-0.00038990040050967956
297.8415280155532,11398.23828125,5.680262088775635,0,1.0045695718115193,1.004734310398794,-0.00016473858727472646
297.86196050961007,11388.431640625,5.680808067321777,0,1.0037052757220286,1.0046872032471117,-0.0009819275250830817
297.8823929035425,11393.36328125,5.681361675262451,0,1.0041399197423362,1.0046399061986209,-0.0004999864562846845
297.9028254973673,11390.6806640625,5.6805949211120605,0,1.0039034906089135,1.004592420628441,-0.0006889300195274117
297.92325799130776,11394.8779296875,5.681528091430664,0,1.0042734114008505,1.0045447493110977,-0.00027133791024724907
297.94369048512453,11390.990234375,5.680121421813965,0,1.0039307742038517,1.0044968941025678,-0.0005661198987161331
297.9641229789486,11386.0087890625,5.680637359619141,0,1.0034917407092796,1.0044488570979586,-0.0009571163886790135
297.9845554726562,11392.7099609375,5.680881500244141,0,1.0040823401681607,1.0044006404009347,-0.00031830023277401587
298.00498796635657,11393.74609375,5.680004119873047,0,1.0041736584464866,1.004352246122481,-0.0001785876759943239
298.02542056006496,11393.7421875,5.680995464324951,0,1.0041733141739955,1.0043036761434436,-0.00013036196944815615
298.0458529536554,11391.26953125,5.682113170623779,0,1.003955389686982,1.0042549333052253,-0.0002995436182433586
298.06628544723935,11407.736328125,5.682619571685791,0,1.0054066703741944,1.0042060190274482,0.0012006513467461843
298.0867178408298,11403.2060546875,5.681549072265625,0,1.0050074003523715,1.0041569359306328,0.0008504644217386392
298.10715043430537,11394.4619140625,5.680758476257324,0,1.0042367463805235,1.0041076854423636,0.00012906093815989728
298.1275829277729,11385.8583984375,5.6800947189331055,0,1.0034784862183634,1.0040582704407772,-0.0005797842224137817
298.14801532124693,11395.1513671875,5.680246829986572,0,1.0042975104752436,1.0040086930919518,0.00028881738329178397
298.1684479146061,11372.4736328125,5.6794538497924805,0,1.0022988365268122,1.003958954837907,-0.0016601183110949158
298.1888804079572,11380.8017578125,5.679825305938721,0,1.0030328254783332,1.0039090585853438,-0.0008762331070106821
298.2093128013148,11394.236328125,5.68141508102417,0,1.004216864644149,1.0038590065213164,0.0003578581228325106
298.22974539455754,11384.828125,5.678966999053955,0,1.0033876843487743,1.0038088001017114,-0.000421115752937018
298.2501777877915,11387.29296875,5.680460453033447,0,1.0036049202908053,1.0037584425074775,-0.00015352221667219723
298.27061028103344,11374.1083984375,5.67958402633667,0,1.002442914564435,1.003707935205296,-0.001265020640861092
298.291042774159,11391.6689453125,5.680400848388672,0,1.0039905915492207,1.0036572806531043,0.00033331089611632336
298.31147536727804,11383.138671875,5.67935037612915,0,1.003238786496273,1.0036064808196443,-0.0003676943233712482
298.3319077604028,11386.3515625,5.679583549499512,0,1.003521950620394,1.0035555386761403,-3.3588055746269774e-05
298.35234025341197,11380.46484375,5.67917013168335,0,1.0030031319759558,1.0035044557065669,-0.0005013237306110696
298.3727728464146,11381.4287109375,5.6786932945251465,0,1.0030880812131922,1.0034532341453497,-0.00036515293215755307
298.39320523942297,11380.1904296875,5.678210258483887,0,1.0029789468334398,1.0034018769883208,-0.00042293015488104047
298.4136377324321,11384.037109375,5.680276870727539,0,1.0033179691692795,1.0033503857311936,-3.241656191410591e-05
298.43407022531756,11391.7001953125,5.680424690246582,0,1.0039933457291512,1.0032987628799248,0.0006945828492264106
298.4545027182103,11379.494140625,5.680548667907715,0,1.0029175802618597,1.0032470106945692,-0.0003294304327094988
298.4749352109866,11367.97265625,5.679309844970703,0,1.001902148548674,1.0031951314414882,-0.0012929828928140985
298.4953677037556,11373.01953125,5.679470062255859,0,1.0023469486074759,1.003143127392017,-0.0007961787845411905
298.5158001965319,11378.51953125,5.680509090423584,0,1.0028316842752723,1.0030910008231941,-0.00025931654792188397
298.53623268930824,11373.177734375,5.679208755493164,0,1.0023608916433748,1.0030387540174779,-0.0006778623741030554
298.55666518196085,11368.6474609375,5.679473876953125,0,1.001961621621552,1.002986389262891,-0.001024767641339075
298.5770977746215,11372.18359375,5.678079128265381,0,1.0022732742943308,1.0029339085948392,-0.0006606343005084447
298.59753016728064,11380.6484375,5.6789751052856445,0,1.0030193127830485,1.0028813150826614,0.00013799770038702697
298.61796265981684,11373.3671875,5.678351879119873,0,1.0023775888592046,1.0028286102581878,-0.00045102139898323124
298.63839505235956,11376.5927734375,5.679551124572754,0,1.0026618718689224,1.0027757969447129,-0.0001139250757904442
298.6588276449038,11375.8310546875,5.679312705993652,0,1.0025947387331124,1.0027228766785485,-0.00012813794543609092
298.67926013744,11367.111328125,5.679327011108398,0,1.0018262364643353,1.0026698525531244,-0.0008436160887890232
298.6996925298663,11369.34375,5.6791911125183105,0,1.002022988193132,1.0026167268919581,-0.0005937386988261739
298.7201251222941,11365.6455078125,5.679072380065918,0,1.0016970482119627,1.0025635012402017,-0.000866453028238956
298.7405576145975,11366.533203125,5.677734375,0,1.001775284135618,1.0025101787094952,-0.0007348945738772095
298.76099010690814,11377.1943359375,5.679443836212158,0,1.0027148898325875,1.0024567613740503,0.0002581284585372323
298.78142249933444,11357.546875,5.678448677062988,0,1.0009832852693075,1.0024032518346493,-0.0014199665653418236
298.80185509152216,11365.4931640625,5.6793107986450195,0,1.0016836215848008,1.002349651648903,-0.0006660300641021522
298.8222875837164,11357.6103515625,5.678533554077148,0,1.0009888796972914,1.002295963949448,-0.0013070842521565318
298.8427199760263,11366.96484375,5.678552150726318,0,1.0018133262459104,1.0022421910880643,-0.00042886484215398646
298.8631525680976,11363.28125,5.679638385772705,0,1.0014886772865836,1.002188334630083,-0.0006996573434994158
298.8835850602918,11358.0341796875,5.67880392074585,0,1.0010262332626012,1.0021343977228654,-0.0011081644602641827
298.90401745236886,11357.5615234375,5.678895473480225,0,1.0009845762911498,1.0020803827299216,-0.0010958064387718291
298.92445004444016,11354.0537109375,5.677117347717285,0,1.0006754195939331,1.0020262912224542,-0.0013508716285210998
298.944882536518,11363.9677734375,5.678748607635498,0,1.0015491831769354,1.0019721263625392,-0.00042294318560376354
298.9653149284786,11357.712890625,5.678751468658447,0,1.000997916850189,1.0019178905232584,-0.0009199736730693964
298.98574742043274,11368.8818359375,5.683885097503662,0,1.001982277971032,1.0018635855482374,0.00011869242279449743
299.0061800123949,11354.201171875,5.67799186706543,0,1.000688415880481,1.0018092138142682,-0.0011207979337872764
299.02661240435555,11359.013671875,5.678806781768799,0,1.0011125595898027,1.0017547785008982,-0.0006422189110955046
299.04704489619326,11362.4609375,5.678808689117432,0,1.0014163800634037,1.0017002811932094,-0.00028390112980569704
299.067477488039,11357.6083984375,5.678269386291504,0,1.000988707561046,1.0016457242762105,-0.0006570167151644934
299.087909979884,11355.2001953125,5.678732395172119,0,1.0007764635701393,1.0015911106727982,-0.0008146471026588831
299.1083423716045,11344.0458984375,5.677829265594482,0,0.999793393471139,1.0015364427754603,-0.0017430493043212314
299.12877496333385,11344.45703125,5.675718307495117,0,0.9998296281508517,1.0014817221745147,-0.0016520940236629533
299.14920735506166,11358.8212890625,5.677875995635986,0,1.0010956041696046,1.0014269523372263,-0.0003313481676217034
299.16963984678296,11343.0517578125,5.6767683029174805,0,0.9997057761220949,1.0013721348579976,-0.0016663587359027066
299.1900723383951,11339.958984375,5.676461696624756,0,0.9994331983770822,1.0013172724053039,-0.0018840740282216606
299.21050483000727,11352.7822265625,5.67731237411499,0,1.0005633588980045,1.0012623673810872,-0.0006990084830826859
299.23093732161215,11348.2734375,5.678536415100098,0,1.0001659823748836,1.0012074221894656,-0.0010414398145819348
299.2513698131079,11343.0576171875,5.677391052246094,0,0.9997062925308319,1.0011524392365712,-0.0014461467057392818
299.27180230472004,11344.3603515625,5.678400993347168,0,0.9998211074066913,1.0010974209293078,-0.001276313522616479
299.2922347962085,11341.60546875,5.677316188812256,0,0.9995783092321789,1.001042369677381,-0.0014640604452019756
299.31266728758783,11346.6728515625,5.677587032318115,0,1.0000249167215602,1.0009872878912534,-0.0009623711696931103
299.3330996790828,11343.359375,5.677490234375,0,0.9997328875807873,1.0009321782519398,-0.001199290671152542
299.3535322704556,11348.462890625,5.676936149597168,0,1.0001826795907134,1.0008770423638054,-0.0006943627730919832
299.37396476183494,11343.1904296875,5.676997661590576,0,0.9997179977955372,1.000821883450045,-0.001103885654507919
299.3943971532135,11337.8056640625,5.677245140075684,0,0.9992434181662352,1.000766703926218,-0.0015232857599828398
299.4352622357328,11323.033203125,5.6769304275512695,0,0.997941465672138,1.0006562910936911,-0.002714825421553102
299.45569462699495,11345.1728515625,5.677847385406494,0,0.9998927160848885,1.0006010634297793,-0.0007083473448907807
299.47612721825135,11329.6005859375,5.6763434410095215,0,0.998520273798191,1.0005458240140073,-0.0020255502158162964
299.49655970939784,11332.6767578125,5.677546977996826,0,0.9987913883851154,1.0004905760763572,-0.001699187691241777
299.5169921006018,11334.0849609375,5.676686763763428,0,0.9989154986182408,1.0004353220356021,-0.0015198234173613434
299.5374245917483,11337.8466796875,5.676567554473877,0,0.9992470330273941,1.0003800637705875,-0.001133030743193375
299.55785718283005,11338.4453125,5.678134918212891,0,0.9992997927866909,1.0003248037008587,-0.0010250109141678454
299.5782895739176,11331.3330078125,5.677674293518066,0,0.998672958648097,1.0002695450572097,-0.0015965864091126436
299.5987220649986,11323.3828125,5.675828456878662,0,0.9979722780601123,1.0002142894479162,-0.0022420113878038883
299.6191546560294,11329.701171875,5.6766533851623535,0,0.9985291388148428,1.0001590392926123,-0.0016299004777694526
299.6395871470013,11327.919921875,5.678088188171387,0,0.9983721505587951,1.0001037975513347,-0.0017316469925395817
299.6600195379724,11345.87890625,5.677921772003174,0,0.9999549433376969,1.0000485666426306,-9.362330493378757e-05
299.6804520288788,11323.55859375,5.675503253936768,0,0.9979877703222223,0.9999933484444218,-0.0020055781221994806
299.7008846197932,11328.2509765625,5.676376819610596,0,0.9984013276524356,0.9999381453745315,-0.0015368177220959067
299.72131701069884,11325.046875,5.675741195678711,0,0.9981189381414199,0.9998829606605325,-0.0017640225191125625
299.7417495015543,11321.61328125,5.6767473220825195,0,0.9978163226215386,0.9998277959085029,-0.0020114732869642715
299.7621820923523,11327.7724609375,5.676693439483643,0,0.9983591542722473,0.9997726535342486,-0.0014134992620012943
299.7826144831488,11314.7314453125,5.677675247192383,0,0.9972098005599334,0.9997175367615435,-0.0025077362016101556
299.80304697393876,11323.173828125,5.677252292633057,0,0.997953859481826,0.9996624471943374,-0.0017085877125113669
299.82347956467856,11327.90625,5.676764488220215,0,0.9983709456050754,0.9996073872453481,-0.0012364416402727008
299.84391195535136,11316.1806640625,5.677320957183838,0,0.9973375256542177,0.9995523601336737,-0.0022148344794559183
299.8643444460904,11326.5576171875,5.677332878112793,0,0.9982520855274429,0.9994973674602288,-0.0012452819327858355
299.884776936713,11337.099609375,5.6778693199157715,0,0.9991811909134268,0.9994424119028352,-0.000261220989408395
299.90520952738734,11319.564453125,5.677372932434082,0,0.9976357516998346,0.9993874955986848,-0.0017517438988501333
299.925641917951,11327.0224609375,5.677534103393555,0,0.9982930539539114,0.9993326217587964,-0.001039567804885011
299.9460744085736,11323.5703125,5.677246570587158,0,0.9979888031396963,0.999277791979457,-0.0012889888397606963
299.9665069991315,11315.7734375,5.676159381866455,0,0.9973016352469963,0.9992230086624706,-0.00192137341547427
299.986939389637,11323.037109375,5.676951885223389,0,0.9979418099446293,0.9991682750105587,-0.001226465065929383
300.0073718801432,11324.380859375,5.677191257476807,0,0.9980602396816478,0.9991135926161878,-0.0010533529345400083
300.02780427064863,11313.78515625,5.676527976989746,0,0.9971264005489081,0.9990589644089363,-0.001932563860028158
300.0482368610901,11307.533203125,5.676653861999512,0,0.9965753924265303,0.9990043919792874,-0.002428999552757105
300.0686693515381,11309.625,5.676002502441406,0,0.9967597503456388,0.9989498785182511,-0.0021901281726123267
300.0891017419199,11308.935546875,5.676675796508789,0,0.9966989862509186,0.9988954264120952,-0.002196440161176594
300.10953433231043,11315.0322265625,5.677093982696533,0,0.997236309541766,0.9988410372458613,-0.0016047277040952546
300.129966822642,11323.6708984375,5.677558422088623,0,0.997997668156348,0.998786714200265,-0.0007890460439169411
300.15039931296633,11316.541015625,5.677728176116943,0,0.9973692847915432,0.998732459387439,-0.0013631745958958552
300.1708318032979,11307.9716796875,5.67641544342041,0,0.9966140370136823,0.9986782751829726,-0.0020642381692902445
300.1912642935713,11317.71484375,5.677711486816406,0,0.9974727386751887,0.9986241639595753,-0.001151425284386609
300.21169668383664,11311.14453125,5.676807880401611,0,0.9968936723447672,0.9985701283507271,-0.001676456005959892
300.2321291740518,11307.587890625,5.677042484283447,0,0.9965802122414089,0.9985161701936496,-0.0019359579522406634
300.25256176426774,11314.615234375,5.677853584289551,0,0.9971995584533162,0.9984622918520047,-0.0012627333986885425
300.27299415442394,11317.7451171875,5.678280353546143,0,0.9974754067869965,0.9984084964755492,-0.0009330896885526574
300.29342664457363,11312.5888671875,5.678398132324219,0,0.9970209670984375,0.9983547856291994,-0.0013338185307619765
300.31385923473135,11306.5419921875,5.677587032318115,0,0.9964880332818545,0.998301161665989,-0.0018131283841344992
300.3342916248221,11312.1337890625,5.678077697753906,0,0.9969808593531972,0.9982476277207869,-0.0012667683675896546
300.3751566049614,11292.9892578125,5.676950931549072,0,0.995293579873176,0.9981408371584589,-0.0028472572852829003
300.3955890950019,11311.6748046875,5.678448677062988,0,0.9969404073354656,0.998087585479564,-0.0011471781440983708
300.4160215850352,11310.7822265625,5.678042888641357,0,0.9968617410711961,0.9980344326458308,-0.0011726915746347322
300.43645407501754,11299.3095703125,5.6768317222595215,0,0.9958506127641522,0.9979813809847485,-0.002130768220596324
300.4568865649926,11306.92578125,5.676265716552734,0,0.996521858054128,0.9979284328191494,-0.0014065747650214844
300.47731905497494,11308.05078125,5.676815032958984,0,0.9966210085316318,0.9978755904674104,-0.0012545819357785426
300.49775154484087,11298.6044921875,5.6770100593566895,0,0.9957884715794667,0.9978228562436313,-0.0020343846641646124
300.5181841347585,11303.7529296875,5.676650524139404,0,0.9962422227230431,0.9977702321991491,-0.0015280094761059848
300.53861652468186,11311.673828125,5.678151607513428,0,0.9969403212673428,0.9977177214101202,-0.0007774001427773847
300.5590490144896,11300.779296875,5.6772003173828125,0,0.9959801452890161,0.9976653254043034,-0.001685180115287288
300.57948140435474,11308.01171875,5.6786980628967285,0,0.9966175658067185,0.9976130469883366,-0.0009954811816181852
300.59991399415594,11303.3056640625,5.678182601928711,0,0.9962028035227855,0.9975608876849213,-0.0013580841621358974
300.62034648396366,11297.7216796875,5.678252696990967,0,0.9957106659964255,0.9975088505444477,-0.0017981845480221637
300.64077897371317,11306.4052734375,5.678125858306885,0,0.996475983744658,0.9974569375900338,-0.000980953845375887
300.6612114635136,11300.7431640625,5.678593635559082,0,0.9959769607684713,0.9974051510944888,-0.0014281903260174866
300.6816439532049,11301.2314453125,5.677452564239502,0,0.9960199948298879,0.9973534933257667,-0.0013334984958788265
300.70207644288894,11299.90234375,5.677822113037109,0,0.995902856114712,0.9973019665455211,-0.0013991104308090918
300.72250893263845,11305.3623046875,5.678319454193115,0,0.9963840629894721,0.9972505730097457,-0.0008665100202736031
300.74294142227154,11308.5009765625,5.678785800933838,0,0.9966606859362579,0.9971993149692405,-0.0005386290329826293
300.76337391190464,11301.564453125,5.678294658660889,0,0.996049344059774,0.9971481946681219,-0.0010988506083479122
300.7838063015297,11304.0234375,5.677914619445801,0,0.9962660635930678,0.9970972145939483,-0.0008311510008804923
300.80423889116355,11298.1376953125,5.6780009269714355,0,0.9957473310167524,0.9970463762314472,-0.0012990452146948162
300.82467138073116,11304.55859375,5.678427696228027,0,0.9963132289243805,0.9969956825543071,-0.0006824536299266937
300.8451037703053,11291.59765625,5.678957462310791,0,0.9951709327981388,0.9969451357799083,-0.001774202981769446
300.8655363598227,11291.4951171875,5.677968978881836,0,0.9951618956452413,0.9968947373806138,-0.0017328417353725811
300.8859688493976,11304.9765625,5.6798787117004395,0,0.996350066080953,0.9968444903039697,-0.0004944242230167095
300.90640123884805,11301.0322265625,5.678542137145996,0,0.9960024369328299,0.9967943967483313,-0.0007919598155013974
300.9268337283647,11297.5205078125,5.678066730499268,0,0.9956929359631219,0.996744458416318,-0.0010515224531960632
300.9472663178167,11299.4892578125,5.678189277648926,0,0.9958664492987536,0.9966946774971731,-0.000828228198419545
300.96769880727516,11291.431640625,5.678211688995361,0,0.9951563012172572,0.9966450566577222,-0.001488755440465006
300.98813119673287,11283.326171875,5.676578998565674,0,0.994441935797742,0.9965955980683425,-0.0021536622706005426
301.0085637861339,11293.4150390625,5.67907190322876,0,0.9953311055747313,0.9965463031698181,-0.0012151975950868144
301.0289962755269,11291.6455078125,5.677903652191162,0,0.9951751501361576,0.9964971748454499,-0.0013220247092922133
301.0494286648682,11275.7890625,5.6777825355529785,0,0.9937776620257157,0.996448215244041,-0.0026705532183253222
301.0698612542037,11295.1220703125,5.678471565246582,0,0.9954815526534436,0.9963994257916547,-0.0009178731382111227
301.09029374354577,11286.9794921875,5.6779890060424805,0,0.9947639166452608,0.9963508093421758,-0.001586892696915032
301.11072613288707,11303.826171875,5.679595470428467,0,0.9962486778322556,0.9963023680218126,-5.3690189557031864e-05
301.1311586222291,11287.4716796875,5.677832126617432,0,0.9948072949791688,0.9962541034774767,-0.0014468084983079166
301.15159121144825,11287.947265625,5.677944660186768,0,0.9948492101549885,0.996206017825408,-0.0013568076704194576
301.17202360073134,11292.564453125,5.677832126617432,0,0.9952561402397436,0.9961581138753464,-0.0009019736356027375
301.192456089957,11293.0615234375,5.677618980407715,0,0.9952999489142657,0.9961103930204437,-0.0008104441061780321
301.2128886791761,11296.7177734375,5.67896032333374,0,0.995622187966153,0.9960628573528159,-0.00044066938666287303
301.233321068401,11287.6826171875,5.677375793457031,0,0.9948258856937007,0.9960155096504116,-0.0011896239567109612
301.2537535576266,11284.9287109375,5.677825450897217,0,0.9945831735873112,0.9959683512898748,-0.0013851777025636336
301.2741860467868,11295.3828125,5.677186489105225,0,0.99550453284224,0.9959213845684459,-0.0004168517262058691
301.2946185359542,11280.7705078125,5.677475929260254,0,0.9942166955202876,0.9958746115424643,-0.0016579160221766864
301.31505102506344,11286.009765625,5.6772236824035645,0,0.9946784509992875,0.9958280342601057,-0.0011495832608181544
301.3354835142236,11289.455078125,5.678102016448975,0,0.9949820993366428,0.995781654760577,-0.0007995554239341729
301.3559160033328,11280.09375,5.679081439971924,0,0.9941570503111642,0.9957354750749046,-0.0015784247637403714
301.37634849244205,11284.0458984375,5.677486896514893,0,0.99450536800427,0.9956894972250189,-0.0011841292207488419
301.39678088148503,11298.4208984375,5.679996967315674,0,0.9957722907723741,0.9956437234478002,0.00012856732457389164
301.4172134705368,11299.212890625,5.679462432861328,0,0.9958420920199917,0.9955981550767916,0.00024393694320012926
301.4376459595878,11290.5703125,5.678458213806152,0,0.9950803891329183,0.9955527947778542,-0.00047240564493589154
301.4580783486308,11289.01953125,5.678164958953857,0,0.9949437129538593,0.9955076445341057,-0.0005639315802463685
301.4785108376236,11284.275390625,5.677793025970459,0,0.9945255940131358,0.9954627058806629,-0.0009371118675270962
301.4989434266172,11289.2109375,5.67775821685791,0,0.9949605823059345,0.9954179807882432,-0.0004573984823086352
301.5193759156027,11281.8603515625,5.677109241485596,0,0.9943127475453694,0.9953734716530004,-0.001060724107631028
301.53980830459477,11281.82421875,5.6766791343688965,0,0.9943095630248245,0.9953291804206199,-0.0010196173957953691
301.56024089352286,11285.865234375,5.67741060256958,0,0.9946657129171081,0.995285108381919,-0.0006193954648108235
301.58067338245746,11289.12109375,5.676755905151367,0,0.9949526640386339,0.9952412581151963,-0.00028859407656234293
301.6011057713913,11288.4111328125,5.677949905395508,0,0.9948900925133342,0.9951976315372497,-0.00030753902391555954
301.62153836032667,11295.2109375,5.678330421447754,0,0.9954893848526215,0.9951542299194378,0.00033515493318370115
301.6419708491958,11293.3857421875,5.677947998046875,0,0.9953285235310463,0.9951110558011992,0.0002174677298470984
301.6624032380714,11281.1689453125,5.678736209869385,0,0.9942518113144035,0.9950681110694708,-0.0008162997550672513
301.6828357269478,11286.5546875,5.678296089172363,0,0.9947264770118284,0.9950253971843058,-0.00029892017247745706
301.7032683157595,11296.2255859375,5.678875923156738,0,0.9955788096322451,0.9949829160195376,0.0005958936127075098
301.7237007046351,11291.8779296875,5.679143905639648,0,0.995195634349392,0.9949406700569976,0.00025496429239435514
301.7441331934533,11292.9208984375,5.67905330657959,0,0.9952875551045777,0.994898660524741,0.00038889457983670717
301.764565782265,11295.2685546875,5.678369998931885,0,0.9954944628718686,0.9948568892655996,0.0006375736062690374
301.7849981710242,11286.341796875,5.679193496704102,0,0.9947077141610507,0.9948153587202179,-0.00010764455916711935
301.8054306598424,11282.83984375,5.678444862365723,0,0.9943990738725711,0.9947740700953112,-0.00037499622274006494
301.82586324859585,11282.7802734375,5.677873134613037,0,0.9943938237170783,0.9947330252025813,-0.00033920148550303786
301.84629573735583,11290.908203125,5.678736209869385,0,0.9951101687034186,0.9946922262408536,0.0004179424625649908
301.86672812605684,11286.3369140625,5.678273677825928,0,0.9947072838204366,0.9946516749930798,5.560882735677897e-05
301.88716061480955,11281.3720703125,5.677376747131348,0,0.9942697134839529,0.9946113728377074,-0.00034165935375451983
301.9075932035121,11275.8486328125,5.677422046661377,0,0.9937829121812085,0.9945713215433001,-0.0007884093620915689
301.9280255922131,11283.029296875,5.677870273590088,0,0.9944157710884007,0.994531523449657,-0.00011575236125627164
301.9484580809076,11274.7412109375,5.675544261932373,0,0.9936853109299157,0.9944919797132166,-0.0008066687833008235
301.9688906696101,11300.8408203125,5.680261135101318,0,0.9959855675807546,0.9944526920691819,0.0015328755115727732
301.9893230582529,11283.15234375,5.677978038787842,0,0.9944266156718776,0.9944136628128898,1.2952858987835825e-05
302.0097555468892,11296.31640625,5.681966304779053,0,0.9955868139676686,0.9943748930782518,0.0012119208894167954
302.030188035591,11282.0390625,5.6781110763549805,0,0.9943284980118479,0.9943363847543721,-7.88674252427679e-06
302.05062052417634,11297.697265625,5.6790971755981445,0,0.9957085142933547,0.9942981395277368,0.0014103747656178944
302.0710530128126,11295.8876953125,5.679194450378418,0,0.9955490300617449,0.9942601590726553,0.0012888709890895855
302.091485501398,11289.8291015625,5.679282188415527,0,0.995015063427688,0.9942224450523478,0.0007926183753401705
302.1119180900423,11276.9052734375,5.6784138679504395,0,0.993876037890114,0.9941849989353679,-0.0003089610452539082
302.1323504786196,11291.005859375,5.6791486740112305,0,0.9951187755157019,0.9941478229093961,0.0009709526063058638
302.152782967205,11292.0673828125,5.680523872375488,0,0.9952123315652215,0.9941109180542863,0.0011014135109351786
302.1732155557256,11276.544921875,5.679433822631836,0,0.9938442787527886,0.9940742859900988,-0.00023000723731025907
302.1936479443102,11291.64453125,5.680482387542725,0,0.9951750640680348,0.9940379288564201,0.001137135211614737
302.21408043283736,11298.7041015625,5.683413982391357,0,0.9957972505279956,0.9940018477095894,0.0017954028184061777
302.23451282136375,11280.4912109375,5.6785736083984375,0,0.9941920800371573,0.9939660444825298,0.0002260355546275239
302.2549454098844,11278.21875,5.678032398223877,0,0.9939917995153246,0.9939305202193179,6.127929600663329e-05
302.27537789841153,11287.1669921875,5.680702209472656,0,0.9947804417248448,0.9938952769990445,0.0008851647258003581
302.2958102868797,11279.91796875,5.678985118865967,0,0.9941415580490542,0.9938603163608627,0.00028124168819154693
302.31624287540035,11274.9931640625,5.679811954498291,0,0.9937075165056066,0.9938256393241616,-0.00011812281855494433
302.3366753638693,11293.8818359375,5.680391311645508,0,0.9953722461374456,0.9937912479187272,0.0015809982187183769
302.35710775233747,11283.12890625,5.679541110992432,0,0.9944245500369296,0.9937571436461491,0.0006674063907805561
302.3775403407999,11284.58984375,5.680560111999512,0,0.9945533079486881,0.9937233275011248,0.0008299804475633277
302.4184052176788,11286.2978515625,5.680238723754883,0,0.9947038410955232,0.9936565669954238,0.0010472741000994157
302.4388377061405,11277.0009765625,5.679351806640625,0,0.9938844725661516,0.9936236252283029,0.00026084733784870195
302.45927029455197,11290.88671875,5.680785179138184,0,0.9951082752047162,0.9935909776084575,0.0015172975962587376
302.47970268296194,11275.1669921875,5.6788506507873535,0,0.993722836631471,0.9935586260425049,0.00016421058896609608
302.5001351713654,11275.6396484375,5.680194854736328,0,0.9937644936029222,0.9935265714698422,0.00023792213307993748
302.5205677597769,11283.779296875,5.679999351501465,0,0.9944818714067366,0.9934948152983774,0.0009870561083592522
302.54100014818687,11274.6298828125,5.678419589996338,0,0.9936754991639127,0.9934633593826685,0.00021213978124423605
302.5614326365321,11277.1796875,5.67979097366333,0,0.9939002230326301,0.9934322046361029,0.00046801839652721444
302.58186512494285,11274.779296875,5.680087089538574,0,0.9936886675867063,0.9934013525773256,0.0002873150093806176
302.6022976132954,11272.9873046875,5.679215431213379,0,0.9935307325813074,0.9933708045574267,0.0001599280238807621
302.6227301016406,11281.45703125,5.680172443389893,0,0.9942772014106394,0.9933405619139187,0.000936639496720626
302.64316258999315,11278.919921875,5.6806535720825195,0,0.9940535964275188,0.9933106259709993,0.0007429704565194983
302.6635950783457,11282.4091796875,5.679798603057861,0,0.9943611178304016,0.993280998039469,0.0010801197909325877
302.68402756669093,11289.666015625,5.680073261260986,0,0.9950006900511749,0.9932516794166412,0.0017490106345336986
302.70446005504346,11281.9775390625,5.679903030395508,0,0.9943230757201094,0.9932226713862543,0.001100404333855054
302.72489264333853,11282.2998046875,5.679373741149902,0,0.9943514782006443,0.9931939750788802,0.001157503121764103
302.745325031683,11275.2216796875,5.679102897644043,0,0.9937276564463496,0.9931655921699087,0.000562064276440899
302.76575751997734,11286.173828125,5.680253028869629,0,0.9946929104439235,0.9931375234832363,0.001555386960687244
302.7861899082709,11271.9140625,5.679980278015137,0,0.9934361437143138,0.9931097705225556,0.00032637319175821133
302.8066224965587,11276.630859375,5.679328441619873,0,0.9938518527475979,0.9930823340979215,0.0007695186496764483
302.827054984853,11283.7216796875,5.680643081665039,0,0.9944767933874894,0.9930552158158185,0.00142157757167094
302.84748747314734,11265.6787109375,5.679236888885498,0,0.992886598750024,0.9930284167286155,-0.00014181797859147416
302.8679199614344,11271.59375,5.678864002227783,0,0.9934079133700244,0.9930019380097598,0.0004059753602646543
302.8883524496705,11279.4404296875,5.680172920227051,0,0.9940994707369889,0.9929757808187164,0.0011236899182724969
302.9087849379648,11269.810546875,5.678788661956787,0,0.9932507529777311,0.9929499463006773,0.0003008066770537887
302.92921742619365,11287.4580078125,5.680604457855225,0,0.9948060900254491,0.9929244355870014,0.0018816544384476774
302.94964991448796,11297.521484375,5.682279586791992,0,0.9956930220312447,0.9928992497945497,0.002793772236694969
302.9700824027241,11287.91015625,5.680091857910156,0,0.9948459395663208,0.9928743900262721,0.001971549540048745
302.9905147909594,11275.1064453125,5.678804874420166,0,0.9937175004078553,0.9928498574898837,0.0008676429179715894
303.010947379189,11282.8994140625,5.679513454437256,0,0.9944043240280639,0.9928256529017953,0.0015786711262686381
303.03137986742513,11284.6787109375,5.680031776428223,0,0.9945611401478659,0.9928017776796146,0.0017593624682512576
303.0518122556532,11279.1376953125,5.680618762969971,0,0.9940727896189105,0.9927782328639292,0.0012945567549813575
303.0722448438901,11282.1728515625,5.680407524108887,0,0.994340289344676,0.9927550191424006,0.0015852702022753906
303.0926773321262,11275.986328125,5.680245876312256,0,0.9937950477865279,0.9927321378747507,0.0010629099117772656
303.11310972035426,11274.7666015625,5.680532455444336,0,0.9936875487011094,0.9927095900579909,0.0009779586431185594
303.13354220853216,11271.7578125,5.679872989654541,0,0.9934223728146604,0.9926873764587498,0.0007349963559105666
303.15397479676903,11273.7109375,5.680728435516357,0,0.9935945090603268,0.9926654980544807,0.000929011005846081
303.17440728493966,11284.423828125,5.681225776672363,0,0.9945386763678065,0.9926439560174467,0.0018947203503597576
303.194839673175,11260.9072265625,5.679487705230713,0,0.9924660699018613,0.992622751285816,-0.00015668138395474873
303.2152722613537,11281.2158203125,5.681923866271973,0,0.9942559425842995,0.99260188447934,0.0016540581049595549
303.2357047495243,11143.05078125,5.669172286987305,0,0.982078938497742,0.9925813568205067,-0.010502418322764773
303.25613713775965,11092.9287109375,5.666120529174805,0,0.9776614920933304,0.9925611692030941,-0.014899677109763698
303.2765697259383,11101.3623046875,5.666761875152588,0,0.9784047764021175,0.9925413222172651,-0.014136545815147561
303.2970021141082,11157.1142578125,5.670639514923096,0,0.9833184055346623,0.9925218171205272,-0.009203411585864907
303.3174346022861,11282.0107421875,5.681127071380615,0,0.9943260020362857,0.9925026544780328,0.0018233475582529746
303.337867090464,11276.42578125,5.679651737213135,0,0.9938337784418029,0.9924838352251526,0.0013499432166502734
303.3582995786346,11281.9736328125,5.680935382843018,0,0.9943227314476181,0.9924653601859221,0.0018573712616959392
303.3787320668125,11273.17578125,5.680893898010254,0,0.9935473437290142,0.9924472301692853,0.0011001135597289435
303.3991645549904,11268.658203125,5.681253433227539,0,0.993149192592788,0.9924294459690983,0.0007197466236896766
303.41959704316105,11272.2998046875,5.681178092956543,0,0.9934701406228328,0.9924120083640751,0.0010581322587577269
303.44002953133895,11270.5537109375,5.679598808288574,0,0.9933162508192072,0.9923949181177345,0.0009213327014726547
303.46046201951685,11270.5087890625,5.681378364562988,0,0.9933122916855568,0.9923781759784045,0.0009341157071522943
303.4808944076358,11262.943359375,5.680070877075195,0,0.9926455219379684,0.9923617827585882,0.00028373917938018245
303.5013269958072,11267.58203125,5.6809539794921875,0,0.9930543455214259,0.9923457389378707,0.0007086065835552047
303.5217594841015,11261.4716796875,5.680602073669434,0,0.9925158172768588,0.9923300454568305,0.00018577182002832426
303.54219187227136,11268.443359375,5.680703639984131,0,0.9931302576057647,0.9923147029976719,0.0008155546080927945
303.56262446045,11280.529296875,5.683608531951904,0,0.9941954366939478,0.9922997120094007,0.0018957246845471287
303.5830569485697,11280.0517578125,5.68271017074585,0,0.9941533493818824,0.9922850733711517,0.0018682760107306962
303.60348933674686,11267.384765625,5.682633876800537,0,0.9930369597606136,0.992270787718639,0.0007661720419745999
303.62392192491825,11268.771484375,5.681282043457031,0,0.9931591764950366,0.9922568554702733,0.0009023210247632862
303.64435441303795,11263.962890625,5.680605411529541,0,0.9927353770582062,0.9922432774432819,0.0004920996149243573
303.6647868012078,11261.39453125,5.681687355041504,0,0.992509017895155,0.992230054226927,0.0002789636682279939
303.6852192893857,11275.912109375,5.682076930999756,0,0.9937885066091927,0.992217186270802,0.0015713203383906915
303.70565187750617,11273.8232421875,5.681605339050293,0,0.9936044068944525,0.9922046741436107,0.00139973275084182
303.7260843656768,11264.0986328125,5.6821160316467285,0,0.99274734052728,0.9921925185156207,0.0005548220116592395
303.74651675385394,11272.4365234375,5.681281089782715,0,0.9934821901600295,0.9921807199138747,0.00130147024615479
303.7669493419744,11267.3115234375,5.681939601898193,0,0.9930305046514011,0.9921692786844186,0.0008612259669824596
303.787381830145,11262.55078125,5.68238639831543,0,0.9926109225525894,0.992158195498772,0.0004527270538173811
303.80781421826396,11281.4521484375,5.682895183563232,0,0.9942767710700251,0.9921474708370243,0.0021293002330008415
303.8282468064426,11265.9248046875,5.681963920593262,0,0.992908287916978,0.9921371050138827,0.0007711829030953021
303.84867929461325,11267.919921875,5.6815972328186035,0,0.9930841250919261,0.9921270986380957,0.0009570264538304452
303.8691116827322,11265.02734375,5.682339668273926,0,0.9928291913120944,0.9921174521425467,0.0007117391695476982
303.8895441709101,11275.763671875,5.681632041931152,0,0.993775424254522,0.9921081658551467,0.0016672583993753154
303.9099767590815,11268.2705078125,5.682404041290283,0,0.9931150235480233,0.9920992401878332,0.0010157833601900368
303.9304091472586,11265.2685546875,5.682305812835693,0,0.9928504501384341,0.9920906756598235,0.000759774478610642
303.9508416353783,11270.119140625,5.682883262634277,0,0.9932779505045464,0.9920824725177538,0.001195477986792537
303.9712742235497,11270.0166015625,5.683025360107422,0,0.9932689133516489,0.9920746311260767,0.001194282225572163
303.99170661172684,11267.6494140625,5.681196689605713,0,0.9930602842219014,0.9920671519406294,0.0009931322812719579
304.01213909990474,11260.51171875,5.681532859802246,0,0.9924312123121138,0.9920600351764298,0.0003711771356840199
304.03257158807537,11268.20703125,5.682904243469238,0,0.9931094291200391,0.9920532811825897,0.0010561479374493477
304.0530041761958,11265.6083984375,5.683961391448975,0,0.99288040184518,0.992046890224466,0.0008335116207139892
304.0734365644312,11277.1455078125,5.683532238006592,0,0.9938972106483309,0.9920408626730131,0.0018563479753178624
304.0938690525509,11272.2353515625,5.683099269866943,0,0.9934644601267258,0.9920351987010575,0.001429261425668349
304.11430164072226,11265.6552734375,5.6825456619262695,0,0.9928845331150761,0.992029898561897,0.0008546345531790234
304.1347340289576,11271.125,5.682762622833252,0,0.9933666006710645,0.9920249625627515,0.0013416381083130036
304.15516651712824,11265.0810546875,5.6834540367126465,0,0.9928339250588502,0.9920203908446368,0.0008135342142133739
304.1755991053069,11265.9765625,5.682799339294434,0,0.9929128495274882,0.9920161836130645,0.0008966659144236111
304.19603149348404,11260.7548828125,5.682496070861816,0,0.9924526432746993,0.9920123411113516,0.00044030216334767225
304.21646398172015,11259.748046875,5.682369232177734,0,0.9923639070400583,0.9920088634486433,0.0003550435914150274
304.2368964698908,11269.66796875,5.683252811431885,0,0.9932381870317974,0.9920057507969333,0.0012324362348641316
304.2573289580687,11261.9951171875,5.682095527648926,0,0.9925619497906973,0.9920030032925016,0.000558946498195767
304.2777614462975,11259.083984375,5.681997299194336,0,0.9923053807165317,0.992000621055647,0.0003047596608847236
304.2981939344754,11252.572265625,5.6832594871521,0,0.9917314784734803,0.9919986041906914,-0.000267125717211103
304.31862642271153,11252.55078125,5.6816277503967285,0,0.9917295849747779,0.9919969527859356,-0.0002673678111576594
304.33905891094764,11257.212890625,5.683243274688721,0,0.9921404741931834,0.9919956669136949,0.00014480727948851246
304.3594913991765,11269.748046875,5.682975769042969,0,0.9932452446178698,0.9919947466302736,0.001250497987596133
304.3799238873544,11265.6767578125,5.68283224105835,0,0.9928864266137784,0.991994191975968,0.0008922346378102963
304.4003563755832,11260.9384765625,5.682794570922852,0,0.9924688240817919,0.9919940029750618,0.0004748211067301389
304.4207888638193,11258.0986328125,5.683483123779297,0,0.9922185379805931,0.9919941796358325,0.00022435834476064453
304.4412212520547,11259.916015625,5.682861804962158,0,0.9923787107571856,0.991994721946996,0.0003839888101896394
304.46165384034975,11259.3505859375,5.683649063110352,0,0.9923288773140652,0.9919956298954561,0.0003332474186090728
304.4820862285778,11256.921875,5.6828203201293945,0,0.9921148258925792,0.9919969034236772,0.00011792246890196534
304.50251871687215,11258.4658203125,5.681699275970459,0,0.9922508995947784,0.9919985424919189,0.00025235710285953505
304.52295130510174,11254.7919921875,5.682444095611572,0,0.99192711131668,0.992000547033768,-7.343571708806618e-05
304.5433836933371,11253.314453125,5.6823320388793945,0,0.9917968902468335,0.9920029169293445,-0.00020602668251101797
304.5638161816314,11259.28125,5.683629512786865,0,0.9923227664773441,0.9920056521070004,0.00031711437034365186
304.5842487699265,11265.6220703125,5.684499740600586,0,0.9928816067988997,0.9920087524523279,0.0008728543465718053
304.60468125821353,11265.392578125,5.68411922454834,0,0.9928613807900339,0.9920122177992254,0.0008491629908085052
304.6251136465071,11251.63671875,5.683437824249268,0,0.9916490252118061,0.9920160479906017,-0.0003670227787956337
304.6455461348014,11261.9736328125,5.682108402252197,0,0.9925600562919951,0.9920202428962366,0.0005398133957584816
304.6659787230892,11259.5908203125,5.683028697967529,0,0.9923500500722822,0.9920248023378014,0.00032524773448072697
304.68641111138277,11254.8642578125,5.683223247528076,0,0.9919334803577697,0.9920297260460395,-9.62456882697138e-05
304.7068435997353,11260.69140625,5.682523727416992,0,0.9924470488467151,0.9920350138749908,0.0004120349717242622
304.7272761880231,11250.5986328125,5.680793762207031,0,0.9915575347972345,0.9920406655984323,-0.0004831308011977731
304.74770857637486,11250.21484375,5.681588172912598,0,0.9915237100249611,0.9920466808832804,-0.000522970858319316
304.7681410647201,11256.7119140625,5.682620048522949,0,0.99209632124617,0.9920530595517777,4.326169439228256e-05
304.78857355307264,11241.8203125,5.6825947761535645,0,0.9907838684410872,0.9920598012960785,-0.0012759328549912796
304.80900604142516,11268.080078125,5.683741569519043,0,0.9930982402640708,0.9920669058209834,0.0010313344430873395
304.8294385297777,11246.705078125,5.683271408081055,0,0.9912143811914987,0.9920743728154102,-0.0008599916239114824
304.84987101812294,11250.9638671875,5.68295431137085,0,0.9915897242751741,0.9920822019524028,-0.0004924776772287087
304.8703035065337,11260.9638671875,5.68340539932251,0,0.9924710618529856,0.99209039288918,0.0003806689638056193
304.89073599493713,11261.55859375,5.683471202850342,0,0.992523477339791,0.9920989452670619,0.000424532072729078
304.91116848328966,11246.3984375,5.682693958282471,0,0.9911873558009291,0.9921078587115502,-0.0009205029106210683
304.93160107170115,11252.1923828125,5.683438777923584,0,0.9916979979736982,0.9921171328786756,-0.0004191349049774695
304.9520334601111,11245.97265625,5.683410167694092,0,0.9911498300993739,0.992126767223518,-0.0009769371241441505
304.9724659485728,11246.9921875,5.684019088745117,0,0.9912396852196116,0.9921367614630608,-0.0008970762434492574
304.99289833698276,11274.578125,5.6865973472595215,0,0.9936709375534026,0.9921471150618185,0.0015238224915841148
305.013330925387,11242.59765625,5.6823344230651855,0,0.9908523786668625,0.9921578277211167,-0.0013054490542542263
305.0337634138559,11241.1884765625,5.682870388031006,0,0.9907281823656142,0.9921688988172727,-0.0014407164516584414
305.05419590232486,11241.203125,5.6823954582214355,0,0.9907294733874566,0.9921803279170398,-0.0014508545295831565
305.0746283907938,11244.509765625,5.682801723480225,0,0.9910209000513698,0.9921921145199782,-0.0011712144686084613
305.09506087925547,11245.9345703125,5.6832733154296875,0,0.9911464734425833,0.9922042581099895,-0.0010577846674061364
305.1154933677244,11246.8125,5.682742118835449,0,0.9912238486850103,0.9922167581553571,-0.0009929094703468033
305.1359258561861,11257.3076171875,5.684989929199219,0,0.9921488228010983,0.9922296141087393,-8.079130764104825e-05
305.1563583447132,11241.8779296875,5.6825361251831055,0,0.9907889464603344,0.9922428254072663,-0.0014538789469318303
305.1767908332404,11243.7802734375,5.683328628540039,0,0.9909566071636134,0.992256391472421,-0.0012997843088075056
305.19722322176676,11234.7109375,5.682983875274658,0,0.9901572925068619,0.9922703116411989,-0.0021130191343370353
305.2176558102874,11247.3642578125,5.683218479156494,0,0.991272477174411,0.9922845855110594,-0.0010121083366483319
305.23808829887275,11245.1962890625,5.683677673339844,0,0.9910814059417214,0.9922992122500723,-0.0012178063083508883
305.25852068739914,11248.869140625,5.683568954467773,0,0.9914051081516969,0.9923141912125188,-0.0009090830608219358
305.278953275978,11246.3671875,5.682466983795166,0,0.9911846016209984,0.9923295219651138,-0.0011449203441153966
305.29938576456334,11250.5703125,5.6838274002075195,0,0.9915550388216723,0.992345203614035,-0.0007901647923627131
305.31981815314793,11257.0478515625,5.684141159057617,0,0.9921259286804246,0.9923612354674844,-0.00023530678705985242
305.340250641726,11231.6826171875,5.682956218719482,0,0.9898903952579563,0.9923776169804045,-0.0024872217224481963
305.36068323037034,11244.080078125,5.683525085449219,0,0.9909830300773231,0.9923943474406933,-0.0014113173633701903
305.4015481075912,11243.2705078125,5.684047698974609,0,0.9909116796034945,0.992428851761258,-0.00151717215776348
305.42198069623555,11236.724609375,5.683651447296143,0,0.9903347649761438,0.9924466243640605,-0.0021118593879166925
305.44241308493656,11251.51171875,5.683412075042725,0,0.9916380084920835,0.9924647426342522,-0.0008267341421687169
305.46284557357285,11241.5439453125,5.68328332901001,0,0.9907595111623255,0.9924832060418718,-0.001723694879546267
305.4832781622754,11237.0224609375,5.683040142059326,0,0.9903610157536079,0.9925020137836502,-0.002140998030042307
305.5037105509764,11241.173828125,5.682898044586182,0,0.9907268913437717,0.9925211647573393,-0.0017942734135676375
305.5241430396709,11242.966796875,5.683406829833984,0,0.9908849124172934,0.9925406584030427,-0.0016557459857493573
305.5445754283719,11243.07421875,5.6822052001953125,0,0.990894379910805,0.9925604936764135,-0.0016661137656085456
305.56500801713264,11234.990234375,5.682949542999268,0,0.9901819079899922,0.992580670002721,-0.0023987620127288167
305.58544050582714,11226.810546875,5.682596206665039,0,0.9894610013931416,0.9926011862046572,-0.0031401848115155673
305.60587289464456,11252.6162109375,5.684035301208496,0,0.9917353515390078,0.992622041379096,-0.0008866898400882173
305.6263054834053,11240.5859375,5.682685852050781,0,0.9906750783338262,0.9926432349213691,-0.001968156587542902
305.646737972158,11235.9404296875,5.683717250823975,0,0.9902656522735088,0.9926647655948463,-0.002399113321337465
305.6671704609762,11238.662109375,5.681191921234131,0,0.9905055241318448,0.9926866325597516,-0.0021811084279068638
305.6876029497944,11239.3291015625,5.683633804321289,0,0.9905643086597399,0.9927088348585391,-0.002144526198799235
305.7080354386053,11228.533203125,5.680879592895508,0,0.9896128255618194,0.9927313715190399,-0.0031185459572204977
305.7284679274235,11235.185546875,5.682401657104492,0,0.9901991216145588,0.9927542415544689,-0.002555119939910089
305.7489003162991,11238.7919921875,5.684508800506592,0,0.9905169711921816,0.9927774438491174,-0.0022604726569357414
305.769332905169,11242.9326171875,5.682979583740234,0,0.9908819000329943,0.9928009777300669,-0.0019190776970726686
305.7897653940454,11239.19140625,5.683218479156494,0,0.9905521730544204,0.9928248418237666,-0.0022726687693461756
305.81019778297923,11220.6865234375,5.682516098022461,0,0.9889212681948549,0.9928490350805103,-0.003927766885655326
305.8306303718491,11237.62890625,5.683286190032959,0,0.9904144640578874,0.9928735567984424,-0.0024590927405550023
305.8510628607837,11240.3134765625,5.683254241943359,0,0.9906510653275556,0.9928984055463713,-0.0022473402188156744
305.87149524971755,11223.9814453125,5.682374954223633,0,0.9892116620412941,0.9929235802313844,-0.003711918190090313
305.8919277387031,11242.2763671875,5.683033466339111,0,0.9908240622544503,0.9929490799976549,-0.002125017743204616
305.91236032769666,11233.806640625,5.682679653167725,0,0.9900775934251184,0.9929749037333474,-0.0028973103082290397
305.93279281663126,11236.0107421875,5.683046817779541,0,0.9902718491783529,0.9930010500548764,-0.0027292008765235076
305.95322520567424,11230.724609375,5.682392597198486,0,0.989805962429457,0.9930275178128719,-0.0032215553834149535
305.9736577946678,11236.1865234375,5.683578014373779,0,0.9902873414404628,0.9930543062391646,-0.0027669647987017543
305.99409028371883,11230.3046875,5.6821088790893555,0,0.9897689531366387,0.9930814137699597,-0.003312460633321024
306.0145226727618,11243.8984375,5.684001445770264,0,0.9909670214064762,0.9931088392135496,-0.002141817807073454
306.0349552618136,11241.888671875,5.683199405670166,0,0.9907898932096856,0.9931365817740923,-0.0023466885644066737
306.0553877509228,11229.1865234375,5.682244300842285,0,0.9896704051359947,0.9931646398319066,-0.003494234695911924
306.075820140024,11232.4833984375,5.681642055511475,0,0.9899609711186794,0.9931930121537151,-0.0032320410350357154
306.09625262913323,11230.3740234375,5.683163166046143,0,0.9897750639733599,0.9932216977749336,-0.0034466338015737286
306.1166852182432,11225.779296875,5.682938098907471,0,0.9893701134554299,0.9932506954440985,-0.0038805819886685855
306.1371176074026,11229.2802734375,5.684123992919922,0,0.9896786676757867,0.9932800034635402,-0.003601335787753457
306.15755009657005,11239.763671875,5.683716773986816,0,0.9906026089744007,0.993309620977939,-0.0027070120035382894
306.17798268579645,11227.4443359375,5.682744979858398,0,0.9895168596048604,0.9933395466950558,-0.003822687090195398
306.19841507495585,11243.3076171875,5.682950019836426,0,0.9909149501921621,0.9933697788627329,-0.0024548286705707856
306.2188475641815,11235.12890625,5.682605743408203,0,0.9901941296634345,0.9934003165990382,-0.0032061869356037054
306.2392801534079,11238.8037109375,5.683326721191406,0,0.9905180040096556,0.9934311585712092,-0.0029131545615536103
306.25971264268446,11225.0244140625,5.6837286949157715,0,0.9893035827964798,0.9934623031269714,-0.004158720330491583
306.28014503196755,11231.931640625,5.683933258056641,0,0.9899123426292787,0.9934937488981136,-0.0035814062688348525
306.3005775212514,11231.615234375,5.6829447746276855,0,0.9898844565574808,0.9935254948155297,-0.0036410382580488454
306.32101011052873,11235.9619140625,5.683723449707031,0,0.9902675457722112,0.99355753949356,-0.0032899937213487496
306.34144249987,11222.4765625,5.683341026306152,0,0.9890790310640082,0.9935898810565205,-0.004510849992512278
306.3618749892121,11233.373046875,5.683991432189941,0,0.9900393791785804,0.9936225185608611,-0.00358313938228072
306.38230747860507,11226.796875,5.682825565338135,0,0.9894597964394221,0.9936554504200219,-0.004195653980599845
306.4027399679471,11229.9833984375,5.683432102203369,0,0.9897406367242266,0.9936886751918681,-0.003948038467641468
306.4231724573474,11227.3662109375,5.684351921081543,0,0.9895099741550337,0.9937221914217812,-0.0042122172667474755
306.44360504679935,11234.83203125,5.685530662536621,0,0.9901679649540932,0.9937559978083553,-0.0035880328542621243
306.46403743619885,11235.6513671875,5.6855926513671875,0,0.9902401761091502,0.993790092372681,-0.00354991626353085
306.48446992571553,11233.984375,5.68548583984375,0,0.990093257823474,0.9938244741206357,-0.003731216297161666
306.50490231516596,11232.2060546875,5.684980392456055,0,0.9899365277717949,0.9938591412099316,-0.003922613438136713
306.5253349046834,11217.5703125,5.6839919090271,0,0.9886466248148944,0.9938940926339278,-0.005247467819033402
306.5457673942001,11228.6572265625,5.685546398162842,0,0.9896237562134191,0.9939293263510266,-0.004305570137607462
306.5661997837087,11237.11328125,5.685135841369629,0,0.9903690200890315,0.9939648408143186,-0.00359582072528708
306.5866323732844,11243.4931640625,5.686251640319824,0,0.9909313031355005,0.9940006349923723,-0.0030693318568718597
306.60706486285926,11229.830078125,5.685601711273193,0,0.9897271240289418,0.9940367067942785,-0.004309582765336661
306.6274972524261,11230.1962890625,5.685368061065674,0,0.9897593995750043,0.9940730546364992,-0.004313655061494948
306.6479297420592,11227.2119140625,5.685059070587158,0,0.989496375391626,0.9941096772834087,-0.004613301891782662
306.66836233169306,11233.5673828125,5.684926986694336,0,0.9900565067350242,0.994146573135334,-0.004090066400309844
306.6887947213763,11233.6669921875,5.685091972351074,0,0.9900652856835532,0.9941837400331153,-0.00411845434956204
306.7092272110676,11233.3857421875,5.686208248138428,0,0.9900404980641773,0.9942211768929794,-0.004180678828802131
306.7296598007597,11223.654296875,5.684544563293457,0,0.9891828292201449,0.9942588820796334,-0.0050760528594885335
306.75009219044296,11222.4853515625,5.686351299285889,0,0.9890798056771136,0.9942968533865258,-0.005217047709412226
306.77052468019247,11224.1708984375,5.6862030029296875,0,0.9892283592571236,0.9943350897067231,-0.005106730449599528
306.79095727000094,11233.8779296875,5.68715763092041,0,0.9900838763980853,0.9943735893698555,-0.0042897129717702764
306.8113897597432,11232.140625,5.686195373535156,0,0.9899307612075651,0.994412350313078,-0.004481589105512884
306.83182214955013,11224.1806640625,5.684937477111816,0,0.989229219938352,0.9944513708356063,-0.005222150897254307
306.85225463941606,11226.9931640625,5.685756683349609,0,0.9894770961321114,0.9944906496108067,-0.005013553478695254
306.87268722921726,11224.970703125,5.685971260070801,0,0.989298849049724,0.9945301849223377,-0.005231335872613707
306.89311961914063,11226.68359375,5.685949325561523,0,0.9894498125371733,0.9945699744571105,-0.005120161919937138
306.91355210900656,11230.2958984375,5.686871528625488,0,0.9897681785235332,0.9946100170548714,-0.004841838531338238
306.9339846989242,11227.5458984375,5.6858744621276855,0,0.9895258106896351,0.9946503109662094,-0.005124500276574295
306.95441708890576,11232.0791015625,5.686783313751221,0,0.9899253389158266,0.994690853833383,-0.0047655149175563905
306.9748495788299,11231.4599609375,5.686163902282715,0,0.9898707717259503,0.9947316444743601,-0.00486087274840985
306.9952821688057,11238.8056640625,5.687583923339844,0,0.9905181761459013,0.9947726811069018,-0.004254504961000438
307.0157145588455,11226.59375,5.686392307281494,0,0.9894418942698727,0.9948139613298799,-0.005372067060007146
307.03614704888605,11223.7373046875,5.686605930328369,0,0.9891901450105858,0.9948554839399563,-0.005665338929370489
307.0565795389193,11221.19921875,5.686116695404053,0,0.9889664539593424,0.9948972469175472,-0.005930792958204867
307.0770120290181,11223.240234375,5.6871137619018555,0,0.9891463363360636,0.9949392484341484,-0.005792912098084746
307.09744451911683,11222.18359375,5.6861653327941895,0,0.9890532106271582,0.9949814866505271,-0.0059282760233688725
307.1178770092665,11239.525390625,5.6885199546813965,0,0.9905816083524294,0.9950239597173263,-0.0044423513648969015
307.13830959936604,11218.8193359375,5.687744140625,0,0.988756705943998,0.9950666659841667,-0.006309960040168705
307.15874198958045,11227.373046875,5.687793254852295,0,0.9895105766318936,0.9951096029527133,-0.005599026320819767
307.17917447978834,11230.0830078125,5.687990665435791,0,0.9897494156727555,0.9951527693713772,-0.00540335369862166
307.1996070700043,11224.1904296875,5.687225818634033,0,0.9892300806195803,0.995196163353435,-0.005966082733854683
307.2200394602187,11238.150390625,5.688309669494629,0,0.9904604244354802,0.995239782360017,-0.0047793579245367646
307.240471950543,11226.6357421875,5.687962055206299,0,0.9894455951991545,0.9952836251202187,-0.005838029921064192
307.2609044408164,11234.318359375,5.686717510223389,0,0.9901226931214829,0.9953276895010459,-0.005204996379562954
307.28133693114796,11244.5625,5.690042972564697,0,0.9910255477300027,0.9953719735733093,-0.004346425843306578
307.3017694214723,11234.037109375,5.689224720001221,0,0.990097905502107,0.9954164753978236,-0.005318569895716663
307.32220191186207,11228.33203125,5.687138557434082,0,0.9895950955285158,0.9954611930261694,-0.005866097497653655
307.34263440225186,11245.208984375,5.6896772384643555,0,0.9910825248273183,0.9955061245001763,-0.004423599672857992
307.3630668926926,11234.498046875,5.687667369842529,0,0.9901385296560843,0.9955512678525654,-0.005412738196481137
307.3834993831406,11238.8017578125,5.689420700073242,0,0.99051783187341,0.9955966211065721,-0.005078789233162073
307.4039318735886,11222.08984375,5.688076972961426,0,0.9890449480873662,0.9956421822763203,-0.006597234188954082
307.4243643640875,11235.39453125,5.6888861656188965,0,0.9902175401928451,0.9956879493669605,-0.005470409174115343
307.44479685465194,11237.4775390625,5.689098358154297,0,0.9904011234988482,0.9957339203745468,-0.005332796875698542
307.4652292452156,11231.4521484375,5.6898627281188965,0,0.9898700831809677,0.9957800930595531,-0.005910009878585365
307.4856618357735,11225.72265625,5.688918113708496,0,0.9893651215043056,0.995826466079624,-0.0064613445753184395
307.5060943263379,11232.162109375,5.689387321472168,0,0.9899326547062673,0.9958730367248796,-0.005940382018612245
307.526526717018,11227.544921875,5.689270973205566,0,0.9895257246215122,0.9959198029535147,-0.006394078332002451
307.5469593076341,11234.7890625,5.689273834228516,0,0.9901641779566885,0.9959667634054563,-0.005802585448767772
307.5673916983724,11234.693359375,5.689185619354248,0,0.9901557432806509,0.9960139151055978,-0.005858171824946856
307.5878241890532,11235.845703125,5.69022274017334,0,0.9902573036655941,0.996061256679814,-0.005803953014219987
307.608256679785,11251.4130859375,5.693199634552002,0,0.9916293156116773,0.9961087858251324,-0.004479470213455072
307.628689270583,11238.060546875,5.689777374267578,0,0.9904525061681796,0.9961565006944292,-0.0057039945262495895
307.64912166137947,11234.2451171875,5.689423561096191,0,0.9901162380122704,0.9962043984963691,-0.006088160484098659
307.6695541521767,11238.0625,5.69059944152832,0,0.9904526783044253,0.9962524778355918,-0.005799799531166494
307.68998674302566,11227.6982421875,5.690204620361328,0,0.989539237316797,0.9963007366096386,-0.006761499292841533
307.71041913393856,11240.619140625,5.690428256988525,0,0.9906780046500024,0.9963491719956066,-0.005671167345604133
307.73085162484495,11247.173828125,5.692931652069092,0,0.9912556938904586,0.9963977825823646,-0.0051420886919059106
307.75128421575937,11228.3017578125,5.6901164054870605,0,0.9895924274167079,0.9964465662440132,-0.006854138827305234
307.7717166067305,11244.48046875,5.691158771514893,0,0.9910183180076848,0.9964955201270932,-0.005477202119408386
307.79214909770235,11225.076171875,5.6899285316467285,0,0.98930814440699,0.9965446428054631,-0.007236498398473068
307.8125814887244,11233.994140625,5.690999984741211,0,0.9900941185047023,0.9965939316475257,-0.006499813142823441
307.83301407975523,11237.0517578125,5.692213535308838,0,0.990363597797293,0.996643385219884,-0.006279787422591054
307.85344657083624,11243.1337890625,5.69158411026001,0,0.9908996300662979,0.9966930006323527,-0.0057933705660547785
307.87387906198273,11242.951171875,5.690843105316162,0,0.9908835353273281,0.9967427759541178,-0.0058592406267896635
307.8943115531292,11237.3486328125,5.692002296447754,0,0.9903897625066342,0.9967927090055336,-0.006402946498899387
307.9147440442757,11242.7724609375,5.6917266845703125,0,0.9908677848608496,0.9968427976002069,-0.005975012739357299
307.93517653547315,11241.068359375,5.69166374206543,0,0.9907175959865058,0.996893039545059,-0.006175443558553262
307.9556091266786,11244.6318359375,5.6913862228393555,0,0.9910316585667239,0.9969434328870648,-0.005911774320340846
307.9760415179335,11236.1318359375,5.690624713897705,0,0.9902825216255842,0.9969939746787945,-0.006711453053210303
307.9964740092546,11228.390625,5.6906561851501465,0,0.9896002596158857,0.9970446634482275,-0.007444403832341795
308.01690640051675,11239.3564453125,5.691247463226318,0,0.9905667185671791,0.9970954964794347,-0.00652877791225559
308.03733899188956,11258.4736328125,5.693287372589111,0,0.992251588139761,0.9971464722944371,-0.0048948841546760935
308.0577714832689,11247.939453125,5.692718505859375,0,0.9913231712987598,0.9971975879135246,-0.0058744166147648436
308.07820387464744,11237.0791015625,5.6912102699279785,0,0.9903660077047323,0.9972488410964658,-0.006882833391733567
308.09863646607846,11237.12890625,5.692322254180908,0,0.9903703971789968,0.9973002303527152,-0.006929833173718425
308.1190689575742,11247.1103515625,5.693264961242676,0,0.9912500994624744,0.9973517526786311,-0.006101653216156633
308.13950144906994,11254.1796875,5.693183898925781,0,0.9918731466036637,0.9974034060692453,-0.005530259465581611
308.1599339406166,11237.173828125,5.692387580871582,0,0.9903743563126471,0.9974551882629658,-0.007080831950318611
308.18036643217056,11249.6240234375,5.693969249725342,0,0.991471638810647,0.9975070969923214,-0.006035458181674391
308.2007989237245,11255.6015625,5.693608283996582,0,0.9919984617905088,0.9975591299843929,-0.005560668193884122
308.22123131538683,11250.1064453125,5.692886829376221,0,0.9915141564633265,0.9976112847055641,-0.006097128242237626
308.24166390705795,11255.91796875,5.693847179412842,0,0.9920263478623067,0.997663559638548,-0.005637211776241324
308.2620963987283,11254.96875,5.694980621337891,0,0.9919426896469128,0.9977159517277457,-0.005773262080832953
308.2825287904561,11255.900390625,5.693996429443359,0,0.9920247986360957,0.9977684586775334,-0.00574366004143767
308.3029613821782,11257.025390625,5.695277214050293,0,0.9921239491135995,0.9978210789604133,-0.005697129846813809
308.32339387396496,11252.0205078125,5.695070743560791,0,0.9916828499840795,0.99787380950075,-0.00619095951667048
308.3438262658019,11251.5400390625,5.694659233093262,0,0.9916405044676456,0.9979266479880152,-0.0062861435203696026
308.38469134949264,11259.9482421875,5.695324897766113,0,0.9923815510052391,0.9980326410970316,-0.005651090091792543
308.4051237414533,11261.0810546875,5.695394992828369,0,0.9924813900277255,0.9980857902999138,-0.005604400272188337
308.4255562334074,11266.4130859375,5.695024490356445,0,0.9929513219783945,0.9981390386864213,-0.005187716708026757
308.44598882536957,11258.66796875,5.695295810699463,0,0.9922687156962048,0.998192383926467,-0.005923668230262247
308.46642121738114,11254.5703125,5.695319652557373,0,0.9919075738527969,0.9982458229004343,-0.0063382490476373565
308.48685370940075,11256.7041015625,5.695335865020752,0,0.9920956327011874,0.9982993540522335,-0.0062037213510460765
308.5072863014793,11257.0693359375,5.695295333862305,0,0.992127822179127,0.9983529750393888,-0.006225152860261818
308.5277186936146,11257.80078125,5.694393634796143,0,0.992192287203129,0.9984066827260991,-0.006214395522970095
308.54815118574334,11260.1357421875,5.695730209350586,0,0.9923980760848231,0.9984604755484476,-0.006062399463624524
308.56858377793833,11262.150390625,5.695589065551758,0,0.9925756346222279,0.9985143511524557,-0.005938716530227817
308.5890161701245,11260.412109375,5.696478843688965,0,0.9924224333635848,0.9985683063872944,-0.006145873023709614
308.60944866240607,11260.8681640625,5.695580005645752,0,0.9924626271769479,0.9986223396823354,-0.0061597125053874935
308.62988105468685,11267.9296875,5.695489406585693,0,0.9930849857731545,0.9986764481425258,-0.005591462369371247
308.65031364699826,11265.712890625,5.695523262023926,0,0.9928896111343232,0.99873063019371,-0.005841019059386832
308.67074613935984,11269.1552734375,5.695667743682861,0,0.99319300126731,0.9987848826685164,-0.005591881401206367
308.6911786317287,11270.462890625,5.69610071182251,0,0.9933082464837837,0.9988392034563027,-0.005530956972519041
308.7116111241485,11271.9326171875,5.696424961090088,0,0.9934377790086476,0.9988935901786686,-0.00545581117002103
308.73204361663375,11262.916015625,5.69541072845459,0,0.992643112030529,0.9989480404542487,-0.006304928423719658
308.752476109119,11268.3671875,5.695589065551758,0,0.9931235442921837,0.9990025518986816,-0.005879007606497844
308.7729086016625,11266.6474609375,5.696118354797363,0,0.9929719783278745,0.9990571221252577,-0.006085143797383119
308.7933410941987,11264.650390625,5.696043014526367,0,0.9927959690166808,0.9991117487443627,-0.006315779727681936
308.8137735868004,11265.4521484375,5.695127010345459,0,0.9928666309455267,0.9991664293642827,-0.006299798418755942
308.8342059794595,11271.490234375,5.69734001159668,0,0.9933987901490041,0.999221161322733,-0.0058223711737288575
308.8546385721129,11271.6708984375,5.69581413269043,0,0.9934147127517283,0.9992759430269841,-0.005861230275255758
308.875071064831,11279.3037109375,5.697591304779053,0,0.9940874211997922,0.9993307712745654,-0.005243350074773168
308.89550345757743,11263.3984375,5.694349765777588,0,0.9926856296832086,0.9993856436639721,-0.006700013980763475
308.9159360503472,11268.763671875,5.697440147399902,0,0.993158487950054,0.9994405585984912,-0.006282070648437221
308.93636854315264,11282.818359375,5.697571277618408,0,0.9943971803738687,0.999495512867653,-0.00509833249378433
308.9568009360155,11272.59375,5.697275161743164,0,0.9934960471278056,0.999550504064697,-0.006054456936891439
308.9772335289017,11265.732421875,5.6951727867126465,0,0.9928913324967799,0.9996055305893212,-0.006714198092541368
308.99766602182353,11273.84375,5.697666168212891,0,0.993606214325032,0.9996605892244781,-0.006054374899446047
309.01809851480357,11286.96875,5.698090076446533,0,0.9947629698959096,0.999715677828628,-0.004952707932718403
309.03853090780467,11292.7646484375,5.6978535652160645,0,0.9952737842049244,0.9997707937197226,-0.004497009514798145
309.0589635008437,11275.9765625,5.695817947387695,0,0.9937941871052997,0.9998259352938963,-0.006031748188596642
309.07939599390374,11277.75,5.696719169616699,0,0.9939504868163647,0.9998810993272258,-0.005930612510861133
309.09982838702854,11277.3828125,5.69535493850708,0,0.9939181252021794,0.999936283404073,-0.006018158201893664
309.12026098018396,11282.5869140625,5.695531368255615,0,0.9943767822287572,0.9999914859183975,-0.0056147036896402325
309.1406934733968,11282.5068359375,5.6987409591674805,0,0.9943697246426849,1.0000467036427771,-0.0056769790000922304
309.16112586660165,11293.9111328125,5.697109699249268,0,0.9953748281811305,1.0001019341590343,-0.004727105977903712
309.1815584598735,11289.8505859375,5.698946475982666,0,0.9950169569263903,1.0001571758600187,-0.005140218933628482
309.2019909531664,11275.421875,5.698380470275879,0,0.9937453004115304,1.0002124255157672,-0.006467125104236748
309.222423346524,11277.4716796875,5.69611930847168,0,0.9939259574013573,1.0002676807071054,-0.006341723305748115
309.2428558399115,11274.9794921875,5.697147369384766,0,0.993706311551887,1.000322939555364,-0.006616628003477065
309.26328843332885,11282.6171875,5.699628829956055,0,0.9943794503405651,1.0003781996409835,-0.005998749300418438
309.2837208267956,11278.2041015625,5.698180675506592,0,0.993990508493482,1.0004334577330345,-0.006442949239552465
309.3041533202995,11281.4892578125,5.696399688720703,0,0.9942800416586928,1.0004887122232613,-0.00620867056456853
309.324585913826,11288.033203125,5.697543144226074,0,0.9948567841497978,1.0005439606921482,-0.005687176542350403
309.34501840741723,11309.0927734375,5.700565338134766,0,0.9967128432186948,1.0005992001798862,-0.0038863569611914395
309.3654508010368,11296.5322265625,5.699421405792236,0,0.9956058350228147,1.0006544282677785,-0.005048593244963762
309.38588339468697,11284.0556640625,5.696438312530518,0,0.9945062286854983,1.0007096433483704,-0.006203414662872109
309.4063158883582,11296.4228515625,5.6999053955078125,0,0.9955961953930574,1.0007648421931765,-0.005168646800119081
309.4267482821233,11296.296875,5.699000835418701,0,0.9955850926052119,1.00082002238568,-0.005234929780468134
309.44718077588914,11285.455078125,5.6972174644470215,0,0.9946295643055183,1.0008751820496047,-0.006245617744086385
309.4676132697059,11295.515625,5.698490619659424,0,0.9955162381069455,1.0009303184997276,-0.005414080392782128
309.48804576358816,11298.6640625,5.6992926597595215,0,0.9957937217349595,1.0009854293218547,-0.0051917075868952445
309.5084782574704,11301.3212890625,5.699960708618164,0,0.9960279130971885,1.001040512102699,-0.005012599005510543
309.5289107514036,11303.0859375,5.701252460479736,0,0.996183438195148,1.0010955644305155,-0.00491212623536752
309.54934324540227,11295.9189453125,5.69783878326416,0,0.9955517842416755,1.0011505838947936,-0.005598799653118158
309.56977573943004,11306.7333984375,5.697928428649902,0,0.9965049026339299,1.0012055680863245,-0.00470066545239467
309.59020823347964,11299.236328125,5.6975507736206055,0,0.9958441576549397,1.0012605145975235,-0.0054163569425838
309.6106407275947,11291.0634765625,5.698285102844238,0,0.995123853534949,1.0013154210225912,-0.006191567487642158
309.6310732217389,11312.2578125,5.701864242553711,0,0.996991790004797,1.0013702849572692,-0.004378494952472223
309.65150561590417,11316.59765625,5.700931072235107,0,0.9973742767426675,1.0014251037310558,-0.004050826988388212
309.67193821013643,11308.5771484375,5.699455738067627,0,0.9966673992498388,1.0014798757482786,-0.004812476498439744
309.69237070442614,11304.701171875,5.70055627822876,0,0.996325794870314,1.0015345978061083,-0.005208802935794288
309.7128030987369,11303.896484375,5.69907283782959,0,0.9962548747370995,1.0015892675091074,-0.005334392772007868
309.7332356930856,11302.9912109375,5.699559688568115,0,0.9961750895872332,1.00164388326581,-0.005468793678576889
309.7536681874917,11310.203125,5.700840473175049,0,0.996810702674356,1.0016984418825494,-0.004887739208193409
309.7741005819189,11305.896484375,5.699707508087158,0,0.9964311422526618,1.001752940971149,-0.005321798718487147
309.7945331764131,11305.6689453125,5.699179172515869,0,0.9964110883800417,1.0018073789451343,-0.00539629056509261
309.81496567092836,11312.8994140625,5.700937271118164,0,0.9970483367614984,1.0018617526210054,-0.004813415859507009
309.8353981655091,11302.3173828125,5.699432849884033,0,0.9961157025824783,1.0019160598846266,-0.00580035730214834
309.8558305601182,11304.3603515625,5.699668884277344,0,0.9962957570954453,1.001970298092693,-0.0056745409972477345
309.876263154787,11309.6650390625,5.699802398681641,0,0.996763279138675,1.0020244656662136,-0.005261186527538597
309.8966956494769,11312.1484375,5.700115203857422,0,0.9969821503750397,1.0020785594374486,-0.005096409062408935
309.9171280442024,11308.5341796875,5.698452949523926,0,0.9966636122524342,1.0021325770389558,-0.005468964786521591
309.93756063900946,11307.94140625,5.6979851722717285,0,0.9966113689018745,1.0021865168981499,-0.0055751479962753425
309.95799313382304,11318.4794921875,5.700624942779541,0,0.997540130015367,1.0022403758604579,-0.004700245845090878
309.97842552869406,11313.4833984375,5.699975490570068,0,0.9970998054989526,1.0022941515689183,-0.005194346069965716
309.9988581236248,11328.9033203125,5.702136516571045,0,0.9984588211584882,1.0023478424578192,-0.003889021299330997
310.01929061857663,11318.5947265625,5.700617790222168,0,0.9975502860538613,1.0024014453871881,-0.004851159333326804
310.0397230135932,11331.2060546875,5.702146053314209,0,0.9986617697921287,1.0024549580113589,-0.003793188219230137
310.0601555086396,11320.0234375,5.7014875411987305,0,0.9976762037175663,1.0025083785109081,-0.004832174793341859
310.0805881037377,11317.08984375,5.700404167175293,0,0.9974176550765754,1.0025617045454212,-0.005144049468845724
310.10102049887064,11316.6552734375,5.701805591583252,0,0.9973793547619147,1.0026149329976557,-0.005235578235740945
310.12145299406257,11333.484375,5.702430248260498,0,0.9988625667226985,1.002668062319222,-0.003805495596523434
310.1418855892771,11326.1591796875,5.701628684997559,0,0.998216969733327,1.002721090182201,-0.004504120448874049
310.1623180845563,11320.14453125,5.70255708694458,0,0.9976868761647976,1.0027740137457466,-0.0050871375809490305
310.182750479893,11341.279296875,5.703495025634766,0,0.9995495624791527,1.0028268306940449,-0.0032772682148921595
310.20318307525304,11337.1240234375,5.703057765960693,0,0.9991833426164977,1.0028795394890222,-0.0036961968725245375
310.2236155706487,11329.87890625,5.7031168937683105,0,0.9985448032131985,1.0029321370480901,-0.004387333834891649
310.2440479661309,11331.033203125,5.701684474945068,0,0.9986465357343872,1.0029846210699616,-0.004338085335574338
310.2644804616357,11335.5478515625,5.702953815460205,0,0.9990444286662449,1.0030369897701101,-0.003992561103865255
310.2849130571776,11335.7763671875,5.7020392417907715,0,0.9990645686069879,1.0030892408538161,-0.0040246722468282314
310.30534545277624,11326.9326171875,5.702517986297607,0,0.9982851356866108,1.0031413712669512,-0.004856235580340429
310.32577794839744,11326.9130859375,5.702962875366211,0,0.9982834143241541,1.0031933794931032,-0.0049099651689490376
310.3462105440849,11327.0673828125,5.7019362449646,0,0.9982970130875618,1.0032452632533087,-0.004948250165746848
310.36664293982903,11336.3955078125,5.701106071472168,0,0.9991191357968641,1.0032970195148923,-0.004177883718028186
310.38707543562487,11339.41796875,5.70361328125,0,0.9993855166370327,1.0033486467724548,-0.003963130135422155
310.40750803142873,11339.9013671875,5.70268440246582,0,0.9994281203578351,1.0034001427633936,-0.003972022405558495
310.4279404273184,11325.0908203125,5.701614856719971,0,0.9981228112069475,1.003451504477975,-0.005328693271027585
310.44837292323064,11327.271484375,5.70235538482666,0,0.9983150013252339,1.0035027304221875,-0.005187729096953642
310.46880541920837,11331.798828125,5.703222751617432,0,0.9987140131426884,1.003553818101428,-0.004839804958739702
310.4892379152443,11328.3544921875,5.703064918518066,0,0.9984104508734559,1.0036047652787263,-0.005194314405270406
310.50967041130207,11343.21875,5.704835414886475,0,0.9997204937710993,1.0036555697231913,-0.003935075952091971
310.5301029073962,11324.9921875,5.703342914581299,0,0.9981141183265413,1.0037062292103085,-0.0055921108837672096
310.55053540357767,11338.3486328125,5.704405307769775,0,0.9992912720425304,1.0037567415220006,-0.00446546947947013
310.57096789978095,11340.94921875,5.703943252563477,0,0.9995204714536351,1.0038071044463461,-0.004286632992711037
310.5914003960497,11350.7998046875,5.705425262451172,0,1.000388640608653,1.003857315778235,-0.003468675169581825
310.6118328923476,11346.390625,5.704733371734619,0,1.0000000430340614,1.0039073733189967,-0.003907330284935284
310.6322653886964,11331.345703125,5.7047529220581055,0,0.9986740775336939,1.0039572748768388,-0.005283197343144974
310.6526977851099,11347.94140625,5.7056050300598145,0,1.0001367192131205,1.0040070180237166,-0.0038702988105960845
310.6731302815533,11338.82421875,5.705592632293701,0,0.9993331872183502,1.0040566010683674,-0.004723413850017177
310.6935628780484,11333.318359375,5.703413486480713,0,0.9988479351418168,1.0041060218374045,-0.005258086695587694
310.7139953746082,11352.4521484375,5.705456256866455,0,1.000534267872487,1.0041552776831513,-0.0036210098106643773
310.73442777122546,11342.6591796875,5.704710483551025,0,0.9996711767367159,1.0042043664512812,-0.004533189714565289
310.75486036786606,11356.5400390625,5.705597877502441,0,1.0008945490346663,1.0042532867117877,-0.0033587376771213595
310.7752928645714,11349.650390625,5.706356048583984,0,1.0002873384280784,1.0043020356032177,-0.004014697175139359
310.79572526130505,11351.26171875,5.705886363983154,0,1.0004293508307531,1.0043506109934672,-0.003921260162714102
310.8161578580912,11353.4443359375,5.705124378204346,0,1.0006217130852852,1.0043990114675638,-0.003777298382278582
310.836590354942,11357.955078125,5.706584930419922,0,1.0010192617446516,1.004447234194328,-0.0034279724496764086
310.8570227518503,11360.9833984375,5.706852436065674,0,1.0012861589935573,1.0044952770648574,-0.0032091180713000877
310.8774552488103,11349.9716796875,5.706226348876953,0,1.0003156548404906,1.004543138445767,-0.004227483605276472
310.8978878458074,11355.4482421875,5.707027912139893,0,1.000798324873339,1.0045908162386545,-0.0037924913653155645
310.9183202428612,11364.310546875,5.708038330078125,0,1.0015793930880499,1.004638307657264,-0.003058914569214144
310.93875273996673,11356.0654296875,5.707246780395508,0,1.0008527199269694,1.0046856113207538,-0.003832891393784399
310.9591853371094,11365.0771484375,5.708930015563965,0,1.001646956564474,1.0047327251550513,-0.003085768590577409
310.9796177343087,11350.5244140625,5.707229137420654,0,1.0003643693980142,1.004779646406919,-0.004415277008904761
311.0000502315597,11364.98046875,5.708577632904053,0,1.0016384358203134,1.0048263737121552,-0.0031879378918417967
311.020482828877,11368.8759765625,5.708622455596924,0,1.0019817615622948,1.0048729050218994,-0.002891143459604617
311.0409153262226,11356.73046875,5.707370281219482,0,1.000911332318619,1.0049192378431602,-0.004007905524541222
311.0613477236475,11358.8955078125,5.7083234786987305,0,1.00110214534694,1.0049653701502235,-0.0038632248032834937
311.0817802210804,11373.0009765625,5.708911418914795,0,1.0023453133131421,1.0050113003745131,-0.002665987061371
311.1022128186014,11354.533203125,5.707890033721924,0,1.0007176790422443,1.0050570265020975,-0.0043393474598532045
311.1226452161718,11365.1708984375,5.7090744972229,0,1.0016552191042658,1.0051025458608487,-0.0034473267565828802
311.14307771377935,11368.607421875,5.7087626457214355,0,1.0019580928285157,1.005147857127455,-0.003189764298939357
311.16351031144586,11375.123046875,5.709756851196289,0,1.0025323393440584,1.0051929583148669,-0.0026606189708084926
311.1839427091618,11371.5732421875,5.709256172180176,0,1.00221948171756,1.0052378467876057,-0.0030183650700457143
311.20437520694395,11366.2353515625,5.708142280578613,0,1.001749033358154,1.0052825212408285,-0.003533487882674491
311.2248078047851,11367.75,5.709311485290527,0,1.001882525016668,1.005326979715218,-0.003444454698549926
311.2452402026465,11363.6220703125,5.7090044021606445,0,1.0015187150614524,1.0053712196128548,-0.0038525045514024026
311.2656727005742,11371.2578125,5.709449768066406,0,1.002191681713885,1.0054152396478777,-0.00322355793399276
311.2861051985601,11367.3427734375,5.709590435028076,0,1.0018466346094468,1.005459037675729,-0.0036124030662822992
311.30653769659693,11376.6220703125,5.710648536682129,0,1.0026644539126073,1.005502611778628,-0.0028381578660208184
311.32697019469924,11364.0908203125,5.709347724914551,0,1.0015600277604124,1.0055459600486452,-0.003985932288232741
311.36783529104287,11369.693359375,5.709072589874268,0,1.0020538005811062,1.0056319717169462,-0.0035781711358400248
311.38826768928993,11374.361328125,5.71066427230835,0,1.0024652062082486,1.0056746309303952,-0.003209424722146581
311.40870018759597,11367.330078125,5.708874225616455,0,1.00184551572385,1.0057170569881704,-0.0038715412643204328
311.4291327859537,11369.4833984375,5.71033239364624,0,1.002035295934697,1.005759248029125,-0.003723952094428107
311.4495651843754,11366.6572265625,5.7085700035095215,0,1.0017862147872179,1.0058012015881612,-0.004014986800943365
311.46999768285605,11370.8173828125,5.710426330566406,0,1.0021528649904872,1.0058429164459881,-0.0036900514555009423
311.4904300813869,11374.5107421875,5.708893299102783,0,1.0024783746310422,1.0058843903677375,-0.0034060157366953003
311.5108626799556,11365.341796875,5.710024833679199,0,1.0016702810257616,1.0059256221445423,-0.0042553411187806756
311.5312951785818,11377.7119140625,5.710134029388428,0,1.0027605059376892,1.0059666093638853,-0.003206103426196094
311.55172757728724,11371.396484375,5.710079669952393,0,1.0022039033873271,1.0060073502347209,-0.0038034468473937544
311.5721601760015,11387.79296875,5.711475372314453,0,1.0036489871696959,1.0060478435693616,-0.0023988563996657497
311.5925926748314,11383.8212890625,5.711470603942871,0,1.0032989481141334,1.0060880869985982,-0.002789138884464748
311.61302507368237,11377.6806640625,5.710195064544678,0,1.0027577517577586,1.0061280787638012,-0.0033703270060425616
311.63345767257124,11386.384765625,5.711968898773193,0,1.0035248769365703,1.0061678176992201,-0.0026429407626498147
311.65389017154666,11383.70703125,5.710260391235352,0,1.0032888781437619,1.006207301479599,-0.002918423335837028
311.67432257057226,11388.3583984375,5.7113471031188965,0,1.0036988206128161,1.0062465283797632,-0.002547707766947127
311.6947550696641,11377.5732421875,5.709899425506592,0,1.0027482842642468,1.006285497066098,-0.003537212801851153
311.7151876687858,11376.1650390625,5.710484981536865,0,1.0026241740311215,1.0063242058284214,-0.003700031797299941
311.735620067986,11387.0771484375,5.7107834815979,0,1.0035858992356592,1.0063626524054896,-0.0027767531698303927
311.7560525672234,11386.9892578125,5.711769104003906,0,1.0035781531046042,1.0064008356801923,-0.0028226825755881535
311.7764851665197,11387.2744140625,5.711022853851318,0,1.0036032849964713,1.0064387539767743,-0.0028354689803029576
311.79691756589455,11381.45703125,5.711158752441406,0,1.0030905771887544,1.006476405080189,-0.0033858278914347117
311.8173500653065,11387.8671875,5.710158824920654,0,1.0036555283470312,1.006513787896516,-0.0028582595494848206
311.8377826647775,11389.4072265625,5.711716175079346,0,1.003791257776739,1.006550900784976,-0.002759643008237056
311.85821506429784,11392.5693359375,5.711941719055176,0,1.0040699463584728,1.0065877415775961,-0.00251779521912332
311.87864756391355,11381.8134765625,5.710747241973877,0,1.0031219920535883,1.0066243092042344,-0.0035023171506460837
311.89908006355836,11390.802734375,5.711766719818115,0,1.0039142491242676,1.006660601882628,-0.0027463527583604375
311.91951266325486,11384.3623046875,5.7102556228637695,0,1.0033466298541829,1.0066966181992745,-0.0033499883450915924
311.93994506301533,11391.0361328125,5.711501598358154,0,1.0039348194056248,1.0067323560504022,-0.002797536644777443
311.96037756283476,11397.44921875,5.711832046508789,0,1.0045000287682702,1.0067678143979246,-0.002267785629654462
311.9808101627059,11385.462890625,5.710391521453857,0,1.003443628628616,1.0068029916851107,-0.0033593630564947574
312.0012425626701,11385.3154296875,5.7114362716674805,0,1.003430632342068,1.0068378858573295,-0.003407253515261388
312.02167506266414,11395.0439453125,5.710872650146484,0,1.004288042981732,1.0068724959009836,-0.0025844529192515786
312.0421076627099,11397.6806640625,5.7115397453308105,0,1.0045204269133816,1.0069068202964688,-0.0023863933830872153
312.0625400628196,11389.5126953125,5.709329128265381,0,1.003800553134005,1.006940857039005,-0.003140303904999975
312.0829725629883,11387.900390625,5.710048675537109,0,1.0036584546632075,1.0069746051400825,-0.003316150476875057
312.1034050632079,11387.2041015625,5.710015296936035,0,1.0035970880916274,1.007008062954687,-0.003410974863059524
312.123837563493,11228.9873046875,5.697449207305908,0,0.9896528472389368,1.0070412290178374,-0.017388381778900674
312.1442700638654,11197.4365234375,5.695472717285156,0,0.9868721583264433,1.0070741018773393,-0.020201943550895995
312.16470256425964,11205.59375,5.695979595184326,0,0.9875910853564686,1.0071066800936963,-0.01951559473722775
312.18513506474847,11288.6005859375,5.702574729919434,0,0.9949067897291638,1.0071389622405347,-0.012232172511370876
312.2055675652664,11392.4951171875,5.711431980133057,0,1.0040634051811375,1.007170946904225,-0.0031075417230874702
312.22600006583525,11392.41015625,5.710633277893066,0,1.004055917254451,1.0072026326843015,-0.003146715429850566
312.24643266647035,11381.43359375,5.709975719451904,0,1.0030885115538064,1.007234018346244,-0.0041455067924376365
312.26686506719125,11387.6845703125,5.70929479598999,0,1.0036394336080614,1.0072651020572103,-0.003625668449148911
312.28729756796383,11384.912109375,5.709525108337402,0,1.003395086207338,1.0072958829146965,-0.0039007967073585448
312.30773016877356,11387.45703125,5.7098846435546875,0,1.0036193797354411,1.007326359566433,-0.0037069798309918855
312.3281625696982,11387.552734375,5.708621978759766,0,1.003627814411479,1.0073565302328418,-0.0037287158213628047
312.3485950706163,11389.47265625,5.71140718460083,0,1.0037970243409688,1.0073863940378958,-0.003589369696926914
312.369027571629,11393.455078125,5.710239410400391,0,1.0041480101458824,1.0074159495256978,-0.003267939379815399
312.3894600726999,11396.4931640625,5.71165132522583,0,1.0044157680760164,1.0074451954020596,-0.003029427326043166
312.4098925738508,11398.2060546875,5.710922718048096,0,1.0045667315634657,1.0074741303864332,-0.002907398822967533
312.4303250750381,11378.306640625,5.7104172706604,0,1.0028129214244945,1.0075027532117915,-0.004689831787296983
312.45075757628365,11390.5771484375,5.711029529571533,0,1.003894367387893,1.0075310626248686,-0.003636695236975518
312.4711900776092,11385.62109375,5.710773468017578,0,1.0034575716645149,1.00755905738612,-0.004101485721605069
312.49162257897115,11388.439453125,5.711478233337402,0,1.0037059642670114,1.0075867362696895,-0.0038807720026781123
312.5120550804204,11389.681640625,5.712329864501953,0,1.0038154429192552,1.007614098063681,-0.0037986551444257888
312.5324875819206,11393.5537109375,5.712714195251465,0,1.0041567030262886,1.0076411415699638,-0.0034844385436751946
312.5529199834855,11402.2275390625,5.7137041091918945,0,1.0049211600932926,1.007667865474404,-0.002746705381111436
312.57335248510935,11397.7841796875,5.7130208015441895,0,1.0045295501344018,1.0076942688684267,-0.0031647187340249072
312.593785086814,11397.5556640625,5.713407516479492,0,1.004509410193659,1.0077203505912269,-0.003210940397567974
312.61421748855355,11397.7138671875,5.71242094039917,0,1.0045233532295579,1.0077461091201456,-0.0032227558905877363
312.63464999035205,11388.4765625,5.71242618560791,0,1.003709234855679,1.0077715437079031,-0.004062308852224028
312.65508259223134,11391.1259765625,5.712637424468994,0,1.0039427376729253,1.007796653236065,-0.0038539155631396316
312.6755149941746,11390.2734375,5.712759971618652,0,1.003867600201692,1.0078214362388764,-0.003953836037184466
312.6959474961768,11385.20703125,5.71268367767334,0,1.0034210787804336,1.0078458919974373,-0.00442481321700372
312.71638009823073,11395.5224609375,5.714118957519531,0,1.0043302163619203,1.0078700194360888,-0.003539803074168457
312.73681260037847,11393.8408203125,5.713719844818115,0,1.0041820070544016,1.0078938172622547,-0.00371181020785305
312.75724500258366,11394.6220703125,5.713507652282715,0,1.0042508615526682,1.0079172844387096,-0.003666422886041465
312.77767750484054,11399.130859375,5.713990211486816,0,1.0046482380757888,1.0079404201676025,-0.0032921820918137
312.79811010713456,11399.98046875,5.712526798248291,0,1.0047231173426536,1.0079632234310059,-0.003240106088352235
312.8185425095435,11393.732421875,5.713958263397217,0,1.0041724534927672,1.0079856928981707,-0.003813239405403568
312.83897501198226,11396.94140625,5.714273452758789,0,1.0044552733443968,1.0080078279174953,-0.003552554573098554
312.85940761447273,11386.1611328125,5.712886810302734,0,1.0035051673364417,1.0080296275148661,-0.00452446017842445
312.87984001705627,11391.27734375,5.7126288414001465,0,1.0039560782319645,1.0080510904181963,-0.004095012186231761
312.9002725196915,11389.9130859375,5.712830543518066,0,1.0038358410643666,1.0080722160052509,-0.004236374940884247
312.9207051224221,11396.2744140625,5.714400291442871,0,1.0043964888165018,1.0080930033460938,-0.0036965145295919655
312.94113752518024,11395.443359375,5.714414119720459,0,1.0043232448439707,1.0081134512277317,-0.00379020638376093
312.9615700280265,11396.4404296875,5.713903427124023,0,1.0044111203973833,1.0081335590575953,-0.0037224386602119353
312.98200253092364,11399.4814453125,5.714564323425293,0,1.004679136531886,1.008153325854286,-0.0034741893224001785
313.0024350338863,11397.24609375,5.714107036590576,0,1.0044821265987207,1.008172750752295,-0.003690624153574351
313.02286753692897,11407.9091796875,5.71361780166626,0,1.005421904431936,1.0081918329010835,-0.0027699284691475867
313.0433000400226,11394.4765625,5.714236736297607,0,1.0042380374023658,1.008210571465079,-0.003972534062713251
313.0637325431744,11389.7333984375,5.713028907775879,0,1.0038200045297654,1.008228965623789,-0.004408961094023667
313.0841650464208,11411.9833984375,5.713948726654053,0,1.005780980640396,1.0082470145718256,-0.0024660339314297453
313.1045975497036,11410.564453125,5.715499401092529,0,1.0056559236579192,1.0082647175188326,-0.0026087938609133943
313.1250301530745,11399.4833984375,5.713584899902344,0,1.0046793086681316,1.008282073773795,-0.0036027651056633747
313.14546255649475,11398.3134765625,5.714055061340332,0,1.0045761990569775,1.008299082324427,-0.003722883267449628
313.16589505998127,11395.0126953125,5.7131876945495605,0,1.0042852888018012,1.0083157426782732,-0.00403045387647194
313.18632746355433,11405.150390625,5.71441650390625,0,1.0051787619849324,1.0083320539427771,-0.0031532919578447505
313.20676006717986,11397.9765625,5.713915824890137,0,1.0045465055546,1.0083480156406162,-0.0038015100860162576
313.2271925708701,11403.6123046875,5.712961673736572,0,1.0050432046914701,1.008363626835967,-0.003320422144496904
313.2476250746331,11399.705078125,5.714148998260498,0,1.0046988461320145,1.0083788869242472,-0.0036800407922326084
313.2680575784616,11395.341796875,5.713525295257568,0,1.004314293759196,1.0083937952372612,-0.0040795014780652394
313.28849008235557,11398.5419921875,5.713374614715576,0,1.0045963389977204,1.0084083511222217,-0.0038120121245013294
313.3089225863223,11402.76171875,5.714965343475342,0,1.0049682393564825,1.0084225539417786,-0.0034543145852961032
313.3293550903545,11405.947265625,5.7162699699401855,0,1.005248993573164,1.0084364030740307,-0.0031874095008666004
313.3497875944522,11401.2490234375,5.714853763580322,0,1.004834919834214,1.0084498979125687,-0.003614978078354758
313.3702200986081,11394.2724609375,5.715566158294678,0,1.0042200491646938,1.0084630378664925,-0.004242988701798733
313.39065250285785,11413.4384765625,5.716496467590332,0,1.0059092221434174,1.0084758222987686,-0.002566600155351262
313.41108510716003,11407.39453125,5.716177463531494,0,1.005376546531203,1.0084882508346746,-0.0031117043034716296
313.4315176115342,11407.853515625,5.715865612030029,0,1.0054169985489345,1.0085003227449234,-0.00308332419598889
313.4519500159804,11405.57421875,5.716006278991699,0,1.005216115550242,1.0085120375061625,-0.0032959219559205444
313.47238262047904,11395.5068359375,5.713229656219482,0,1.004328839271955,1.008523394774805,-0.004194555502849973
313.49281512505695,11396.0810546875,5.715249061584473,0,1.0043794473281809,1.0085343938841902,-0.004154946556009342
313.5132475296996,11395.537109375,5.71373176574707,0,1.0043315073837626,1.008545034357955,-0.004213526974192305
313.5336801344238,11394.5849609375,5.713977336883545,0,1.0042475909640005,1.0085553158837866,-0.004307724919786038
313.55411263919086,11399.712890625,5.715428352355957,0,1.0046995346769974,1.0085652378578778,-0.00386570318088042
313.57454504405905,11395.5029296875,5.714819431304932,0,1.0043284949994635,1.0085747998510852,-0.004246304851621696
313.5949776489797,11387.302734375,5.713624954223633,0,1.0036057809720336,1.0085840015824434,-0.004978220610409867
313.6154101539796,11393.6845703125,5.715174198150635,0,1.0041682361547482,1.0085928425113009,-0.004424606356552729
313.6358425590297,11402.4013671875,5.7152419090271,0,1.004936480219157,1.0086013222558272,-0.0036648420366702794
313.65627506417513,11399.515625,5.7153143882751465,0,1.004682148916185,1.008609440527741,-0.0039272916115560275
313.67670766937954,11404.5498046875,5.716630458831787,0,1.00512583008939,1.0086171969662425,-0.0034913668768525863
313.69714007464063,11394.875,5.715717792510986,0,1.004273153196482,1.008624591120476,-0.0043514379239941725
313.7175725799825,11384.5927734375,5.7148613929748535,0,1.0033669419311715,1.0086316227779062,-0.005264680846734704
313.7380051854052,11403.3095703125,5.71640682220459,0,1.0050165235733919,1.0086382916253107,-0.0036217680519188278
313.7584375908773,11386.9541015625,5.714912414550781,0,1.0035750546521822,1.0086445972754223,-0.005069542623240109
313.77887009644473,11406.8984375,5.717592716217041,0,1.0053328239248036,1.0086505395473968,-0.003317715622593198
313.79930270207115,11397.6640625,5.716025352478027,0,1.0045189637552934,1.00865611817569,-0.004137154420396527
313.8197351077688,11402.6240234375,5.716162204742432,0,1.004956103751163,1.008661332836797,-0.0037052290856340875
313.8401676135327,11405.7138671875,5.7161784172058105,0,1.005228423291807,1.008666183381617,-0.0034377600898101157
313.8606001193766,11399.109375,5.716169357299805,0,1.0046463445770863,1.0086706695713483,-0.004024324994261974
313.881032625286,11398.5048828125,5.716228008270264,0,1.0045930684090527,1.0086747912095486,-0.004081722800495902
313.9014651312755,11397.4150390625,5.715517044067383,0,1.0044970163839708,1.0086785481157452,-0.004181531731774379
313.9218976373231,11397.484375,5.714919090270996,0,1.0045031272206921,1.0086819401254277,-0.0041788129047355405
313.942330243437,11395.2197265625,5.714937210083008,0,1.0043035352438419,1.008684967103991,-0.004381431860149165
313.962762649644,11397.041015625,5.714567184448242,0,1.0044640522929258,1.0086876288771316,-0.0042235765842058015
313.9831951559245,11395.2861328125,5.714443206787109,0,1.0043093878761946,1.008689925370055,-0.004380537493860359
314.00362776225666,11397.921875,5.715559482574463,0,1.0045416857397214,1.0086918564768352,-0.0041501707371138785
314.0240601686819,11398.3935546875,5.714857578277588,0,1.0045832566430497,1.0086934220872459,-0.004110165444196179
314.0444926751661,11391.63671875,5.713194370269775,0,1.003987751301167,1.008694622158398,-0.0047068708572308715
314.0649250817369,11400.1884765625,5.71563196182251,0,1.004741449852817,1.0086954566259958,-0.003954006773178698
314.0853576883601,11391.8681640625,5.713204860687256,0,1.0040081494462785,1.0086959254630636,-0.004687776016785161
314.10579019507713,11400.291015625,5.7147746086120605,0,1.0047504870057145,1.008696028639502,-0.003945541633787464
314.1262227018451,11408.818359375,5.717686176300049,0,1.0055020338542937,1.008695766153978,-0.0031937322996842266
314.14665520870767,11399.8505859375,5.715329647064209,0,1.004711670282317,1.0086951380179812,-0.00398346773566427
314.16708771562844,11388.685546875,5.714590072631836,0,1.0037276534339654,1.0086941442590118,-0.00496649082504641
314.1875202226365,11408.869140625,5.7167863845825195,0,1.005506509396681,1.0086927849205782,-0.003186275523897164
314.20795272969553,11402.328125,5.716042995452881,0,1.0049300251099444,1.0086910600622,-0.0037610349522556596
314.22838523684914,11387.47265625,5.7161664962768555,0,1.0036207568254065,1.0086889697593948,-0.005068212933988292
314.24881774408277,11400.6806640625,5.7152180671691895,0,1.0047848281867249,1.008686514103687,-0.00390168591696205
314.26925015138113,11401.724609375,5.716357231140137,0,1.0048768350100337,1.0086836932172984,-0.003806858207264785
314.2896827587392,11402.9892578125,5.7162957191467285,0,1.0049882932291025,1.0086805071796459,-0.0036922139505433105
314.31011526618386,11396.841796875,5.716408729553223,0,1.0044464943958678,1.0086769561743243,-0.00423046177845654
314.3509802812987,11395.8974609375,5.716433525085449,0,1.0043632665210882,1.0086687598544852,-0.004305493333397026
314.3714127889689,11394.9853515625,5.714782238006592,0,1.004282878894362,1.0086641148988482,-0.004381236004486144
314.3918451967329,11396.6005859375,5.715320110321045,0,1.004425235569528,1.0086591057039924,-0.0042338701344644125
314.41227780455665,11394.46484375,5.7163872718811035,0,1.0042370045848918,1.0086537324130378,-0.00441672782814595
314.4327103124524,11396.7666015625,5.715857028961182,0,1.0044398671504098,1.0086479953374754,-0.004208128187065618
314.45314282041363,11388.857421875,5.715226650238037,0,1.003742801423584,1.008641894703103,-0.0048990932795189845
314.4735752284687,11394.5693359375,5.715289115905762,0,1.0042462138740351,1.0086354308095582,-0.004389216935523077
314.49400783659075,11393.912109375,5.7159929275512695,0,1.0041882900273684,1.0086286038423058,-0.004440313814937369
314.51444024479133,11392.2197265625,5.716715335845947,0,1.0040391339704986,1.0086214142339127,-0.004582280263414118
314.53487275306543,11392.28515625,5.716122150421143,0,1.0040449005347283,1.0086138621962868,-0.004568961661558513
314.5553053614276,11388.529296875,5.714326858520508,0,1.003713882534312,1.0086059480547775,-0.004892065520465616
314.57573776985373,11385.654296875,5.712926864624023,0,1.0034604979806911,1.0085976722747767,-0.005137174294085556
314.5961702783461,11396.94921875,5.715420246124268,0,1.0044559618893796,1.0085890350997948,-0.004133073210415228
314.6166028869193,11388.728515625,5.715853691101074,0,1.00373144043137,1.0085800369027111,-0.004848596471341171
314.6370352955855,11388.90625,5.715731143951416,0,1.0037471048297257,1.0085706782122774,-0.0048235733825516824
314.65746780433983,11399.71875,5.715888500213623,0,1.0047000510857342,1.0085609593035145,-0.00386090821778029
314.6779003131378,11396.9541015625,5.7169108390808105,0,1.0044563922299936,1.0085508806469192,-0.004094488416925612
314.69833282203035,11392.4873046875,5.715786933898926,0,1.0040627166361549,1.008540442683772,-0.004477726047617203
314.71876533100294,11386.6787109375,5.71452522277832,0,1.0035507834415431,1.008529645871119,-0.004978862429575903
314.739197840041,11406.806640625,5.717193603515625,0,1.0053247335212574,1.008518490681719,-0.0031937571604616632
314.7596303491737,11393.42578125,5.715046405792236,0,1.0041454281021975,1.0085069776039997,-0.00436154950180212
314.78006285836454,11396.791015625,5.71547794342041,0,1.0044420188534806,1.0084951071420956,-0.004053088288614948
314.8004953676427,11384.306640625,5.71458101272583,0,1.0033417239711815,1.008482879815753,-0.005141155844571532
314.8209279770017,11387.2470703125,5.715847015380859,0,1.0036008750890322,1.0084702960979066,-0.004869421008874442
314.8413603864392,11399.7060546875,5.714546203613281,0,1.0046989322001374,1.0084573567269213,-0.0037584245267838767
314.8617928959575,11394.4580078125,5.71455192565918,0,1.0042364021080321,1.0084440620819923,-0.0042076599739602205
314.88222550552746,11396.1591796875,5.71429443359375,0,1.0043863327780074,1.0084304127400512,-0.004044079962043812
314.90265791521233,11383.6240234375,5.714236736297607,0,1.003281562353321,1.0084164095017119,-0.005134847148390742
314.9230904249562,11383.2763671875,5.714466571807861,0,1.0032509221015924,1.0084020527771596,-0.0051511306755671615
314.94352293478005,11395.8310546875,5.714722156524658,0,1.0043574138887355,1.0083873432626762,-0.004029929373940755
314.9639554446985,11386.3896484375,5.714714527130127,0,1.0035253072771846,1.008372281602326,-0.004846974325141362
314.98438795468246,11384.400390625,5.715529441833496,0,1.0033499865109734,1.0083568684556246,-0.005006881944651154
315.004820464761,11396.921875,5.71531867980957,0,1.0044535519819402,1.008341104497435,-0.0038875525154948853
315.02525297489774,11382.9169921875,5.714014530181885,0,1.00321924903239,1.0083249904180314,-0.00510574138564146
315.0456854851218,11408.25,5.717134952545166,0,1.0054519422068047,1.008308526922967,-0.002856584716162347
315.0661179954259,11387.5361328125,5.7154364585876465,0,1.0036263512533907,1.0082917147331238,-0.00466536347973312
315.08655060581077,11401.2509765625,5.715059757232666,0,1.0048350919704596,1.0082745544998106,-0.0034394625293510117
315.1069830162887,11397.939453125,5.716174602508545,0,1.0045432349659322,1.0082570472289012,-0.003713812262968963
315.12741552681837,11387.2509765625,5.714597225189209,0,1.0036012193615234,1.0082391934325101,-0.004637974070986761
315.14784793746367,11389.1533203125,5.715353488922119,0,1.0037688800648024,1.008220994067084,-0.004452114002281737
315.1682805481687,11392.43359375,5.716516971588135,0,1.004057982889399,1.0082024496598139,-0.004144466770414912
315.188713058953,11391.6474609375,5.716897964477539,0,1.0039886980505184,1.0081835612924173,-0.004194863241898883
315.2091454698166,11389.3095703125,5.716461658477783,0,1.0037826509644556,1.0081643297969924,-0.004381678832536817
315.2295780807617,11400.6103515625,5.7171783447265625,0,1.004778631281881,1.008144755730736,-0.003366124448854979
315.2500105918007,11386.4794921875,5.7154364585876465,0,1.0035332255444853,1.0081248402355918,-0.0045916146911064715
315.27044300291163,11401.138671875,5.7173614501953125,0,1.0048251941363338,1.008104584188617,-0.003279390052283171
315.2908756141114,11394.4443359375,5.716678619384766,0,1.0042351971543124,1.0080839881768306,-0.0038487910225182276
315.31130812537594,11392.5166015625,5.7168474197387695,0,1.0040652986798397,1.0080630534019852,-0.0039977547221454746
315.33174063673505,11384.43359375,5.715665340423584,0,1.0033529128271497,1.0080417806807391,-0.004688867853589462
315.3521730481807,11387.8046875,5.715597152709961,0,1.0036500199871699,1.008020171051141,-0.004370151063971095
315.37260565969336,11391.5390625,5.716589450836182,0,1.0039791444888837,1.0079982251396702,-0.0040190806507864885
315.3930381713071,11396.2548828125,5.716422080993652,0,1.0043947674540452,1.0079759442269713,-0.0035811767729261312
315.4134705829929,11388.599609375,5.715725421905518,0,1.003720079439156,1.0079533292935905,-0.004233249854434407
315.43390319475293,11406.9716796875,5.717213153839111,0,1.005339279034016,1.007930380995264,-0.002591101961247899
315.4543357065995,11393.78515625,5.716335773468018,0,1.0041771011714,1.0079071006712896,-0.0037299994998896135
315.4747681185472,11394.9404296875,5.717151165008545,0,1.0042789197607116,1.0078834893458815,-0.003604569585169859
315.49520073055464,11394.57421875,5.7167181968688965,0,1.0042466442146492,1.0078595477038474,-0.0036129034891982936
315.5156332426559,11393.189453125,5.715348720550537,0,1.0041245996164718,1.0078352771425618,-0.0037106775260900005
315.5360656548437,11384.8974609375,5.715714931488037,0,1.0033937951854954,1.007810678729577,-0.004416883544081651
315.556498167105,11388.2099609375,5.716236114501953,0,1.0036857382581457,1.0077857533012085,-0.004100015043062788
315.5769307794544,11389.109375,5.715553283691406,0,1.003765006999275,1.0077605019440417,-0.003995494944766698
315.5973631918896,11408.439453125,5.720157146453857,0,1.0054686394226344,1.0077349261368784,-0.0022662867142440035
315.6177957044056,11393.2421875,5.716608047485352,0,1.0041292472951049,1.0077090266264663,-0.0035797793313614434
315.6382282170089,11387.27734375,5.716099262237549,0,1.0036035432008399,1.0076828046712232,-0.004079261470383289
315.6586607296922,11387.107421875,5.716473579406738,0,1.003588567347467,1.0076562614193245,-0.004067694071857586
315.67909324246284,11385.10546875,5.714662551879883,0,1.003412127695659,1.0076293980329956,-0.004217270337336654
315.699525855307,11385.3623046875,5.715176582336426,0,1.003434763611964,1.007602215554693,-0.00416745194272905
315.7199582682515,11393.8564453125,5.717060089111328,0,1.0041833841443668,1.0075747155760397,-0.003391331431672917
315.7403907812768,11391.94140625,5.716838359832764,0,1.004014604555491,1.0075468988997536,-0.00353229434426261
315.7608231943814,11392.3193359375,5.7169060707092285,0,1.0040479129190274,1.007518767016096,-0.0034708540970687096
315.7812558075748,11385.619140625,5.715500354766846,0,1.0034573995282692,1.0074903207414987,-0.004032921213229512
315.80168832084746,11390.892578125,5.7170281410217285,0,1.0039221673915684,1.007461561736887,-0.0035393943453185805
315.82212083421473,11390.306640625,5.71690559387207,0,1.0038705265178685,1.0074324911230417,-0.003561964605173218
315.84255334766203,11386.17578125,5.716362953186035,0,1.0035064583582842,1.007403110172883,-0.0038966518145988616
315.8629858611894,11394.423828125,5.715701103210449,0,1.004233389723733,1.007373420172899,-0.003140030449165998
315.8834183748186,11390.287109375,5.717321872711182,0,1.0038688051554117,1.0073434224230775,-0.003474617267665847
315.90385088852054,11383.7666015625,5.716608047485352,0,1.0032941282992547,1.0073131182369564,-0.004018989937701667
315.9242834023098,11401.353515625,5.717668533325195,0,1.004844129123357,1.0072825089414281,-0.002438379818071157
315.9447159161791,11395.8779296875,5.718598365783691,0,1.0043615451586314,1.007251595876776,-0.002890050718144632
315.9651483301568,11404.0078125,5.717806339263916,0,1.0050780622812174,1.0072203805500426,-0.0021423182688251607
315.9855809441942,11413.0439453125,5.720332145690918,0,1.0058744506217927,1.0071888638675837,-0.0013144132457909574
316.00601345833275,11402.169921875,5.717848300933838,0,1.0049160820740455,1.0071570476698675,-0.0022409655958219865
316.0264458725651,11396.4150390625,5.716770172119141,0,1.0044088826261897,1.0071249333544139,-0.0027160507282242285
316.04687848685717,11380.9267578125,5.715671539306641,0,1.0030438421980559,1.0070925218537534,-0.004048679655697551
316.0673110012576,11410.361328125,5.719283103942871,0,1.00563802148837,1.0070598150606906,-0.0014217935723206399
316.0877434157519,11386.4072265625,5.715449333190918,0,1.0035268565033957,1.007026814411691,-0.0034999579082952703
316.1081760303059,11391.4345703125,5.718405723571777,0,1.0039699351997406,1.006993520865114,-0.0030235856653733073
316.1286085449756,11384.4541015625,5.717414855957031,0,1.0033547202577293,1.0069599363653543,-0.0036052161076249867
316.149041059718,11388.3203125,5.716933250427246,0,1.0036954639560258,1.006926062220801,-0.0032305982647751197
316.16947347455425,11386.681640625,5.718321323394775,0,1.0035510416459117,1.0068919000825474,-0.003340858436635674
316.1899060894648,11386.314453125,5.71788215637207,0,1.0035186800317264,1.0068574509427783,-0.003338770911051947
316.2103386044764,11387.9287109375,5.717817783355713,0,1.0036609506387697,1.006822716813544,-0.003161766174774261
316.2307710195819,11385.2783203125,5.717535972595215,0,1.0034273617534004,1.0067876992199172,-0.0033603374665167607
316.25120363475435,11385.6650390625,5.718379020690918,0,1.0034614447300423,1.0067523991790273,-0.003290954448984973
316.2716361500352,11399.1220703125,5.718888759613037,0,1.0046474634626832,1.0067168187526827,-0.0020693552899995193
316.2920685653953,11402.6015625,5.719638824462891,0,1.0049541241843378,1.0066809595029842,-0.0017268353186463692
316.31250118084427,11400.138671875,5.719272136688232,0,1.0047370603785526,1.0066448224715279,-0.0019077620929752737
316.33293369638704,11390.4873046875,5.718667030334473,0,1.0038864491205925,1.0066084097691572,-0.0027219606485646697
316.3533661120091,11401.5400390625,5.717911243438721,0,1.0048605681348182,1.0065717229943212,-0.0017111548595030168
316.37379872772726,11395.9287109375,5.719012260437012,0,1.0043660207010188,1.0065347632127226,-0.0021687425117038472
316.394231243532,11401.916015625,5.7192182540893555,0,1.004893704362109,1.006497532583371,-0.001603828221262038
316.4146636594305,11388.1396484375,5.717898368835449,0,1.0036795413533015,1.0064600327404198,-0.0027804913871183334
316.4350961754244,11389.314453125,5.717955112457275,0,1.0037830813050699,1.0064222649587924,-0.00263918365372251
316.4555287914918,11394.6904296875,5.719720363616943,0,1.0042568863212664,1.0063842308883293,-0.002127344567062872
316.47596130765305,11400.3330078125,5.7198166847229,0,1.0047541879349964,1.0063459325666588,-0.0015917446316624506
316.4963937239154,11382.0908203125,5.717380046844482,0,1.003146435400473,1.0063073716745872,-0.003160936274114068
316.5168263402593,11396.228515625,5.7194132804870605,0,1.0043924436147287,1.0062685493325136,-0.0018761057177849594
316.53725875669625,11386.9580078125,5.717525005340576,0,1.0035753989246734,1.0062294680002992,-0.00265406907562582
316.5576912732213,11382.7490234375,5.718258857727051,0,1.0032044453152626,1.0061901288172836,-0.002985683502020997
316.5781238898344,11387.7060546875,5.717813491821289,0,1.0036413271067637,1.0061505335022225,-0.0025092063954588184
316.59855630654056,11388.068359375,5.717620372772217,0,1.0036732583803347,1.0061106843720633,-0.002437425991728581
316.6189888233421,11377.3642578125,5.7180376052856445,0,1.0027298656859607,1.0060705825884402,-0.0033407169024795014
316.6394213402309,11383.5966796875,5.717855453491211,0,1.0032791524458817,1.0060302301016943,-0.002751077655812617
316.65985385720705,11388.8154296875,5.7185516357421875,0,1.0037391004943021,1.0059896286787218,-0.00225052818441962
316.68028637428506,11383.06640625,5.718353748321533,0,1.0032324174551834,1.005948780097288,-0.0027163626421045084
316.7007188914431,11400.2021484375,5.719836235046387,0,1.0047426548065368,1.0059076861460545,-0.0011650313395177303
316.72115140869573,11383.9248046875,5.718418598175049,0,1.0033080713351537,1.0058663486243535,-0.002558277289199884
316.74158392604295,11378.8544921875,5.718847274780273,0,1.002861205641404,1.0058247693422115,-0.0029635637008076365
316.76201644348475,11397.2958984375,5.718636989593506,0,1.0044865160729852,1.0057829501202413,-0.001296434047256101
316.7824489610066,11382.353515625,5.7186150550842285,0,1.0031695877255151,1.005740892789591,-0.0025713050640758794
316.8028814786303,11380.3115234375,5.7180562019348145,0,1.002989619280671,1.0056985991917604,-0.0027089799110893154
316.8233139963486,11372.869140625,5.7176079750061035,0,1.0023336941165595,1.0056560711786549,-0.003322377062095372
316.84374641415343,11388.720703125,5.716855525970459,0,1.0037307518863874,1.0056133108222882,-0.0018825589359008355
316.8641790320471,11397.1123046875,5.717615604400635,0,1.0044703352658926,1.005570319365464,-0.0010999840995713495
316.88461155004916,11388.958984375,5.717703342437744,0,1.0037517525083586,1.0055270993201078,-0.0017753468117491789
316.9050439681232,11380.716796875,5.71706485748291,0,1.0030253375516467,1.0054836525820985,-0.0024583150304517964
316.92547658630065,11381.1064453125,5.716853141784668,0,1.0030596787326571,1.0054399804141956,-0.002380301681538466
316.9459091045719,11377.185546875,5.715595245361328,0,1.002714115219482,1.0053960853682289,-0.002681970148746826
316.966341522937,11370.75,5.717674255371094,0,1.0021469262900116,1.0053519693694717,-0.0032050430794601237
316.9867741413982,11380.1435546875,5.7171854972839355,0,1.0029748155635436,1.0053076337002664,-0.002332818136722814
317.00720665994595,11380.0107421875,5.717555046081543,0,1.0029631102988383,1.0052630809512797,-0.0022999706524413632
317.0276391785883,11389.5771484375,5.719650745391846,0,1.003806233630112,1.0052183128568553,-0.0014120792267433568
317.04807159732445,11376.419921875,5.718245029449463,0,1.002646637811181,1.0051733315979003,-0.002526693786719436
317.0685042161567,11386.896484375,5.719941139221191,0,1.003569976632935,1.0051281384819977,-0.0015581618490627669
317.0889367350828,11391.6435546875,5.720302581787109,0,1.003988353778027,1.0050827361499892,-0.0010943823719622436
317.10936915410275,11372.3193359375,5.718423366546631,0,1.0022852377634044,1.0050371265929476,-0.0027518888295432475
317.1298017732188,11388.083984375,5.718689918518066,0,1.0036746354703001,1.0049913111367845,-0.0013166756664844126
317.1502342924214,11387.9873046875,5.719736099243164,0,1.0036661147261396,1.0049452924587905,-0.0012791777326508491
317.17066671173234,11375.7646484375,5.718111991882324,0,1.00258888610076,1.0048990725768883,-0.002310186476128351
317.19109933113214,11371.3134765625,5.718396186828613,0,1.0021965875968863,1.0048526528348463,-0.0026560652379599148
317.2115318506185,11373.958984375,5.71803617477417,0,1.0024297461416414,1.0048060359453155,-0.002376289803674103
317.2319642702205,11375.6552734375,5.717706680297852,0,1.0025792464710026,1.0047592239523058,-0.0021799774813031636
317.2523967899033,11377.9892578125,5.71976375579834,0,1.0027849492845737,1.0047122184474215,-0.0019272691628478
317.27282940967416,11370.16015625,5.7188825607299805,0,1.0020949411438205,1.0046650214860329,-0.0025700803422123997
317.2932619295534,11383.4169921875,5.718879699707031,0,1.0032633159112805,1.0046176355966605,-0.0013543196853800232
317.3341269695884,11373.251953125,5.718029022216797,0,1.0023674328207102,1.0045223046501643,-0.0021548718294541747
317.3545594897587,11372.9375,5.718360424041748,0,1.002339718885158,1.004474363767221,-0.0021346448820631636
317.3749919100155,11380.4599609375,5.720322608947754,0,1.0030027016353418,1.0044262423100236,-0.0014235406746818668
317.3954245303685,11374.345703125,5.719079494476318,0,1.0024638291182832,1.0043779416777712,-0.0019141125594879238
317.41585705081525,11365.9384765625,5.718047142028809,0,1.0017228686488127,1.0043294646932401,-0.0026065960444274783
317.4362894713704,11368.033203125,5.7175703048706055,0,1.0019074847722897,1.0042808134816141,-0.002373328709324385
317.4567219920136,11371.8818359375,5.717765808105469,0,1.0022466792443752,1.004231989696997,-0.0019853104526217358
317.4771546127522,11370.830078125,5.717627048492432,0,1.002153983876084,1.0041829954746828,-0.0020290115985988066
317.4975870335984,11378.5283203125,5.717774868011475,0,1.0028324588883777,1.0041338336805132,-0.0013013747921355456
317.5180195545254,11370.5546875,5.717670440673828,0,1.002129712665445,1.0040845057465975,-0.0019547930811525394
317.5384520755688,11370.2998046875,5.717397212982178,0,1.0021072488853855,1.0040350140729486,-0.0019277651875631019
317.5588845966995,11371.2861328125,5.718474864959717,0,1.002194177689447,1.0039853608267078,-0.0017911831372607878
317.5793171179175,11376.5849609375,5.718645095825195,0,1.0026611833239396,1.003935548182021,-0.0012743648580813005
317.59974963925197,11373.2783203125,5.718869209289551,0,1.0023697566600267,1.0038855783199423,-0.001515821659915595
317.6201821606737,11366.7470703125,5.717254638671875,0,1.0017941330545186,1.0038354534285527,-0.00204132037403415
317.64061468219006,11365.7724609375,5.717480182647705,0,1.001708237067931,1.0037851757026317,-0.002076938634700598
317.66104710382206,11381.3056640625,5.717789173126221,0,1.0030772366297152,1.003734747590787,-0.0006575109610718055
317.6814797255356,11371.0810546875,5.716813564300537,0,1.002176103383652,1.00368417055968,-0.0015080671760279163
317.70191224735026,11377.8017578125,5.717564582824707,0,1.00276842420499,1.0036334475653548,-0.0008650233603648694
317.722344669266,11364.3740234375,5.716614246368408,0,1.0015849875160339,1.003582580830929,-0.0019975933148952407
317.7427772912779,11367.275390625,5.7165913581848145,0,1.0018406959089712,1.0035315718358073,-0.001690875926836144
317.76320981339086,11371.44921875,5.717324733734131,0,1.0022085510659602,1.0034804235613757,-0.0012718724954154936
317.78364223560493,11363.6533203125,5.714787006378174,0,1.0015214692413832,1.0034291382492744,-0.0019076690078911884
317.8040748579151,11360.02734375,5.716066360473633,0,1.0012018983013036,1.0033777173911402,-0.0021758190898366614
317.8245073803264,11368.404296875,5.716184616088867,0,1.0019401906589664,1.0033261639924898,-0.0013859733335233049
317.8449398028388,11371.7333984375,5.716434955596924,0,1.0022335968897047,1.0032744803126035,-0.001040883422898764
317.8653723254538,11359.7353515625,5.715003967285156,0,1.0011761639325765,1.0032226681086334,-0.002046504176056896
317.8858049481423,11363.6845703125,5.7169952392578125,0,1.0015242234213138,1.0031707296474666,-0.0016465062261528107
317.90623747096106,11368.927734375,5.716150760650635,0,1.001986323172805,1.003118667711553,-0.001132344538747887
317.9266698938809,11374.4423828125,5.717055797576904,0,1.0024723498624437,1.0030664845823816,-0.0005941347199378555
317.947102516875,11349.84375,5.715423107147217,0,1.0003043799163995,1.0030141817778924,-0.002709801861492833
317.9675350399848,11363.46875,5.715420246124268,0,1.0015052023661677,1.002961762355192,-0.0014565599890243863
317.98796746320295,11364.6650390625,5.715945243835449,0,1.0016106358166383,1.0029092286112662,-0.0012985927946278508
318.00840008650266,11365.0205078125,5.717003345489502,0,1.0016419646133494,1.0028565820743107,-0.001214617460961298
318.028832609918,11366.3935546875,5.717000961303711,0,1.001762976394053,1.002803825821598,-0.0010408494275451208
318.0492650334345,11355.8896484375,5.716313362121582,0,1.0008372276648596,1.002750962164781,-0.0019137344999213823
318.0696976570398,11356.93359375,5.716498374938965,0,1.0009292344881682,1.0026979926416704,-0.0017687581535021923
318.0901301807535,11360.6953125,5.715795040130615,0,1.0012607688973214,1.0026449203485117,-0.0013841514511903075
318.11056260457553,11358.6201171875,5.717301368713379,0,1.0010778741363011,1.002591747610657,-0.0015138734743558313
318.13099512849294,11360.3076171875,5.7172346115112305,0,1.0012265998525567,1.002538476235921,-0.0013118763833643854
318.1514277525057,11361.3798828125,5.717781066894531,0,1.0013211026514275,1.0024851085554498,-0.001164005904022325
318.17186027662683,11357.4091796875,5.717344284057617,0,1.000971149663988,1.0024316474283743,-0.0014604977643863926
318.19229270084907,11354.5361328125,5.716759204864502,0,1.0007179372466128,1.002378095196954,-0.0016601579503412456
318.2127253251674,11359.705078125,5.718506813049316,0,1.0011734958207685,1.002324453419142,-0.00115095759837347
318.2331578496014,11367.765625,5.719396114349365,0,1.0018839021066335,1.0022707252306093,-0.0003868231239758657
318.25359027412196,11363.9638671875,5.718569755554199,0,1.001548838904444,1.0022169129852636,-0.0006680740808195917
318.2740228987532,11361.01953125,5.719246864318848,0,1.0012893435141021,1.0021630182486003,-0.0008736747344981755
318.29445542349276,11360.177734375,5.718761444091797,0,1.00121515279222,1.002109044171191,-0.0008938913789711123
318.3148878483262,11363.5556640625,5.71790075302124,0,1.0015128624290999,1.0020549931175675,-0.0005421306884676458
318.3353203732695,11358.7080078125,5.718843460083008,0,1.001085620267356,1.0020008669253309,-0.000915246657974933
318.3557529983009,11349.4638671875,5.71787691116333,0,1.0002708994166174,1.0019466679634599,-0.0016757685468424821
318.37618542345444,11355.12890625,5.717782020568848,0,1.0007701805971725,1.0018923994013338,-0.0011222188041613013
318.39661794870335,11352.537109375,5.718562602996826,0,1.0005417557991734,1.0018380628189807,-0.001296307019807319
318.4170505740476,11358.5732421875,5.721177101135254,0,1.001073742866405,1.0017836605946386,-0.0007099177282336999
318.43748299950676,11360.0830078125,5.717535018920898,0,1.001206804184305,1.0017291959095578,-0.0005223917252528132
318.4579155250758,11339.640625,5.716494560241699,0,0.9994051401690387,1.0016746703493637,-0.0022695301803250523
318.47834805073217,11362.3017578125,5.717386722564697,0,1.001402350959382,1.0016200865680154,-0.00021773560863347363
318.49878067649115,11343.48046875,5.717461585998535,0,0.9997435600280186,1.001565446687964,-0.0018218866599454264
318.51921310236503,11372.5673828125,5.720424652099609,0,1.002307099066604,1.0015107539043038,0.0007963451623003159
318.5396456283488,11357.1103515625,5.717034339904785,0,1.0009448128184009,1.00145600980923,-0.0005111969908291325
318.5600781544272,11362.1240234375,5.7189435958862305,0,1.0013866865610264,1.0014012170673905,-1.4530506364129891e-05
318.5805106806074,11353.478515625,5.71799898147583,0,1.0006247254695844,1.0013463780779555,-0.0007216526083710928
318.60094310691056,11344.974609375,5.715949058532715,0,0.9998752442559533,1.0012914955107919,-0.0014162512548385742
318.6213757332953,11352.6318359375,5.7178802490234375,0,1.0005501044070881,1.0012365709630198,-0.0006864665559316308
318.64180825979565,11356.1884765625,5.718456745147705,0,1.0008635645104464,1.0011816076456228,-0.0003180431351763602
318.6622406864044,11345.787109375,5.716601371765137,0,0.9999468529341505,1.0011266079658345,-0.0011797550316839933
318.682673313102,11348.8720703125,5.718367576599121,0,1.0002187421341804,1.0010715735241784,-0.0008528313899980322
318.7031058399225,11347.7373046875,5.717538356781006,0,1.0001187309754482,1.0010165075381163,-0.0008977765626680956
318.7235383668449,11349.14453125,5.718738555908203,0,1.000242755140451,1.0009614121495956,-0.0007186570091446409
318.74397079387563,11351.8828125,5.719290256500244,0,1.000484090156875,1.00090629004088,-0.0004221998840050478
318.7644034210025,11348.6103515625,5.71851921081543,0,1.0001956758772612,1.0008511428161078,-0.0006554669388465495
318.78483594823774,11348.99609375,5.717896938323975,0,1.0002296727857802,1.0007959736994652,-0.0005663009136849251
318.80526837558864,11349.3203125,5.717432975769043,0,1.000258247402561,1.0007407851069101,-0.0004825377043491397
318.82570100303565,11339.0830078125,5.717468738555908,0,0.9993559952709009,1.000685578644589,-0.001329583373688048
318.84613353059103,11344.060546875,5.71651554107666,0,0.9997946844929815,1.0006303575402047,-0.0008356730472232066
318.8665659582621,11342.3291015625,5.716874122619629,0,0.9996420857111983,1.0005751242118859,-0.0009330385006875996
318.8869985860292,11341.833984375,5.7167158126831055,0,0.999598449172922,1.000519880267134,-0.0009214310942120552
318.90743111390475,11341.4033203125,5.7199296951293945,0,0.9995604931307525,1.0004646289358967,-0.0009041358051442572
318.92786354188866,11333.95703125,5.715685844421387,0,0.9989042236941497,1.0004093726375398,-0.0015051489433901555
318.94829606998246,11335.1376953125,5.716755390167236,0,0.999008280054655,1.0003541132506808,-0.0013458331960257697
318.9687286981789,11341.5263671875,5.719989776611328,0,0.9995713377142295,1.000298853194939,-0.0007275154807095952
318.9891611264975,11345.787109375,5.717800617218018,0,0.9999468529341505,1.0002435957012445,-0.0002967427670940159
319.0095936548969,11347.5908203125,5.719818592071533,0,1.0001058207570233,1.0001883423779208,-8.252162089750215e-05
319.03002628342074,11335.357421875,5.717108249664307,0,0.9990276453822924,1.0001330956442906,-0.0011054502619982642
319.05045881205297,11341.5234375,5.717203617095947,0,0.999571079509861,1.0000778584602352,-0.0005067789503742093
319.07089124079357,11339.326171875,5.719003200531006,0,0.9993774262334864,1.0000226332442528,-0.0006452070107664243
319.09132386963756,11338.482421875,5.718801021575928,0,0.9993030633753586,0.9999674216037469,-0.0006643582283882843
319.11175639858266,11337.404296875,5.717240333557129,0,0.9992080441677508,0.9999122267669946,-0.0007041825992438744
319.1321888276507,11332.029296875,5.718553066253662,0,0.9987343252196771,0.9998570511504744,-0.0011227259307973192
319.1526213568286,11325.3515625,5.717737197875977,0,0.9981457913957439,0.9998018966301004,-0.001656105234356553
319.1730539860946,11327.0087890625,5.717030048370361,0,0.9982918490001919,0.9997467656212957,-0.0014549166211038633
319.19348641549004,11327.9814453125,5.718863010406494,0,0.9983775728505336,0.9996916613472089,-0.0013140884966752475
319.2139189449954,11332.3115234375,5.717035293579102,0,0.9987591989071758,0.9996365854114683,-0.0008773865042924767
319.2343515745888,11335.875,5.717395782470703,0,0.9990732614873941,0.999581540226162,-0.0005082787387679089
319.25478400431166,11337.9775390625,5.720940589904785,0,0.9992585661558538,0.999526529009368,-0.0002679628535141587
319.2752165341444,11341.330078125,5.716904163360596,0,0.99955403802154,0.9994715533619529,8.248465958704543e-05
319.29564916406525,11330.0830078125,5.716602802276611,0,0.9985627914508706,0.9994166156917205,-0.0008538242408498986
319.3160815941228,11333.6416015625,5.717093467712402,0,0.9988764236904746,0.9993617192103895,-0.00048529551991494113
319.3365141242757,11326.560546875,5.716211795806885,0,0.9982523437318114,0.9993068655154937,-0.0010545217836823717
319.356946654545,11331.2978515625,5.720663070678711,0,0.998669860195675,0.9992520572776121,-0.0005821970819370748
319.3773792849097,11330.83984375,5.720820426940918,0,0.9986294942460663,0.999197296628787,-0.0005678023827206946
319.39781171539653,11328.591796875,5.716805934906006,0,0.9984313654273044,0.9991425867703759,-0.0007112213430715553
319.41824424599326,11331.6220703125,5.71925687789917,0,0.9986984348124556,0.9990879292943324,-0.000389494481876862
319.4386768766999,11329.9140625,5.719371795654297,0,0.9985479016656205,0.9990333265947164,-0.0004854249290959789
319.45910930752143,11337.5703125,5.717753887176514,0,0.9992226757486323,0.9989787818636566,0.00024389388497569886
319.47954183845286,11329.3740234375,5.720972061157227,0,0.9985003059936937,0.9989242966882285,-0.00042399069453480376
319.49997436948615,11332.046875,5.716995716094971,0,0.9987358744458881,0.9988698737212726,-0.00013399927538448875
319.52040690063586,11329.1552734375,5.718303680419922,0,0.998481026734179,0.9988155153457516,-0.000334488611572592
319.5408394318947,11332.341796875,5.721281051635742,0,0.9987618670189836,0.9987612239418583,6.430771253285172e-07
319.56127196327,11320.392578125,5.716480255126953,0,0.9977087374679972,0.9987070018868139,-0.0009982644188167855
319.5817044947544,11318.8095703125,5.717252731323242,0,0.9975692210408846,0.9986528515548422,-0.0010836305139575453
319.6021370263552,11329.51953125,5.717737674713135,0,0.9985131301439959,0.9985987753169877,-8.564517299181063e-05
319.6225694580644,11319.525390625,5.7155585289001465,0,0.9976323089749214,0.9985447758051836,-0.0009124668302622485
319.64300208988425,11321.10546875,5.717123508453369,0,0.9977715671976654,0.9984908545916187,-0.0007192873939533273
319.6634346218125,11321.7578125,5.719401836395264,0,0.9978290607037179,0.9984370148295959,-0.0006079541258779964
319.6838670538564,11325.0322265625,5.7159905433654785,0,0.9981176471195775,0.9983832588753522,-0.000265611755774664
319.7042996860182,11324.0830078125,5.71754264831543,0,0.9980339889041837,0.9983295882940397,-0.0002955993898560161
319.72473221828113,11327.7119140625,5.71840763092041,0,0.9983538180486317,0.9982760062243977,7.781182423394206e-05
319.745164650667,11325.6259765625,5.717252254486084,0,0.99816997653826,0.9982225150112382,-5.253847297814751e-05
319.7655972831635,11328.8583984375,5.719815254211426,0,0.9984548620248378,0.998169116212098,0.0002857458127397683
319.78602981576114,11318.7822265625,5.716612339019775,0,0.9975668111334454,0.9981158129498587,-0.0005490018164133748
319.80646224849625,11328.814453125,5.719623565673828,0,0.9984509889593103,0.9980626075569832,0.00038838140232710927
319.826894781334,11317.994140625,5.719994068145752,0,0.997497354158319,0.9980095018424596,-0.0005121476841406514
319.84732741426706,11326.1416015625,5.718818664550781,0,0.998215420507116,0.9979564981331157,0.00025892237400026996
319.86775984733686,11320.7802734375,5.71701717376709,0,0.997742906512762,0.9979035995271499,-0.00016069301438792483
319.88819238051656,11321.4755859375,5.719546794891357,0,0.9978041870162192,0.9978508075634396,-4.662054722037734e-05
319.9086250137989,11323.8271484375,5.718430519104004,0,0.9980114390560014,0.9977981245551767,0.00021331450082473502
319.9290575472114,11323.947265625,5.718029022216797,0,0.9980220254351099,0.997745553324779,0.00027647211033088315
319.9494899807323,11320.2939453125,5.720843315124512,0,0.997700044587591,0.9976930961725698,6.94841502113519e-06
319.96992261434934,11317.0556640625,5.716643810272217,0,0.9974146426922763,0.9976407546261606,-0.00022611193388433204
319.99035514810384,11313.24609375,5.719060897827148,0,0.9970788909451042,0.9975885317466564,-0.0005096408015522469
320.01078758195945,11318.5498046875,5.717576503753662,0,0.9975463269202111,0.997536429819063,9.897101148070853e-06
320.0312201159395,11317.955078125,5.717758655548096,0,0.9974939114334056,0.9974844506147027,9.460818702899942e-06
320.05165275002946,11321.978515625,5.7205634117126465,0,0.9978485120994782,0.997432596411434,0.00041591568804422163
320.0720851842343,11310.84765625,5.716104030609131,0,0.996867507635426,0.997380870240172,-0.0005133626047459927
320.0925177185709,11309.7451171875,5.7187724113464355,0,0.9967703367247474,0.9973292736053913,-0.000558936880643901
320.11295035298826,11312.767578125,5.717841625213623,0,0.997036717564916,0.9972778087683901,-0.00024109120347415303
320.13338278754236,11321.845703125,5.719524383544922,0,0.9978368068347729,0.9972264787371401,0.0006103280976328396
320.15381532220636,11299.8896484375,5.718474388122559,0,0.9959017372291151,0.9971752850046471,-0.0012735477755320135
320.17424795698025,11307.38671875,5.719127655029297,0,0.9965624822081053,0.9971242298145383,-0.0005617476064330162
320.1946804918989,11326.0478515625,5.717700958251953,0,0.998207157967324,0.9970733159020067,0.0011338420653173031
320.2151129269041,11313.923828125,5.720055103302002,0,0.9971386222223504,0.9970225454944639,0.00011607672788649381
320.23554546203377,11312.033203125,5.719522953033447,0,0.9969719943365454,0.9969719203179288,7.401861656930464e-08
320.2559780972879,11306.66015625,5.715649604797363,0,0.9964984475247174,0.9969214425912648,-0.0004229950665474158
320.2764105326496,11309.8017578125,5.71910285949707,0,0.9967753286758716,0.9968711152647967,-9.578658892506198e-05
320.3172757037246,11304.5634765625,5.715182304382324,0,0.9963136592649946,0.9967709184025699,-0.00045725913757532766
320.33770813944284,11313.56640625,5.719236850738525,0,0.9971071212893934,0.9967210539896224,0.00038606729977097576
320.358140675271,11322.0302734375,5.719369411468506,0,0.9978530737099884,0.9966713480134495,0.00118172569653896
320.37857331120904,11315.7353515625,5.718991279602051,0,0.9972982785902059,0.9966218026528598,0.0006764759373460993
320.3990057472838,11323.31640625,5.720083236694336,0,0.9979664254277596,0.9965724208034611,0.001394004624298506
320.4194382834539,11312.0947265625,5.718632221221924,0,0.9969774166282839,0.9965232039013809,0.0004542127269029361
320.4398709197703,11310.255859375,5.71783971786499,0,0.9968153503529891,0.9964741541039862,0.00034119624900286194
320.4603033561725,11312.7890625,5.719895362854004,0,0.9970386110636182,0.9964252742780724,0.0006133367855458705
320.4807358927137,11314.7138671875,5.7158684730529785,0,0.9972082513337224,0.9963765658448817,0.0008316854888407166
320.5011684293786,11304.525390625,5.716538429260254,0,0.9963103026082041,0.9963280311768781,-1.772856867399142e-05
320.52160096613807,11304.69921875,5.7184014320373535,0,0.9963256227340684,0.9962796723993063,4.5950334762179246e-05
320.54203350302123,11311.173828125,5.715975284576416,0,0.9968962543884522,0.9962314916295709,0.0006647627588812766
320.56246604003536,11313.2900390625,5.718520641326904,0,0.9970827640106317,0.9961834909773348,0.0008992730332968435
320.5828985771659,11310.896484375,5.7173638343811035,0,0.9968718110415676,0.9961356725444253,0.0007361384971423801
320.6033311144056,11303.3359375,5.715689659118652,0,0.9962054716345933,0.9960880384246733,0.00011743320991997042
320.62376355178276,11310.650390625,5.717928886413574,0,0.9968501218746136,0.996040590935514,0.0008095309390996341
320.64419618925604,11313.8994140625,5.717975616455078,0,0.9971364705192796,0.9959933314593542,0.0011431390599253577
320.6646287268668,11304.583984375,5.715145587921143,0,0.996315466695574,0.995946262760699,0.0003692039348750509
320.6850611645932,11316.3232421875,5.7184367179870605,0,0.9973500916001514,0.995899386897772,0.0014507047023794017
320.7054937024368,11302.9384765625,5.715087890625,0,0.9961704419086003,0.995852705464276,0.00031773644432431247
320.7259263403903,11305.646484375,5.715189456939697,0,0.9964091088132165,0.9958062205071297,0.0006028883060867907
320.74635877846595,11294.4833984375,5.713677406311035,0,0.9954252641011108,0.995759934742778,-0.00033467064166725624
320.76679131667333,11301.6201171875,5.714034080505371,0,0.9960542499427755,0.995713849516857,0.0003404004259184301
320.7872239549906,11300.0234375,5.713915824890137,0,0.9959135285619433,0.9956679668503022,0.00024556171164102913
320.80765649343084,11303.64453125,5.714981555938721,0,0.9962326691614086,0.9956222892012481,0.0006103799601605564
320.82808893200126,11304.0634765625,5.714171886444092,0,0.996269592386104,0.995576818566734,0.0006927738193700517
320.84852157068235,11293.8623046875,5.714012622833252,0,0.9953705247749889,0.9955315562717296,-0.0001610314967407378
320.8689541094718,11295.787109375,5.7142744064331055,0,0.995540165045093,0.9954865049642166,5.3660080876372085e-05
320.88938654840604,11300.92578125,5.712795734405518,0,0.9959930555074411,0.9954416666136576,0.0005513888937834777
320.90981908745016,11305.4609375,5.715575218200684,0,0.9963927558698783,0.9953970427445645,0.0009957131253137685
320.9302517266042,11292.06640625,5.713578224182129,0,0.9952122454970987,0.9953526353140396,-0.00014038981694086683
320.9506841659022,11294.548828125,5.714447021484375,0,0.9954310306653406,0.9953084469168654,0.00012258374847518017
320.9711167052956,11305.8359375,5.715032577514648,0,0.9964258060290462,0.9952644788376173,0.001161327191428918
320.99154934482794,11266.87109375,5.710690498352051,0,0.9929916879280033,0.9952207330046747,-0.002229045076671432
321.0119817844752,11139.9228515625,5.700798034667969,0,0.9818032623003075,0.9951772119742207,-0.013373949673913255
321.03241432424693,11097.8798828125,5.698005199432373,0,0.9780978574760945,0.9951339170112399,-0.01703605953514542
321.0528469641431,11128.44140625,5.698275566101074,0,0.980791359380158,0.9950908500148162,-0.014299490634658185
321.0732795041549,11223.029296875,5.707607746124268,0,0.9891277456215317,0.9950480132922839,-0.005920267670752155
321.0937119442897,11298.103515625,5.7143402099609375,0,0.9957443186324533,0.9950054087159189,0.0007389099165343582
321.1141444845489,11306.076171875,5.712818622589111,0,0.9964469787872632,0.9949630377342091,0.0014839410530540498
321.13457712493255,11299.41796875,5.716284275054932,0,0.9958601663257867,0.9949209022058909,0.0009392641198957552
321.1550095654384,11292.12109375,5.714241027832031,0,0.9952170653119774,0.9948790045928516,0.00033806071912578783
321.1754421060614,11298.62890625,5.713773250579834,0,0.9957906232825375,0.9948373461127621,0.0009532771697754461
321.19587474683067,11284.765625,5.713092803955078,0,0.9945688002107981,0.9947959285931826,-0.0002271283823844783
321.216307187693,11299.171875,5.716254711151123,0,0.9958384771588328,0.9947547544540823,0.0010837227047504339
321.2367397286944,11293.7509765625,5.716152191162109,0,0.9953607130089859,0.9947138248919328,0.000646888117053046
321.25717236980563,11305.37890625,5.717123031616211,0,0.9963855261475603,0.9946731417025748,0.0017123844449854486
321.2776048110536,11294.5869140625,5.714501857757568,0,0.9954343873221311,0.9946327072628415,0.0008016800592896001
321.29803735241876,11288.8857421875,5.71541690826416,0,0.9949319216210312,0.994592522747768,0.00033939887326317475
321.3184699939011,11297.10546875,5.716681480407715,0,0.9956563570109178,0.9945525899205923,0.001103767090325558
321.33890243552014,11295.9033203125,5.711961269378662,0,0.9955504071517102,0.9945129111142508,0.0010374960374593956
321.35933497726364,11289.283203125,5.714668273925781,0,0.9949669513470242,0.9944734874817336,0.0004934638652905887
321.3797675191381,11287.943359375,5.714990139007568,0,0.9948488658824971,0.9944343209440817,0.0004145449384154176
321.4002001610934,11292.06640625,5.716310024261475,0,0.9952122454970987,0.9943954130265847,0.0008168324705140062
321.420632603229,11286.9697265625,5.714509010314941,0,0.9947630559640325,0.9943567660020527,0.00040628996197977774
321.44106514545274,11285.314453125,5.702956676483154,0,0.9946171704958303,0.9943183809935467,0.0002987895022835696
323.54562028906366,11215.4150390625,5.699733257293701,0,0.9884566724678016,0.9920227669392064,-0.0035660944714048792
323.5660528450244,11214.9453125,5.711391925811768,0,0.9884152737007188,0.9920183666226996,-0.0036030929219807994
323.58648530112987,11209.58203125,5.711961269378662,0,0.9879425875701192,0.9920143309223198,-0.0040717433522006186
323.606917957346,11214.45703125,5.710315704345703,0,0.9883722396393023,0.9920106599582152,-0.003638420318912927
323.6273505137142,11210.5185546875,5.711676597595215,0,0.9880251268999162,0.992007353947701,-0.0039822270477848365
323.64778297025623,11205.298828125,5.713017463684082,0,0.9875650927833729,0.9920044130301826,-0.004439320246809708
323.66821562690893,11216.08984375,5.714537143707275,0,0.9885161455406793,0.9920018372939515,-0.00348569175327218
323.68864818371367,11209.5625,5.713097095489502,0,0.9879408662076625,0.9919996268922915,-0.004058760684628959
323.70908064063406,11210.76171875,5.714112758636475,0,0.9880465578625016,0.9919977819166353,-0.0039512240541337285
323.7295132976942,11208.3740234375,5.71396017074585,0,0.9878361213021746,0.9919963024233678,-0.004160181121193207
323.7499458549355,11220.1396484375,5.7155280113220215,0,0.9888730700460684,0.9919951885016824,-0.0031221184556140535
323.77037831229245,11200.365234375,5.714335918426514,0,0.9871302766268198,0.9919944401949979,-0.004864163568178093
323.7908108697884,11208.376953125,5.714909553527832,0,0.987836379506543,0.9919940575287616,-0.004157678022218558
323.8112435274379,11198.78515625,5.71430778503418,0,0.9869910184040758,0.9919940405251055,-0.005003022121029765
323.83167608520307,11213.0322265625,5.71539306640625,0,0.9882466662480887,0.9919943891849478,-0.003747722936859099
323.8521085431421,11208.412109375,5.714985370635986,0,0.9878394779589651,0.9919951034876617,-0.004155625528696638
323.8725412011918,11208.7841796875,5.7147932052612305,0,0.9878722699137644,0.9919961834151477,-0.004123913501383303
323.9134062177327,11208.984375,5.714600086212158,0,0.9878899138789453,0.9919994398944346,-0.0041095260154893065
323.9338388762262,11214.095703125,5.713426113128662,0,0.988340394433854,0.9920016163275663,-0.0036612218937123187
323.9542714348645,11218.2841796875,5.714051723480225,0,0.9887095406126853,0.9920041580817872,-0.003294617469101868
323.97470389364753,11214.763671875,5.7124714851379395,0,0.9883992650298719,0.9920070650404468,-0.003607800010574924
323.9951365525412,11201.091796875,5.71386194229126,0,0.9871943113102077,0.9920103371216219,-0.00481602581141416
324.01556911158696,11200.228515625,5.7141337394714355,0,0.9871182270896232,0.9920139741366911,-0.0048957470470679665
324.03600157079927,11211.64453125,5.716073513031006,0,0.9881243634455428,0.9920179759210552,-0.0038936124755124535
324.05643413013604,11204.70703125,5.7143731117248535,0,0.9875129355009361,0.992022342338659,-0.00450940683772294
324.0768667896191,11201.1083984375,5.71504545211792,0,0.9871957744682959,0.9920270732036751,-0.004831298735379241
324.09729924927524,11205.716796875,5.716284275054932,0,0.9876019299399456,0.9920321682368352,-0.004430238296889599
324.1177318090122,11218.75390625,5.717979431152344,0,0.9887509393797681,0.9920376272871615,-0.003286687907393393
324.1381644689318,11201.9169921875,5.717263221740723,0,0.9872670388740017,0.9920434501209966,-0.004776411246994905
324.1585970289889,11216.5712890625,5.715986251831055,0,0.9885585771252361,0.9920496364263778,-0.0034910593011416857
324.179029489198,11198.3876953125,5.7158122062683105,0,0.9869559886780828,0.9920561859271035,-0.005100197249020777
324.19946214952506,11200.4501953125,5.714461803436279,0,0.9871377645535063,0.9920630984352156,-0.004925333881709237
324.2198947100187,11210.1044921875,5.718084812164307,0,0.9879886340158349,0.9920703735492344,-0.00408173953339952
324.2403271706644,11210.4404296875,5.717922210693359,0,0.9880182414500895,0.9920780109452874,-0.004059769495197818
324.260759831428,11213.529296875,5.717464447021484,0,0.9882904749226108,0.9920860104037446,-0.0037955354811337605
324.2811923923291,11224.8935546875,5.719747543334961,0,0.9892920496680202,0.992094371459557,-0.0028023217915368326
324.30162485341134,11216.7099609375,5.717087268829346,0,0.9885707987986784,0.9921030937413403,-0.00353229494266194
324.32205741461075,11210.34765625,5.714738845825195,0,0.9880100649784204,0.9921121769525305,-0.004102111974110145
324.3424900759492,11212.7119140625,5.716108798980713,0,0.9882184359037994,0.9921216207007153,-0.0039031847969158706
324.36292253746797,11210.3916015625,5.714132785797119,0,0.9880139380439479,0.9921314244311117,-0.0041174863871638046
324.38335509910394,11211.7587890625,5.716150760650635,0,0.9881344334159142,0.9921415878557223,-0.004007154439808036
324.4037877608789,11216.306640625,5.716416358947754,0,0.9885352526639483,0.992152110534818,-0.0036168578708697385
324.42422022283426,11217.9658203125,5.71995735168457,0,0.9886814824046418,0.9921629918505438,-0.0034815094459019758
324.46508534711757,11220.3662109375,5.718764781951904,0,0.9888930378505657,0.9921858288893185,-0.003292791038752796
324.48551790948113,11218.96875,5.7176432609558105,0,0.9887698743667914,0.9921977835600632,-0.0034279091932717387
324.5059504719902,11216.1484375,5.717442512512207,0,0.9885213096280493,0.992210094972327,-0.003688785344277745
324.52638303466665,11211.69140625,5.718098163604736,0,0.9881284947154387,0.9922227625870541,-0.004094267871615376
324.5468155974668,11222.9013671875,5.719572067260742,0,0.9891164706974406,0.9922357858495504,-0.003119315152109836
324.5672481604415,11207.888671875,5.716759204864502,0,0.9877933454451264,0.9922491641896094,-0.0044558187444829755
324.5876806235319,11212.9150390625,5.715911865234375,0,0.9882363380733488,0.992262896953328,-0.0040265588799792695
324.6081132867621,11211.1630859375,5.716607570648193,0,0.988081931860986,0.9922769837436435,-0.004195051882657452
324.6285458501443,11213.240234375,5.718636512756348,0,0.9882649987582521,0.9922914237395282,-0.004026424981276033
324.6489783136931,11214.978515625,5.7171454429626465,0,0.9884182000168952,0.9923062163035371,-0.0038880162866419266
324.6694109773671,11213.03515625,5.716905117034912,0,0.9882469244524572,0.9923213610077033,-0.004074436555246086
324.68984354121494,11228.9169921875,5.720244884490967,0,0.9896466503340928,0.9923368569691576,-0.002690206635064807
324.71027610517194,11221.470703125,5.719182014465332,0,0.98899038089749,0.992352703582599,-0.0033623226851089427
324.73070866931084,11220.25,5.718489170074463,0,0.9888827957439486,0.9923689001542186,-0.0034861044102700856
324.75114123359526,11221.69921875,5.716565132141113,0,0.9890105208382329,0.9923854459747999,-0.0033749251365670085
324.7715737979888,11215.2607421875,5.715367317199707,0,0.988443073704394,0.9924023403198313,-0.003959266615437329
324.7920062625635,11208.587890625,5.717599391937256,0,0.987854970221075,0.9924195823643948,-0.004564612143319713
324.81243892728526,11211.8740234375,5.7192606925964355,0,0.9881445894544085,0.9924371716091982,-0.00429258215478967
324.8328714921445,11210.7646484375,5.715810298919678,0,0.9880468160668701,0.9924551070283613,-0.004408290961491201
324.85330395715573,11301.7041015625,5.7498979568481445,0,0.9960616518013391,0.9924733878314911,0.0035882639698480157
324.873736622314,11211.5478515625,5.717665672302246,0,0.9881158427013823,0.9924920134890693,-0.004376170787687039
324.8941691876098,11219.6708984375,5.718472957611084,0,0.9888317573471085,0.9925109829145996,-0.003679225567491118
324.9146016530867,11213.66015625,5.715207576751709,0,0.9883020080510704,0.9925302952724773,-0.00422828722140689
324.9350343186816,11209.193359375,5.716977596282959,0,0.9879083324572315,0.9925499500030875,-0.004641617545856014
324.955466884443,11225.79296875,5.72021484375,0,0.9893713184091495,0.9925699459598021,-0.0031986275506525885
324.9758993503274,11218.5263671875,5.71705961227417,0,0.988730885507148,0.9925902822620214,-0.0038593967548733454
324.9963320163879,11208.35546875,5.717139720916748,0,0.9878344860078407,0.9926109583204226,-0.004776472312581825
325.0167645825859,11209.7890625,5.716133117675781,0,0.9879608340121598,0.9926319729285568,-0.004671138916396922
325.0371971489076,11217.541015625,5.717041969299316,0,0.9886440427712093,0.9926533252666145,-0.00400928249540522
325.05762961543223,11209.5146484375,5.71669340133667,0,0.9879366488696437,0.9926750142927634,-0.004738365423119673
325.07806228206755,11213.65625,5.717478275299072,0,0.9883016637785791,0.9926970393781324,-0.004395375599553275
325.098494848884,11228.9345703125,5.720320701599121,0,0.9896481995603038,0.9927193992374833,-0.0030711996771795036
325.1189273158161,11224.7265625,5.719717979431152,0,0.9892773320190157,0.9927420928867753,-0.0034647608677595976
325.1393599829171,11214.294921875,5.7200117111206055,0,0.988357952330912,0.9927651196680328,-0.004407167337120876
325.1597925501701,11221.98046875,5.719941139221191,0,0.9890353084576089,0.992788478237334,-0.003753169779725063
325.18022501756786,11214.3505859375,5.717247009277344,0,0.9883628582139135,0.9928121675670144,-0.00444930935310095
325.2006576851054,11220.10546875,5.719798564910889,0,0.9888700576617693,0.9928361869700327,-0.003966129308263455
325.22109025279497,11218.029296875,5.717513561248779,0,0.9886870768326259,0.9928605350444389,-0.00417345821181303
325.2415227206584,11212.6875,5.719288349151611,0,0.9882162842007286,0.9928852107193229,-0.004668926518594296
325.26195528866083,11222.2060546875,5.719412803649902,0,0.9890551901939834,0.9929102131557134,-0.0038550229617300147
325.2823879568168,11226.8359375,5.718132495880127,0,0.9894632391643353,0.9929355412636457,-0.003472302099310376
325.30282052511757,11214.93359375,5.71815824508667,0,0.9884142408832448,0.9929611936861619,-0.004546952802917059
325.3232529935631,11215.705078125,5.717769145965576,0,0.9884822347002831,0.9929871692952752,-0.004504934594992127
325.34368566217745,11217.791015625,5.718794822692871,0,0.9886660762106546,0.9930134673373839,-0.0043473911267293275
325.36411823094386,11225.912109375,5.717945575714111,0,0.9893818187201352,0.9930400862772166,-0.0036582675570814294
325.38455069981865,11237.6318359375,5.7199387550354,0,0.9904147222622558,0.9930670249444584,-0.002652302682202623
325.40498336890596,11224.2939453125,5.72006893157959,0,0.9892392038406006,0.9930942825575596,-0.003855078716959004
325.4254159381089,11222.4150390625,5.72100830078125,0,0.9890736087722697,0.9931218575250099,-0.0040482487527402355
325.44584840748576,11219.00390625,5.7192511558532715,0,0.9887729728192134,0.9931497486348217,-0.004376775815608358
325.46628107697325,11225.771484375,5.720570087432861,0,0.9893694249104472,0.9931779550774735,-0.003808530167026314
325.4867135466702,11216.875,5.720404624938965,0,0.9885853443114372,0.9932064750658693,-0.004621130754432157
325.5071461164771,11227.8427734375,5.721620082855225,0,0.9895519753989763,0.9932353077675157,-0.0036833323685393493
325.5275785864651,11226.2568359375,5.721327781677246,0,0.9894122007674953,0.9932644516378173,-0.003852250870322038
325.54801125657104,11225.6708984375,5.721458911895752,0,0.9893605598937953,0.9932939058307515,-0.003933345936956156
325.56844382687996,11217.740234375,5.720302581787109,0,0.9886616006682674,0.9933236686265638,-0.00466206795829649
325.588876397298,11221.572265625,5.720895290374756,0,0.9889993319822646,0.9933537388653011,-0.004354406883036455
325.60930896789796,11229.2197265625,5.721590995788574,0,0.9896733314521711,0.9933841152303963,-0.0037107837782252018
325.62974153860705,11239.53515625,5.72304105758667,0,0.9905824690336577,0.9934147963916625,-0.0028323273580048713
325.65017410949804,11213.169921875,5.719266891479492,0,0.9882588018534082,0.9934457810057848,-0.005186979152376647
325.67060668056365,11235.96875,5.721665859222412,0,0.990268148249071,0.9934770677160417,-0.003208919466970772
325.6910392517457,11219.560546875,5.721747875213623,0,0.9888220316492283,0.9935086551524045,-0.004686623503176168
325.71147182309505,11228.1513671875,5.721271991729736,0,0.9895791729257916,0.9935405419318438,-0.003961369006052262
325.73190429462556,11230.7724609375,5.7222185134887695,0,0.9898101797674758,0.9935727264999243,-0.0037625467324485795
325.75233696626674,11227.2578125,5.718776702880859,0,0.9895004205933993,0.9936052079220045,-0.004104787328605197
325.77276953808905,11219.4609375,5.719313621520996,0,0.9888132527006993,0.99363798430122,-0.00482473160052066
325.7932020100561,11227.8857421875,5.721551895141602,0,0.989555762396381,0.9936710541980228,-0.004115291801641829
325.81363468219934,11220.962890625,5.720320701599121,0,0.9889456254736168,0.9937044166521353,-0.004758791178518518
325.83406725448003,11220.52734375,5.720315933227539,0,0.9889072390908331,0.9937380697149737,-0.004830830624140581
325.85449972691276,11231.095703125,5.721362113952637,0,0.9898386683161335,0.9937720119087482,-0.003933343592614658
325.87493239948526,11223.2216796875,5.720450401306152,0,0.9891447010417298,0.9938062422476889,-0.004661541205959074
325.8953649722389,11238.8310546875,5.722362995147705,0,0.990520413917095,0.9938407587325676,-0.003320344815472609
325.91579754513805,11231.64453125,5.720359802246094,0,0.9898870386011658,0.9938755600187871,-0.0039885214176212935
325.93623001818196,11225.8857421875,5.723250389099121,0,0.9893794948808187,0.9939106444101141,-0.004531149529295453
325.95666269139474,11230.6142578125,5.72178316116333,0,0.9897962367315768,0.993946010887553,-0.004149774155976171
325.97709526475955,11230.4501953125,5.722494125366211,0,0.9897817772869408,0.9939816573853034,-0.004199880098362585
325.99752773829096,11228.8076171875,5.722763538360596,0,0.9896370107043355,0.9940175823384467,-0.004380571634111208
326.0179604119767,11231.1572265625,5.722381114959717,0,0.989844090607872,0.9940537847034262,-0.004209694095554162
326.03839298580715,11232.720703125,5.723117828369141,0,0.9899818856725279,0.9940902623655447,-0.00410837669301678
326.0588254598115,11229.7158203125,5.722703456878662,0,0.9897170540585704,0.994127013723586,-0.0044099596650156725
326.0792581339265,11239.833984375,5.72294807434082,0,0.9906088058792446,0.9941640377098128,-0.003555231830568162
326.0996907082517,11228.8125,5.721469879150391,0,0.9896374410449497,0.9942013321616511,-0.004563891116701413
326.12012318271445,11230.0,5.721540927886963,0,0.9897420998823148,0.9942388954420065,-0.004496795559691735
326.1405558573315,11237.09765625,5.7228851318359375,0,0.9903676429990661,0.99427672645962,-0.003909083460553853
326.1609884320933,11232.6064453125,5.72389030456543,0,0.9899718157021564,0.9943148230044964,-0.004343007302339941
326.18142100702244,11235.701171875,5.723489284515381,0,0.9902445655834147,0.9943531835930528,-0.004108618009638132
326.2018534821036,11239.5322265625,5.724905490875244,0,0.9905822108292892,0.9943918063559114,-0.0038095955266221893
326.22228615736094,11235.1064453125,5.723902702331543,0,0.9901921500966093,0.9944306901709432,-0.004238540074333885
326.24271873275575,11241.3388671875,5.724924087524414,0,0.9907414368565305,0.9944698327664921,-0.003728395909961657
326.2631512083317,11226.466796875,5.723945140838623,0,0.9894307054139044,0.994509232424927,-0.005078527011022516
326.2835838840256,11233.447265625,5.7233147621154785,0,0.9900459203559158,0.9945488880013014,-0.004502967645385603
326.30401645991515,11237.6240234375,5.723992347717285,0,0.9904140337172732,0.9945887971790219,-0.004174763461748721
326.32444893595675,11244.560546875,5.725574016571045,0,0.991025375593757,0.9946289582067985,-0.0036035826130415005
326.3448816121454,11230.6474609375,5.724059581756592,0,0.9897991630477532,0.9946693699175995,-0.004870206869846294
326.36531418847153,11247.689453125,5.7258734703063965,0,0.9913011378593145,0.9947100299504112,-0.003408892091096738
326.3857466650079,11240.98046875,5.725382328033447,0,0.9907098498554507,0.994750936521374,-0.004041086665923288
326.40617924166145,11245.181640625,5.725642681121826,0,0.991080114919879,0.9947920882395427,-0.003711973319663664
326.4266119184831,11233.1474609375,5.724113941192627,0,0.990019497442206,0.994833483306704,-0.004813985864497994
326.44704439548514,11240.734375,5.724978923797607,0,0.9906881606884967,0.9948751193007837,-0.004186958612286906
326.46747697263345,11255.2880859375,5.725918292999268,0,0.9919708339230793,0.9949169950081532,-0.0029461610850739506
326.48790954992,11245.2490234375,5.724732875823975,0,0.9910860536203545,0.9949591083920106,-0.0038730547716561148
326.50834212738846,11244.7373046875,5.725447177886963,0,0.9910409539239898,0.9950014576084385,-0.0039605036844486685
326.52877470500243,11243.4150390625,5.724079132080078,0,0.9909244176856737,0.9950440408030277,-0.004119623117353921
326.5492073827845,11253.46875,5.726456642150879,0,0.9918104890102412,0.9950868563213549,-0.0032763673111136926
326.56963986071787,11251.0166015625,5.725536346435547,0,0.9915943719538071,0.9951299016583144,-0.003535529704507323
326.5900724388266,11240.900390625,5.725685119628906,0,0.9907027922693784,0.9951731755594607,-0.004470383290082314
326.6105049171092,11245.5673828125,5.727071285247803,0,0.991114111828398,0.9952166757064101,-0.004102563878012111
326.6309375955025,11249.0146484375,5.726186275482178,0,0.9914179323019991,0.995260400834633,-0.0038424685326338137
326.6513701740769,11245.3671875,5.726090431213379,0,0.9910964678632173,0.995304348389363,-0.004207880526145735
326.67180265282514,11250.1494140625,5.726078987121582,0,0.9915179434607312,0.9953485164430096,-0.003830572982278402
326.69223533174227,11253.19140625,5.72623872756958,0,0.9917860456633565,0.9953929037116861,-0.0036068580483296087
326.71266791078233,11252.775390625,5.727072238922119,0,0.9917493806430295,0.9954375076016183,-0.0036881269585887777
326.73310039002536,11248.2822265625,5.7272772789001465,0,0.9913533812098743,0.995482326156752,-0.004128944946877766
326.75353306940815,11243.3369140625,5.725170135498047,0,0.9909175322358471,0.9955273580740963,-0.004609825838249204
326.773965648943,11255.947265625,5.727385997772217,0,0.9920289299059917,0.995572600722269,-0.003543670816277378
326.7943982286524,11266.2119140625,5.727200031280518,0,0.9929335919450909,0.9956180523401635,-0.002684460395072641
326.81483070852846,11265.8984375,5.728015422821045,0,0.9929059640776615,0.9956637107136194,-0.0027577466359578473
326.8352633885588,11244.3154296875,5.726735591888428,0,0.991003772494926,0.9957095745152558,-0.004705802020329775
326.85569596875575,11243.0556640625,5.726565361022949,0,0.9908927446164711,0.9957556410649933,-0.004862896448522114
326.8761284491047,11258.2314453125,5.727351188659668,0,0.9922302432452984,0.9958019083427279,-0.003571665097429455
326.89656112962984,11261.2509765625,5.728054523468018,0,0.9924963658810986,0.9958483750033947,-0.0033520091222961623
326.9169937102997,11248.4267578125,5.72730827331543,0,0.9913661192920535,0.9958950383315216,-0.00452891903946806
326.9374261911362,11251.5029296875,5.72601318359375,0,0.991637233878978,0.9959418962810457,-0.004304662402067727
326.95785887212696,11262.96484375,5.72772741317749,0,0.9926474154366707,0.9959889474895826,-0.0033415320529118775
326.9782914532843,11265.0927734375,5.728150844573975,0,0.9928349578763241,0.9960361892075364,-0.0032012313312123064
326.99872393462283,11264.630859375,5.727447986602783,0,0.9927942476542241,0.9960836193635931,-0.003289371709369049
327.0191566161084,11255.3828125,5.727673053741455,0,0.9919791825309942,0.9961312365786178,-0.004152054047623643
327.0395891977678,11261.3173828125,5.727247714996338,0,0.9925022185134512,0.9961790380699093,-0.003676819556458044
327.06002177956543,11261.814453125,5.728683948516846,0,0.9925460271879732,0.9962270219768998,-0.0036809947889265837
327.0804542615442,11261.060546875,5.727593898773193,0,0.9924795825971461,0.9962751859624681,-0.003795603365322031
327.1008869436919,11266.4912109375,5.727830410003662,0,0.9929582074282213,0.9963235286261097,-0.00336532119788846
327.12131952599157,11263.248046875,5.728124141693115,0,0.9926723751922923,0.9963720471425436,-0.0036996719502512265
327.1417520084651,11277.9501953125,5.7291154861450195,0,0.9939681307815454,0.9964207393847807,-0.0024526086032352623
327.1621846911148,11273.0302734375,5.72867488861084,0,0.9935345195787121,0.99646960393693,-0.0029350843582178765
327.1826172738729,11269.1904296875,5.727861404418945,0,0.9931960997197321,0.9965186379430256,-0.0033225382232935363
327.2030497568703,11261.28515625,5.727137088775635,0,0.9924993782653977,0.9965678392538639,-0.004068460988466249
327.2234824399784,11283.671875,5.728402614593506,0,0.9944724039132249,0.9966172064383744,-0.0021448025251494807
327.2439150232676,11271.8525390625,5.728332996368408,0,0.9934307214225753,0.9966667366114881,-0.003236015188912811
327.2643475067307,11281.494140625,5.7287397384643555,0,0.994280471999307,0.9967164276020383,-0.0024359556027312435
327.28478009031096,11281.404296875,5.729304313659668,0,0.9942725537320063,0.9967662777204671,-0.0024937239884608164
327.30521277411754,11269.017578125,5.727836608886719,0,0.9931808656619906,0.9968162847865797,-0.00363541912458909
327.3256452580463,11276.11328125,5.72955846786499,0,0.9938062366424963,0.9968664458751204,-0.003060209232624067
327.3460778421504,11282.2880859375,5.7292327880859375,0,0.9943504453831703,0.9969167595251758,-0.002566314142005477
327.36651052642264,11276.55078125,5.728573799133301,0,0.9938447951615256,0.9969672235358732,-0.003122428374347619
327.38694301087526,11275.806640625,5.72865629196167,0,0.9937792112519267,0.9970178349555734,-0.0032386237036466925
327.40737559550325,11278.1865234375,5.728275775909424,0,0.993988959267271,0.9970685923101619,-0.003079633042890828
327.44824076521763,11283.923828125,5.729588985443115,0,0.9944946094889159,0.9971705351855171,-0.0026759256966012446
327.4686733503113,11273.9765625,5.729365825653076,0,0.9936179195897373,0.9972217162425462,-0.003603796652808855
327.4891059355723,11278.0400390625,5.730298042297363,0,0.9939760490488461,0.9972730340597875,-0.0032969850109414445
327.5095385210152,11283.0556640625,5.7282867431640625,0,0.9944180949277172,0.9973244863902326,-0.0029063914625154785
327.52997110663273,11283.5751953125,5.73032808303833,0,0.9944638831690644,0.9973760709809291,-0.0029121878118646416
327.55040359235863,11279.123046875,5.729770183563232,0,0.9940714985970681,0.9974277853195694,-0.0033562867225013227
327.57083627832617,11289.4697265625,5.730111122131348,0,0.9949833903584854,0.9974796279023119,-0.0024962375438265516
327.59126886440936,11294.265625,5.731308937072754,0,0.995406070909719,0.9975315956985863,-0.0021255247888672946
327.6117014506599,11292.888671875,5.730932712554932,0,0.9952847148565243,0.9975836866864305,-0.002298971829906238
327.63213403715054,11294.8076171875,5.731514930725098,0,0.9954538387178914,0.9976358985851305,-0.0021820598672390723
327.6525666236994,11296.6357421875,5.731180191040039,0,0.9956149582438351,0.9976882291080269,-0.002073270864191845
327.6729992104738,11294.7001953125,5.731125354766846,0,0.9954443712243797,0.9977406759641589,-0.0022963047397792646
327.6934317974301,11282.271484375,5.7303876876831055,0,0.9943489822250822,0.9977932368569326,-0.0034442546318503853
327.71386438449554,11293.873046875,5.730844497680664,0,0.99537147152434,0.9978459094846839,-0.002474437960343856
327.7342969718011,11287.138671875,5.730607986450195,0,0.9947779457492826,0.9978986915413823,-0.003120745792099755
327.7547294592223,11296.720703125,5.731050491333008,0,0.9956224461705215,0.9979515804564403,-0.0023291342859187436
327.77516214681964,11307.9130859375,5.732458591461182,0,0.9966088729263123,0.9980045746914796,-0.0013957017651673453
327.7955947345836,11293.96875,5.7307963371276855,0,0.9953799062003776,0.9980576711487192,-0.002677764948341599
327.81602722252865,11305.2158203125,5.731311798095703,0,0.9963711527710472,0.9981108675017824,-0.0017397147307351979
327.8364599106426,11302.7041015625,5.731338024139404,0,0.9961497855591203,0.9981641622031033,-0.0020143766439830735
327.85689249893767,11301.080078125,5.731449127197266,0,0.9960066542708487,0.9982175521373383,-0.0022108978664896473
327.8773249874066,11316.857421875,5.732668876647949,0,0.9973971708633411,0.9982710349653054,-0.0008738641019643278
327.8977576759935,11302.7509765625,5.7321085929870605,0,0.9961539168290162,0.9983246091309352,-0.0021706923019190194
327.91819026480516,11313.69140625,5.732920169830322,0,0.9971181380091161,0.9983782715027398,-0.0012601334936237496
327.9386228537405,11304.517578125,5.732492923736572,0,0.9963096140632214,0.9984320199927241,-0.0021224059295027464
327.95905534284975,11301.2099609375,5.732714653015137,0,0.9960181013311855,0.9984858519838777,-0.0024677506526922244
327.97948803212785,11312.744140625,5.733127593994141,0,0.9970346519299679,0.9985397659100327,-0.0015051139800648095
327.9999206216453,11313.1435546875,5.733599662780762,0,0.9970698537922067,0.9985937586196728,-0.001523904827466116
328.0203531112784,11316.208984375,5.73300313949585,0,0.99734002162978,0.9986478277471555,-0.0013078061173755762
328.04078580102214,11317.865234375,5.733519077301025,0,0.997485993166105,0.9987019717193583,-0.001215978553253283
328.06121839100524,11310.3310546875,5.73322057723999,0,0.9968219775984472,0.9987561873714164,-0.0019342097729692087
328.0816508811622,11304.439453125,5.732677936553955,0,0.9963027286133948,0.9988104723281832,-0.0025077437147884574
328.10208357142983,11317.0244140625,5.733361721038818,0,0.9974118885123456,0.9988648250100469,-0.0014529364977012849
328.1225161619368,11308.1103515625,5.7330121994018555,0,0.9966262586871246,0.9989192422398891,-0.002292983552764527
328.14294865261763,11317.060546875,5.733386516571045,0,0.9974150730328905,0.9989737216338401,-0.0015586486009496747
328.16338124340837,11307.9091796875,5.733745098114014,0,0.996608528653821,0.999028261339506,-0.002419732685684961
328.18381393438176,11319.4501953125,5.734137058258057,0,0.9976256817294632,0.9990828589698204,-0.0014571772403572103
328.20424642558646,11318.4033203125,5.734104633331299,0,0.9975334167017861,0.999137511332231,-0.0016040946304449744
328.22467901690106,11323.38671875,5.734109878540039,0,0.9979726223326036,0.9991922168353774,-0.0012195945027737576
328.2451117083983,11323.3154296875,5.7347636222839355,0,0.9979663393596369,0.9992469730848286,-0.0012806337251917155
328.26554430006945,11349.4560546875,5.737374782562256,0,1.0002702108716346,0.9993017771469888,0.0009684337246458341
328.28597679190716,11323.076171875,5.734848499298096,0,0.9979452526695427,0.9993566266214501,-0.0014113739519073798
328.3064094839283,11327.787109375,5.735080718994141,0,0.9983604452940898,0.9994115199122078,-0.001051074618117931
328.326842076116,11325.6396484375,5.734971046447754,0,0.9981711814919797,0.9994664538099703,-0.0012952723179906478
328.34727456848486,11332.1005859375,5.735223770141602,0,0.9987406081926439,0.9995214259088087,-0.0007808177161647833
328.3677071610291,11328.2509765625,5.734810829162598,0,0.9984013276524356,0.9995764343397316,-0.0011751066872960347
328.3881398537487,11332.376953125,5.735154628753662,0,0.9987649654714057,0.9996314766946017,-0.0008665112231960315
328.40857234657597,11332.3037109375,5.736434459686279,0,0.9987585103621932,0.9996865497547267,-0.0009280393925334973
328.4290049396441,11339.548828125,5.73591947555542,0,0.9993970497654924,0.9997416519173606,-0.00034460215186826737
328.4494375328868,11343.322265625,5.737115383148193,0,0.9997296169921196,0.999796780500109,-6.716350798940951e-05
328.4698701262387,11332.0458984375,5.735416889190674,0,0.9987357883777652,0.999851933088884,-0.0011161447111187606
328.49030271983065,11331.037109375,5.734784126281738,0,0.9986468800068785,0.9999071072690767,-0.0012602272621982102
328.51073531353904,11348.1455078125,5.73710298538208,0,1.0001547074507926,0.9999623006244458,0.00019240682634680262
328.531167907473,11332.9921875,5.734683036804199,0,0.9988191883887906,1.0000175107385385,-0.0011983223497479267
328.55160050153063,11350.408203125,5.737186908721924,0,1.000354127291397,1.0000727351935979,0.0002813920977990936
328.5720330958211,11335.2255859375,5.7359209060668945,0,0.99901602618571,1.0001279715718097,-0.0011119453860997108
328.5924656902207,11342.931640625,5.736401557922363,0,0.9996951897429864,1.0001832174542082,-0.00048802771122180566
328.6128982848604,11343.046875,5.736404895782471,0,0.9997053457814807,1.0002384704220995,-0.0005331246406187207
328.6333307796158,11334.4140625,5.7358598709106445,0,0.9989445035756356,1.0002937277853425,-0.0013492242097069562
328.65376347454,11343.21484375,5.736052989959717,0,0.999720149498608,1.0003489879358567,-0.0006288384372487021
328.6741960697036,11336.05859375,5.736776351928711,0,0.9990894422944866,1.0004042476428339,-0.00131480534834727
328.69462856498285,11348.3212890625,5.737155437469482,0,1.0001701997129027,1.0004595044863058,-0.00028930477340316507
328.71506126043096,11342.9501953125,5.737009048461914,0,0.9996968250373203,1.0005147568581536,-0.0008179318208333397
328.7354938561184,11353.7421875,5.7382659912109375,0,1.0006479638627495,1.0005700015279697,7.796233477974646e-05
328.7559264519223,11354.7177734375,5.738483428955078,0,1.0007339459174598,1.000625236346852,0.00010870957060782338
328.7763590478935,11347.3544921875,5.737919330596924,0,1.0000849922712978,1.0006804588963742,-0.0005954666250764795
328.7967916441048,11349.3515625,5.738317489624023,0,1.0002610015824915,1.0007356667587055,-0.0004746651762139731
328.81722424043255,11345.4765625,5.737605571746826,0,0.9999194832710896,1.0007908575161277,-0.0008713742450381368
328.8376567369269,11350.8271484375,5.73777961730957,0,1.0003910505160925,1.000846028482177,-0.00045497796608451324
328.8580894336628,11359.7919921875,5.739010334014893,0,1.0011811558837007,1.0009011780511674,0.0002799778325333069
328.87852203051443,11363.3095703125,5.738977432250977,0,1.0014911732621459,1.000956302998047,0.000534870264098819
328.89895452759083,11353.9599609375,5.738807678222656,0,1.0006671570541412,1.0010114009097315,-0.00034424385559028714
328.91938722479244,11350.7890625,5.738397598266602,0,1.000387693859302,1.0010664701821363,-0.0006787763228344179
328.9398198221679,11352.1181640625,5.737753868103027,0,1.0005048325744779,1.0011215075953224,-0.0006166750208445038
328.9602523197682,11357.4794921875,5.738720417022705,0,1.0009773465688319,1.0011765107399861,-0.00019916417115428686
328.98068501749367,11360.2490234375,5.739174842834473,0,1.0012214357651867,1.0012314780147493,-1.0042249562580707e-05
329.0011176154512,11349.5830078125,5.737746715545654,0,1.000281399727603,1.0012864062057387,-0.0010050064781357282
329.02155011351715,11356.8515625,5.739348888397217,0,1.0009220047658502,1.0013412929080696,-0.00041928814221936506
329.04198271182395,11348.0966796875,5.738349437713623,0,1.000150404044651,1.001396136256023,-0.0012457322113721414
329.0624154102479,11371.111328125,5.740076065063477,0,1.00217877149546,1.0014509338471842,0.0007278376482757754
329.0828480088967,11366.388671875,5.740200042724609,0,1.0017625460534387,1.0015056827460511,0.00025686330738761143
329.1032805076684,11349.8447265625,5.738208770751953,0,1.0003044659845224,1.0015603805557909,-0.0012559145712685016
329.12371320667444,11374.1484375,5.740685939788818,0,1.002446443357471,1.001615025684353,0.0008314176731178957
329.1441458058471,11391.72265625,5.749059200286865,0,1.0039953252959763,1.0016696149361068,0.002325710359869504
329.16457830514264,11370.775390625,5.741551399230957,0,1.0021491640612052,1.0017241459214716,0.0004250181397336128
329.18501100467256,11376.5087890625,5.741226673126221,0,1.0026544700103588,1.0017786170531986,0.0008758529571601947
329.20544360436907,11360.4580078125,5.739883899688721,0,1.001239854343473,1.0018330251457783,-0.000593170802305254
329.2258761042467,11374.4697265625,5.741730690002441,0,1.002474759769883,1.0018873678178222,0.0005873919520609228
329.24630870429974,11377.5595703125,5.742279529571533,0,1.0027470793105273,1.001941643221734,0.0008054360887932432
329.2667414045209,11377.63671875,5.7416839599609375,0,1.002753878692231,1.0019958489799294,0.0007580297123015445
329.2871739049224,11379.921875,5.741684436798096,0,1.0029552780996607,1.0020499819236015,0.0009052961760591671
329.3076065054993,11372.6962890625,5.740549087524414,0,1.0023184600588182,1.0021040404777497,0.00021441958106849235
329.3280392062443,11367.5,5.741166114807129,0,1.001860491577223,1.0021580222741788,-0.0002975306969559277
329.34847170716967,11376.1435546875,5.7413649559021,0,1.0026222805324192,1.00221192415723,0.00041035637518915813
329.36890430832864,11377.228515625,5.741193771362305,0,1.0027179022168868,1.0022657445588314,0.00045215765805539654
329.3893370095975,11373.28125,5.740706443786621,0,1.0023700148643953,1.0023194811208056,5.053374358965357e-05
329.40976951104676,11381.2685546875,5.740768909454346,0,1.0030739660410475,1.002373130702037,0.0007008353390105526
329.4302021127296,11383.0283203125,5.741175174713135,0,1.003229060798393,1.0024266917418478,0.0008023690565450714
329.45063481452235,11382.8974609375,5.741939067840576,0,1.0032175276699333,1.0024801618933155,0.000737365776617871
329.4710673165537,11385.2158203125,5.741485595703125,0,1.003421853393539,1.002533538031103,0.000888315362436165
329.4914999187604,11382.5908203125,5.741081237792969,0,1.0031905022793637,1.002586818602238,0.0006036836771257104
329.51193252107623,11383.1494140625,5.741097450256348,0,1.0032397332456242,1.0026400010120886,0.0005997322335355992
329.5323651236322,11384.130859375,5.742238521575928,0,1.0033262317090714,1.0026930829322964,0.0006331487767750055
329.55279772636277,11378.80078125,5.741917610168457,0,1.0028564718946482,1.0027460620383921,0.00011040985625609956
329.57323022925993,11383.9931640625,5.741281509399414,0,1.003314096103752,1.0027989357520453,0.0005151603517068448
329.5936629323405,11387.94921875,5.741491317749023,0,1.0036627580693491,1.0028517025336403,0.0008110555357088156
329.6140955356532,11385.6572265625,5.742306232452393,0,1.0034607561850597,1.0029043592972784,0.0005563968877813075
329.634528139075,11389.9130859375,5.741841793060303,0,1.0038358410643666,1.0029569039954713,0.0008789370688953024
329.65496074267867,11388.6357421875,5.741700649261475,0,1.003723263959701,1.0030093343276296,0.0007139296320712862
329.6753933465152,11389.01171875,5.741817474365234,0,1.0037564001869916,1.003061647998115,0.0006947521888767128
329.69582595051907,11403.9814453125,5.742530345916748,0,1.0050757384419011,1.0031138427160986,0.0019618957258025205
329.71625845464587,11385.162109375,5.742130756378174,0,1.0034171196467834,1.0031659159414614,0.00025120370532194514
329.736691159007,11395.875,5.742420673370361,0,1.004361286954263,1.0032178661580062,0.0011434207962568443
329.75712376353476,11397.541015625,5.742416858673096,0,1.0045081191718164,1.0032696903271625,0.0012384288446538605
329.77755626824364,11395.791015625,5.742812156677246,0,1.0043538850956995,1.003321386181603,0.0010324989140964025
329.79798897312867,11395.7392578125,5.742133140563965,0,1.0043493234851892,1.003372952215768,0.0009763712694212945
329.8184215782385,11394.28125,5.742642879486084,0,1.0042208237777992,1.0034243854137934,0.0007964383640057804
329.83885408347123,11399.7861328125,5.742488384246826,0,1.0047059897862098,1.0034756835252783,0.0012303062609315685
329.85928678893833,11398.94921875,5.741995334625244,0,1.0046322294049417,1.0035268450564814,0.0011053843484603032
329.8797193945138,11338.07421875,5.738259792327881,0,0.9992670869000143,1.003577867014702,-0.004310780114687662
329.90015190032864,11223.6083984375,5.727907657623291,0,0.9891787840183718,1.003628747168228,-0.014449963149856138
329.92058450631885,11209.7119140625,5.726470947265625,0,0.987954034630456,1.0036794837870366,-0.015725449156580695
329.94101721247716,11235.8134765625,5.729218482971191,0,0.9902544634175405,1.0037300746473752,-0.01347561122983465
329.9614498188166,11354.3310546875,5.738338470458984,0,1.0006998629408177,1.0037805170388576,-0.0030806540980399255
329.98188232538814,11399.751953125,5.742340087890625,0,1.0047029774019107,1.003830808755077,0.0008721686468338152
330.0023150320703,11403.853515625,5.742854595184326,0,1.0050644635178099,1.003880948330889,0.001183515186920836
330.02274763899186,11399.8046875,5.742548942565918,0,1.0047076250805436,1.0039309328338633,0.0007766922466803106
330.04318014602904,11406.1962890625,5.742393970489502,0,1.0052709409444867,1.0039807600773112,0.0012901808671754722
330.0636128532933,11416.5693359375,5.743499755859375,0,1.0061851565452204,1.0040304286101291,0.002154727935091305
330.0840454607387,11399.548828125,5.74196195602417,0,1.0046850752323613,1.0040799355269507,0.0006051397054105401
330.10447796835797,11412.291015625,5.743595600128174,0,1.0058080920990884,1.0041292786623808,0.0016788134367076157
330.1249106762043,11405.015625,5.743206024169922,0,1.0051668845839814,1.0041784565792133,0.0009884280047680605
330.1453432841736,11404.1015625,5.744189262390137,0,1.0050863248210096,1.0042274664005817,0.0008588584204278771
330.1657757923749,11418.3212890625,5.744381904602051,0,1.006339562757583,1.0042763059832311,0.0020632567743519292
330.18620840074436,11413.9306640625,5.743997097015381,0,1.0059526004773252,1.0043249736665203,0.0016276268108048608
330.20664110929647,11415.994140625,5.743734359741211,0,1.0061344624208717,1.004373467316925,0.001760995103946783
330.2270736180217,11415.0068359375,5.744755268096924,0,1.0060474475486874,1.0044217841003262,0.0016256634483611254
330.247506226915,11412.02734375,5.743830680847168,0,1.0057848537059233,1.0044699226117608,0.0013149310941624748
330.26793893599097,11409.9345703125,5.743589878082275,0,1.005600409718692,1.004517880740781,0.001082528977910835
330.288371545299,11413.873046875,5.7436137199401855,0,1.005947522458078,1.0045656559181313,0.0013818665399467633
330.30880405477365,11436.0087890625,5.746298789978027,0,1.0078984285983372,1.0046132460544197,0.0032851825439175197
330.3292367644317,11415.8359375,5.743453502655029,0,1.0061205193849727,1.004660649763215,0.0014598696217578144
330.3496693742636,11416.7890625,5.744476795196533,0,1.006204521872858,1.0047078642714593,0.00149665760139861
330.3701018842621,11414.5439453125,5.744450092315674,0,1.0060066512584644,1.0047548875145396,0.001251763743924883
330.3905344945015,11423.216796875,5.744480133056641,0,1.0067710222573456,1.0048017178938902,0.0019693043634554375
330.41096710485726,11420.5400390625,5.744287967681885,0,1.00653510953266,1.0048483531280508,0.0016867564046092465
330.45183232620184,11422.265625,5.744792461395264,0,1.006687191905706,1.0049410300019928,0.0017461619037133502
330.4722649371397,11436.9853515625,5.745040416717529,0,1.0079844967211704,1.0049870675836048,0.0029974291375656215
330.4926975483031,11417.4638671875,5.743594646453857,0,1.0062639949457355,1.0050329019043438,0.0012310930413916843
330.5131301596484,11458.482421875,5.759476661682129,0,1.0098791143090966,1.0050785309571586,0.004800583351938004
330.53356277111016,11411.861328125,5.743723392486572,0,1.0057702221250417,1.0051239527439382,0.0006462693811035702
330.55399538279744,11425.765625,5.745309352874756,0,1.0069956600579402,1.0051691652760357,0.001826494781904442
330.57442799472483,11422.9990234375,5.7446465492248535,0,1.0067518290659538,1.0052141665737544,0.001537662492199443
330.5948605067679,11417.98828125,5.744147777557373,0,1.006310213527697,1.005258954447668,0.001051259080028899
330.615293219038,11426.921875,5.745166301727295,0,1.0070975647153746,1.005303527592901,0.001794037122473613
330.63572583148925,11499.12890625,5.7718658447265625,0,1.0134614417176582,1.005347883401609,0.008113558316049208
330.6561583441144,11434.3349609375,5.746054172515869,0,1.0077509078358011,1.005392019934764,0.002358887901037221
330.67659105690836,11428.3232421875,5.744831562042236,0,1.0072210724716402,1.005435935906149,0.0017851365654910634
330.6970236698835,11429.05859375,5.745330810546875,0,1.0072858817681336,1.005479628746429,0.0018062530217046735
330.7174561830907,11435.6435546875,5.745776176452637,0,1.0078662391203976,1.0055230965458133,0.002343142574584345
330.73788889646676,11433.955078125,5.745454788208008,0,1.007717427336019,1.0055663380373823,0.0021510892986367214
330.75832151002396,11424.0380859375,5.7455973625183105,0,1.0068434055486484,1.0056093506911932,0.0012340548574552024
330.77875402381324,11436.89453125,5.746147155761719,0,1.0079764923857468,1.005652132627321,0.0023243597584259312
330.79918673771317,11445.4970703125,5.746842861175537,0,1.008734666479784,1.0056946825986468,0.0030399838811372426
330.81961935185245,11431.1455078125,5.744782447814941,0,1.007469809346628,1.0057369981158615,0.0017328112307666288
330.84005196616636,11441.7001953125,5.74526309967041,0,1.0084000336182088,1.005779077534768,0.0026209560834409285
330.8604844806541,11439.3740234375,5.746314525604248,0,1.0081950193496203,1.0058209188086331,0.0023741005409871896
330.88091719536897,11432.6103515625,5.744252681732178,0,1.0075989115308779,1.0058625207180234,0.0017363908128544825
330.90134981020674,11430.8935546875,5.7450761795043945,0,1.007447603770937,1.0059038808285274,0.0015437229424095644
330.9217823253275,11447.8349609375,5.747115612030029,0,1.0089407135658466,1.0059449973329861,0.0029957162328604348
330.9422150405735,11451.072265625,5.746695518493652,0,1.0092260293930386,1.0059858690325931,0.0032401603604454987
330.96264765599335,11440.1748046875,5.745822906494141,0,1.0082655952103434,1.006026493535902,0.0022391016744414127
330.983080171638,11438.7412109375,5.745803356170654,0,1.0081392472060242,1.0060668690678205,0.002072378138203712
331.00351288746606,11449.57421875,5.746954441070557,0,1.0090940008926126,1.0061069944513037,0.0029870064413088926
331.023945503468,11451.51953125,5.747666358947754,0,1.0092654485932961,1.0061468673383858,0.0031185812549103797
331.0443780196947,11449.4892578125,5.7477521896362305,0,1.009086512965926,1.00618648598696,0.002900026978966075
331.0648106361041,11447.447265625,5.747143268585205,0,1.0089065445210819,1.0062258490499532,0.0026806954711287023
331.08524335268885,11450.1240234375,5.747697830200195,0,1.0091424572457677,1.0062649547999842,0.002877502445783442
331.1261084864309,11435.3291015625,5.746037483215332,0,1.0078385251848452,1.006342386378776,0.001496138806069247
331.1465412035395,11458.0126953125,5.748499870300293,0,1.0098377155420137,1.006380709385345,0.0034570061566687738
331.16697382087295,11434.650390625,5.74603796005249,0,1.0077787078394762,1.0064187679191863,0.001359939920289932
331.1874063384457,11454.4443359375,5.748716831207275,0,1.0095232226211814,1.0064565603177396,0.0030666623034418805
331.20783905613644,11448.3369140625,5.746699810028076,0,1.0089849525809829,1.0064940854788735,0.0024908671021093287
331.22827167405194,11452.2158203125,5.747457504272461,0,1.0093268151648762,1.0065313412067451,0.0027954739581310672
331.2487041921486,11449.9951171875,5.746864318847656,0,1.0091310962535536,1.0065683258739133,0.0025627703796402557
331.2691368104788,11449.607421875,5.747446537017822,0,1.0090969272087889,1.0066050382230323,0.002491888985756585
331.28956952897715,11457.0244140625,5.746604919433594,0,1.0097506146017066,1.006641476642438,0.003109137959268482
331.31000204765587,11436.376953125,5.745071887969971,0,1.0079308762806451,1.0066776390036423,0.0012532372770028832
331.33043466651,11444.4267578125,5.746321201324463,0,1.008640335817159,1.0067135242561587,0.0019268115610002745
331.3508673855904,11449.8154296875,5.746342182159424,0,1.0091152597189523,1.006749130824677,0.0023661288942753433
331.371299904793,11457.970703125,5.746413230895996,0,1.009834014612732,1.0067844566291768,0.003049557983555218
331.39173252428736,11455.39453125,5.746519088745117,0,1.009606966904698,1.0068195006438558,0.002787466260842253
331.41216524389165,11463.208984375,5.747148513793945,0,1.010295684023609,1.0068542613297682,0.0034414226938408454
331.4325977637345,11449.6220703125,5.745035171508789,0,1.0090982182306314,1.006888736656786,0.0022094815738453732
331.4530303837528,11453.7548828125,5.745379447937012,0,1.0094624585264613,1.0069229256234933,0.0025395329029680447
331.4734630039384,11448.0703125,5.745266914367676,0,1.0089614559834494,1.0069568265634086,0.002004629420040871
331.4938956243641,11456.962890625,5.7468671798706055,0,1.009745192309968,1.006990437992222,0.0027547543177459666
331.5143282449644,11453.46875,5.7468647956848145,0,1.009437240566471,1.0070237584380721,0.0024134821283989805
331.53476076573133,11461.078125,5.747305870056152,0,1.0101078833795871,1.0070567862810083,0.00305109709857887
331.5551934867399,11461.2177734375,5.7486114501953125,0,1.0101201911211521,1.0070895205577208,0.0030306705634313147
331.5756261079223,11449.5908203125,5.747344017028809,0,1.0090954640507006,1.0071219593519853,0.001973504698715267
331.59605862927856,11447.791015625,5.747395992279053,0,1.0089368405003192,1.0071541012477414,0.0017827392525777697
331.6164913508619,11465.9287109375,5.749090194702148,0,1.0105353837456994,1.0071859453073952,0.003349438438304153
331.6369239726264,11458.5068359375,5.748257637023926,0,1.0098812660121674,1.0072174896667787,0.002663776345388724
331.6573565945582,11452.19140625,5.7479472160339355,0,1.0093246634618054,1.007248733101207,0.002075930360598388
331.67778921667195,11458.9912109375,5.747908592224121,0,1.0099239558010926,1.0072796742426366,0.0026442815584559742
331.6982218390185,11462.0771484375,5.7480268478393555,0,1.0101959310692454,1.007310311736314,0.0028856193329314106
331.71865446159063,11455.6767578125,5.747523307800293,0,1.009631840592197,1.0073406442406923,0.002291196351504654
331.7390869842857,11465.490234375,5.7483015060424805,0,1.0104967391585473,1.0073706702812395,0.0031260688773078193
331.7595197072151,11455.099609375,5.747476577758789,0,1.0095809743316024,1.0074003889819543,0.0021805853496481564
331.77995233031106,11455.75,5.748364448547363,0,1.0096382957014094,1.0074297986028398,0.0022084970985696284
331.8003848536464,11454.544921875,5.748439311981201,0,1.0095320876378333,1.0074588978607755,0.002073189777057838
331.82081757715787,11469.32421875,5.748719215393066,0,1.0108346426087902,1.0074876859064503,0.003346956702339865
331.84125020083593,11465.51953125,5.748863697052002,0,1.0104993212022322,1.0075161610543397,0.0029831601478924608
331.86168272469513,11456.1298828125,5.748356819152832,0,1.0096717762011915,1.007544322062214,0.0021274541389775248
331.8821154487887,11463.26171875,5.748842239379883,0,1.010300331702242,1.0075721681082053,0.0027281635940368254
331.9025480730488,11456.34375,5.748867988586426,0,1.009690625120092,1.0075996975617585,0.0020909275583333997
331.9229805975483,11464.7568359375,5.749352931976318,0,1.0104321019982996,1.0076269092221841,0.0028051927761154616
331.94341322222317,11480.169921875,5.75047492980957,0,1.0117905151809752,1.0076538021642234,0.004136713016751781
331.96384594706615,11462.01953125,5.74854850769043,0,1.0101908530499981,1.0076803752056056,0.0025104778443925113
331.9842784721477,11472.36328125,5.7488250732421875,0,1.011102486607047,1.0077066267950638,0.003395859811983204
332.00471109740465,11463.8193359375,5.749660015106201,0,1.0103494766003798,1.0077325561708204,0.0026169204295594106
332.0251438228297,11464.0693359375,5.74933385848999,0,1.010371510039825,1.0077581621927452,0.0026133478470797833
332.0455764484941,11466.099609375,5.749274730682373,0,1.0105504456671952,1.0077834434890687,0.002767002178126532
332.06600897439057,11471.0556640625,5.749842166900635,0,1.0109872413905734,1.0078083989575506,0.0031788424330227993
332.0864417003977,11450.455078125,5.747672080993652,0,1.009171634339408,1.0078330278693142,0.0013386064700937617
332.1068743266442,11459.142578125,5.748280048370361,0,1.0099372963601319,1.0078573287820713,0.0020799675780605043
332.1273068530645,11461.1767578125,5.748144626617432,0,1.0101165762599933,1.0078813006364904,0.002235275623502897
332.14773947971116,11470.8232421875,5.749807834625244,0,1.010966757177339,1.0079049426176088,0.0030618145597303137
332.1681722065405,11463.7685546875,5.748452186584473,0,1.0103450010579924,1.0079282536853007,0.0024167473726917077
332.1886047335429,11464.232421875,5.7487006187438965,0,1.0103858834163382,1.0079512324790019,0.0024346509373363023
332.2090373607789,11463.89453125,5.748260498046875,0,1.010356103845838,1.0079738783324173,0.0023822255134207104
332.229470088183,11463.10546875,5.74826192855835,0,1.0102865608025886,1.007996190248971,0.0022903705536176933
332.2499026158257,11473.0234375,5.7493462562561035,0,1.0111606686580823,1.0080181669266275,0.0031425017314548054
332.2703352436365,11466.548828125,5.747934341430664,0,1.0105900370036984,1.0080398077281352,0.002550229275563254
332.29076797163,11471.9951171875,5.748183727264404,0,1.011070038924739,1.0080611117009737,0.003008927223765223
332.3112005998555,11464.19140625,5.748581886291504,0,1.010382268555179,1.008082077703818,0.002300190851361128
332.3316331282549,11463.2685546875,5.747855186462402,0,1.0103009341791018,1.0081027048235256,0.002198229355576231
332.3520658568814,11478.7197265625,5.749695301055908,0,1.011662704018568,1.0081229924573,0.0035397115612678665
332.37249838568823,11467.8701171875,5.749077320098877,0,1.0107064871738916,1.0081429393195989,0.0025635478542926915
332.3929310146632,11468.806640625,5.749258041381836,0,1.0107890265036887,1.0081625448323537,0.002626481671335057
332.41336364387826,11467.1259765625,5.749002933502197,0,1.0106409032642927,1.0081818080386982,0.0024590952255945098
332.43379627326794,11473.3369140625,5.7490458488464355,0,1.0111882965255117,1.00820072809508,0.0029875684304316863
332.45422890289046,11469.7197265625,5.74987268447876,0,1.0108695001985377,1.008219304173089,0.0026501960254488033
332.47466153268033,11460.8251953125,5.7485480308532715,0,1.0100855917357732,1.0082375354592628,0.0018480562765104125
332.4950941626521,11468.94921875,5.747891902923584,0,1.0108015924496223,1.0082554211553105,0.002546171294311783
332.5155267928494,11462.646484375,5.749255180358887,0,1.010246108784857,1.0082729604780978,0.0019731483067593203
332.53595942322863,11459.69140625,5.749077796936035,0,1.0099856666451639,1.0082901526595804,0.00169551398558343
332.5563920538407,11468.3115234375,5.749631404876709,0,1.0107453899654122,1.0083069969469953,0.0024383930184168623
332.57682468462735,11458.6689453125,5.748908519744873,0,1.0098955533205576,1.0083234926027216,0.001572060717835999
332.5972573156396,11468.9833984375,5.748444080352783,0,1.0108046048339214,1.0083396389044932,0.0024649659294282422
332.61768984683295,11466.5078125,5.7483954429626465,0,1.0105864221425394,1.008355435068814,0.0022309870737253767
332.6381225781952,11480.3759765625,5.75033712387085,0,1.011808675554893,1.0083708806333471,0.0034377949215458337
332.65855520979676,11469.7734375,5.749150276184082,0,1.0108742339452934,1.008385974692469,0.0024882592528243652
332.6789877415722,11464.0380859375,5.748134613037109,0,1.0103687558598944,1.0084007165903601,0.0019680392695342608
332.6994204735747,11475.5390625,5.7507758140563965,0,1.0113823801425004,1.0084151058953998,0.0029672742471005265
332.7198531057584,11484.7431640625,5.750840187072754,0,1.012193572200203,1.0084291417636233,0.003764430436579591
332.7402856381741,11466.0615234375,5.748647212982178,0,1.0105470890104047,1.008442823585657,0.00210426542474762
332.7607183707587,11478.40625,5.7495903968811035,0,1.0116350761511386,1.0084561509606396,0.0031789251904990046
332.7811510035244,11466.8798828125,5.748961448669434,0,1.010619214097339,1.0084691231067244,0.0021500909906144727
332.80158353652223,11461.8876953125,5.749673843383789,0,1.0101792338534157,1.008481739461139,0.0016974943922767327
332.8220161696954,11463.3916015625,5.749460697174072,0,1.0103117787625788,1.0084939995948963,0.0018177791676825539
332.8424489030949,11454.4873046875,5.748495101928711,0,1.009527009618586,1.0085059029659458,0.0010211066526402135
332.86288153673377,11491.4267578125,5.754124164581299,0,1.012782622432873,1.0085174489365563,0.004265173496316832
332.883314070481,11465.107421875,5.749017715454102,0,1.0104630004543966,1.0085286370063302,0.0019343634480664118
332.90374680452805,11471.01171875,5.749607563018799,0,1.010983368325046,1.0085394668471053,0.002443901477940713
332.92417943869077,11470.119140625,5.749666690826416,0,1.0109047020607764,1.0085499378229288,0.0023547642378476397
332.94461197314376,11474.580078125,5.750553607940674,0,1.0112978612458783,1.0085600494806573,0.002737811765221032
332.9650447077074,11467.40625,5.749245643615723,0,1.0106656048155458,1.0085698015232534,0.0020958032922924197
332.9854773425104,11475.4443359375,5.751025676727295,0,1.0113740315345856,1.0085791933779331,0.0027948381566524905
333.0059098775382,11463.55859375,5.7490057945251465,0,1.0103264964115832,1.008588224638726,0.001738271772857125
333.02634261274943,11473.45703125,5.749299049377441,0,1.0111988829046201,1.0085968950401007,0.002601987864519373
333.0467752481927,11481.23828125,5.750249862670898,0,1.0118846737073548,1.0086052040724645,0.003279469634890342
333.06720778380986,11466.923828125,5.747580528259277,0,1.0106230871628663,1.0086131513772618,0.0020099357856044886
333.0876404195951,11461.140625,5.7470903396606445,0,1.0101133917394485,1.0086207366842825,0.0014926550551659368
333.10807315562124,11479.0830078125,5.749183654785156,0,1.0116947213602618,1.008627959656086,0.0030667617041757467
333.1285056918132,11465.21875,5.7480549812316895,0,1.0104728122203996,1.0086348198729753,0.001837992347424322
333.148938328246,11466.2265625,5.749110221862793,0,1.0105616345231634,1.008641317137962,0.0019203173852013755
333.1693710649124,11474.7734375,5.751448631286621,0,1.0113149027341992,1.0086474511612031,0.0026674515729960824
333.1898037017454,11472.240234375,5.748218059539795,0,1.01109164202357,1.0086532216140358,0.0024384204095342366
333.21023623875953,11465.7392578125,5.74885368347168,0,1.0105186865298696,1.0086586282491228,0.001860058280746868
333.230668976008,11451.9560546875,5.747885704040527,0,1.0093039210442025,1.008663670906436,0.0006402501377664738
333.2511016134813,11468.779296875,5.750035762786865,0,1.0107866165962494,1.0086683492884474,0.0021182673078019576
333.2715341511357,11475.3291015625,5.750196933746338,0,1.0113638754960912,1.0086726631956329,0.0026912123004583233
333.2919667889655,11472.1796875,5.749705791473389,0,1.0110863057999544,1.0086766124813136,0.0024096933186408265
333.3123995270216,11451.328125,5.748481750488281,0,1.009248579241221,1.008680196967206,0.0005683822740150113
333.3328320653163,11463.6171875,5.748711109161377,0,1.0103316604989532,1.0086834164463963,0.0016482440525569242
333.3532647037282,11464.7861328125,5.748717308044434,0,1.0104346840419844,1.008686270827833,0.001748413214151423
333.37369734242384,11479.595703125,5.7500762939453125,0,1.0117399071247493,1.008688759969894,0.003051147154855327
333.41456262035354,11455.0634765625,5.747957706451416,0,1.0095777898110576,1.0086926421158304,0.0008851476952271842
333.43499525969673,11461.861328125,5.747564792633057,0,1.0101769100140991,1.0086940349497056,0.0014828750643935962
333.4554278991491,11458.064453125,5.748169422149658,0,1.009842277152524,1.008695062204175,0.001147214948348907
333.4758605388415,11454.1787109375,5.74870491027832,0,1.0094998120917709,1.0086957238342555,0.000804088257515323
333.49629307876603,11453.7822265625,5.747278690338135,0,1.0094648684339005,1.00869601981041,0.0007688486234904701
333.51672581851017,11458.8837890625,5.750401020050049,0,1.009914488307581,1.008695950121332,0.001218538186249063
333.5371584588429,11473.31640625,5.750792980194092,0,1.0111864890949323,1.0086955147683982,0.002490974326534001
333.5575909993495,11465.859375,5.750304698944092,0,1.010529272908978,1.0086947137760285,0.0018345591329496092
333.57802374008315,11461.04296875,5.747696876525879,0,1.0101047849271652,1.0086935471648388,0.0014112377623263228
333.59845638099796,11455.85546875,5.747455596923828,0,1.0096475910586753,1.0086920150003478,0.000955576058327523
333.61888892214483,11463.0751953125,5.750750541687012,0,1.010283892690781,1.0086901173549963,0.0015937753357846418
333.6393216634606,11451.6767578125,5.748650074005127,0,1.0092793055610723,1.0086878542813276,0.0005914512797446925
333.65975430501567,11457.2783203125,5.74786901473999,0,1.0097729923136431,1.0086852259089607,0.0010877664046824442
333.6801868467446,11457.5341796875,5.74995756149292,0,1.0097955421618254,1.0086822323583449,0.0011133098034805666
333.7006194886999,11456.8623046875,5.747424125671387,0,1.0097363272933164,1.0086788737312389,0.0010574535620775372
333.721052230896,11467.958984375,5.752256870269775,0,1.0107143193730694,1.0086751501693334,0.0020391692037360354
333.74148487325874,11455.244140625,5.749217987060547,0,1.0095937124137817,1.0086710618721224,0.0009226505416592978
333.7619174158608,11464.7001953125,5.751314640045166,0,1.0104271100471753,1.0086666090239496,0.00176050102322578
333.782350158639,11463.1650390625,5.752303123474121,0,1.0102918109580814,1.0086617917517413,0.0016300192063400942
333.8027828016493,11441.8427734375,5.7479448318481445,0,1.0084125995641424,1.0086566103344616,-0.00024401077031921403
333.82321534482617,11467.2607421875,5.751042366027832,0,1.0106527806652437,1.008651065004341,0.002001715660902681
333.84364808824466,11448.3330078125,5.748985290527344,0,1.0089846083084915,1.0086451559200742,0.00033945238841726066
333.86408073182974,11460.9755859375,5.751580238342285,0,1.0100988462266896,1.008638883424502,0.001459962802187631
333.8845132757124,11456.1064453125,5.751175880432129,0,1.0096697105662436,1.0086322477975609,0.001037462768682662
333.90494601971295,11453.2861328125,5.750938415527344,0,1.0094211458275013,1.008625249229763,0.000795896597738377
333.9253786639456,11462.4736328125,5.750385761260986,0,1.0102308747271156,1.0086178881275973,0.0016129865995182513
333.94581120840303,11450.2666015625,5.748362064361572,0,1.0091550231917013,1.0086101648186971,0.000544858373004109
333.96624385310133,11446.5380859375,5.751070976257324,0,1.0088264150987243,1.008602079565628,0.00022433553309619825
333.98667659790954,11458.232421875,5.751065254211426,0,1.0098570808696512,1.0085936327171519,0.0012634481524993468
334.0071092430153,11461.134765625,5.7508039474487305,0,1.0101128753307114,1.0085848247257223,0.0015280506049890619
334.0275417882949,11457.203125,5.7513747215271,0,1.0097663650681852,1.0085756559823578,0.0011907090858274127
334.0479745338089,11455.0966796875,5.750258445739746,0,1.0095807161272339,1.008566126751229,0.0010145893760049596
334.06840717948944,11455.919921875,5.750720024108887,0,1.0096532715547823,1.0085562375868793,0.0010970339679030605
334.08883972540934,11459.02734375,5.751205921173096,0,1.0099271403216374,1.0085459889275632,0.0013811513940742426
334.1092724715563,11458.7841796875,5.748037338256836,0,1.009905709359052,1.008535381068924,0.0013703282901280645
334.12970511788444,11442.0048828125,5.7492995262146,0,1.0084268868725328,1.0085244146285728,-9.752775603999453e-05
334.1501376643864,11459.8203125,5.750720500946045,0,1.009997027637378,1.0085130900919559,0.0014839375454220871
334.1705703111802,11450.947265625,5.748970985412598,0,1.009215012673316,1.0085014078440175,0.0007136048292983865
334.1910030580839,11461.1484375,5.751266002655029,0,1.010114080284431,1.0084893683911358,0.001624711893295272
334.21143560528435,11457.7138671875,5.750147819519043,0,1.009811378696427,1.0084769724397473,0.0013344062566795767
334.2318682526602,11462.365234375,5.751550674438477,0,1.0102213211654811,1.0084642203533132,0.0017571008121679554
334.2523010002624,11457.421875,5.751992225646973,0,1.0097856443276998,1.0084511126849451,0.001334531642754655
334.2727335480449,11459.2919921875,5.748715877532959,0,1.0099504647829252,1.0084376502036647,0.0015128145792604464
334.29316619606107,11454.9716796875,5.750154495239258,0,1.0095696994075114,1.0084238333038547,0.0011458661036567452
334.31359884424455,11467.5302734375,5.75136661529541,0,1.0106765354671456,1.008409662655572,0.0022668728115735615
334.3340315926689,11449.0546875,5.747939586639404,0,1.0090482126512652,1.0083951388073031,0.0006530738439620709
334.35446414132457,11445.455078125,5.749269008636475,0,1.0087309655505023,1.008380262610831,0.0003507029396714323
334.37489679020655,11451.724609375,5.749927520751953,0,1.009283522899091,1.0083650345017037,0.0009184883973873958
334.3953294392704,11456.82421875,5.750125885009766,0,1.009732970636526,1.008349455218684,0.001383515417841874
334.41576208856713,11461.4443359375,5.750369071960449,0,1.0101401589256496,1.0083335254438957,0.0018066334817539165
334.4361947380312,11452.3291015625,5.749368190765381,0,1.009336799067125,1.0083172458748988,0.0010195531922261303
334.45662738773535,11458.568359375,5.7506890296936035,0,1.009886688303906,1.0083006172244613,0.0015860710794446398
334.47706003760686,11458.7470703125,5.750185012817383,0,1.0099024387703843,1.0082836402207538,0.0016187985496305402
334.4974926877185,11470.7294921875,5.751418113708496,0,1.0109584946375472,1.0082663156070804,0.0026921790304668125
334.5179253380629,11448.0712890625,5.748785972595215,0,1.0089615420515723,1.0082486441420313,0.0007128979095409882
334.5383579886402,11449.7099609375,5.7492756843566895,0,1.0091059643616862,1.0082306265993781,0.0008753377623080816
334.55879053938406,11465.271484375,5.751866817474365,0,1.0104774598990327,1.00821226385882,0.0022651960402126914
334.5792231903688,11453.265625,5.749676704406738,0,1.0094193383969219,1.0081935565445934,0.001225781852328467
334.59965594152163,11454.6875,5.751043319702148,0,1.0095446535837669,1.0081745054708435,0.0013701481129233528
334.6200885929138,11458.6787109375,5.751204967498779,0,1.009896414001786,1.008155111658161,0.0017413023436250175
334.64052114453807,11454.5546875,5.7499518394470215,0,1.0095329483190616,1.0081353759607692,0.0013975723582924093
334.66095389633847,11453.95703125,5.751346588134766,0,1.0094802746278877,1.008115298950612,0.0013649756772757815
334.68138654836366,11461.6767578125,5.7506327629089355,0,1.0101606431388839,1.0080948817990174,0.0020657613398664676
334.7018191006282,11446.5419921875,5.7506327629089355,0,1.0088267593712155,1.0080741254049583,0.0007526339662571324
334.7222518530616,11439.1357421875,5.748449802398682,0,1.008174018727649,1.0080530303701227,0.00012098835752616388
334.74268450573436,11446.7158203125,5.749151229858398,0,1.0088420794970798,1.0080315979253576,0.0008104815717222547
334.7631170586392,11456.3076171875,5.751953601837158,0,1.009687440599547,1.0080098290140735,0.0016776115854735263
334.78354981172015,11457.708984375,5.749934673309326,0,1.0098109483558126,1.007987724267437,0.0018232240883755413
334.8039824650259,11455.025390625,5.748946666717529,0,1.009574433154267,1.0079652849753733,0.0016091481788937934
334.824415018571,11455.6787109375,5.749358177185059,0,1.0096320127284426,1.007942512125314,0.0016895006031285575
334.8448476722915,11444.46875,5.749838352203369,0,1.0086440367464409,1.0079194064915735,0.0007246302548673533
334.8652804262383,11447.7587890625,5.749459266662598,0,1.0089340002522658,1.007895969080938,0.0010380311713278356
334.88571308042447,11438.0263671875,5.749810695648193,0,1.0080762453401104,1.0078722011490489,0.0002040441910615698
334.9061456347845,11451.1953125,5.749655723571777,0,1.0092368739765156,1.0078481037415503,0.0013887702349653086
334.92657838937157,11435.279296875,5.749022006988525,0,1.007834135710581,1.0078236775573095,1.045815327138655e-05
334.947011044198,11450.515625,5.749757766723633,0,1.0091769705630236,1.007798924022073,0.0013780465409505283
334.9674435992565,11450.392578125,5.749674320220947,0,1.0091661259795466,1.007773844224526,0.0013922817550204858
334.9878763544839,11454.9482421875,5.750523567199707,0,1.0095676337725634,1.007748438892293,0.0018191948802703806
335.0083090098924,11448.7333984375,5.748520374298096,0,1.0090198962388532,1.0077227095083963,0.0012971867304569784
335.0287415655912,11447.353515625,5.748264789581299,0,1.00889828198129,1.0076966572040567,0.00120162477723329
335.0491742214581,11435.9541015625,5.748588562011719,0,1.0078936087834585,1.0076702828651696,0.00022332591828888582
335.06960697756585,11442.21875,5.748971939086914,0,1.0084457357914332,1.007643587641772,0.0008021481496611749
335.0900395339049,11441.53515625,5.748037338256836,0,1.00838548810545,1.0076165730970654,0.0007689150083844964
335.1104721904121,11453.4091796875,5.7490153312683105,0,1.0094319904109783,1.0075892400197246,0.0018427503912537002
335.13090494716016,11444.212890625,5.749420166015625,0,1.0086214868982586,1.0075615896018157,0.0010598972964428466
335.1513375041395,11436.2646484375,5.7484211921691895,0,1.0079209784465195,1.007533623462364,0.00038735498415554126
335.171770161287,11438.16796875,5.748107433319092,0,1.0080887252179214,1.007505342417717,0.0005833828002044239
335.1922029186753,11447.8232421875,5.74867582321167,0,1.0089396807483726,1.0074767477015,0.0014629330468725055
335.21263557628845,11454.6025390625,5.749152183532715,0,1.0095371656570804,1.0074478408456984,0.0020893248113820206
335.2330681341409,11439.7763671875,5.749563217163086,0,1.0082304794162276,1.007418623120606,0.000811856295621638
335.2535007921688,11437.37109375,5.7486090660095215,0,1.0080184936296894,1.0073890955196774,0.0006293981100120583
335.27393355043023,11442.189453125,5.749075889587402,0,1.0084431537477483,1.0073592593312122,0.001083894416536113
335.2943661089157,11467.20703125,5.756644248962402,0,1.010648046918488,1.007329116301973,0.0033189306165148924
335.31479876764206,11452.732421875,5.749072551727295,0,1.0093723452018548,1.0072986673114888,0.0020736778903660547
335.3352315265365,11445.677734375,5.749147415161133,0,1.0087505890825081,1.0072679136886544,0.0014826753938537163
335.35566408566956,11450.55078125,5.749403953552246,0,1.0091800690154455,1.0072368572337265,0.0019432117817190786
335.376096744978,11460.3203125,5.749398708343506,0,1.0100410945162686,1.0072054988529116,0.0028355956633570045
335.39652940457745,11454.96484375,5.748599052429199,0,1.0095690969306514,1.0071738400703723,0.0023952568602791935
335.41696206434426,11440.9501953125,5.748341083526611,0,1.0083339332998729,1.0071418822725402,0.0011920510273326634
335.4373947243512,11451.728515625,5.748105525970459,0,1.0092838671715825,1.007109626858636,0.0021742403129465515
335.45782728453196,11447.0107421875,5.749322414398193,0,1.0088680720701755,1.0070770754011638,0.001790996669011724
335.478260044998,11444.4736328125,5.747640132904053,0,1.008644467087055,1.0070442288451786,0.0016002382418762728
335.4986927056452,11448.388671875,5.747992038726807,0,1.008989514191493,1.007011089109193,0.0019784250823000615
335.5191252665245,11443.5029296875,5.748408317565918,0,1.0085589153729588,1.0069776576485088,0.001581257724450058
335.53955802757264,11443.1396484375,5.748991966247559,0,1.008526898031265,1.006943935434107,0.0015829625971579553
335.5599906888601,11440.5673828125,5.749422550201416,0,1.0083001945957224,1.0069099244354494,0.0013902701602730438
335.5804232504379,11451.4951171875,5.748593330383301,0,1.0092632968902253,1.0068756261459184,0.0023876707443069023
335.6008560121263,11439.390625,5.74849796295166,0,1.0081964825077083,1.0068410415619562,0.0013554409457521288
335.6212886741123,11440.798828125,5.749995708465576,0,1.0083205927408339,1.006806172703279,0.0015144200375547534
335.64172123633034,11455.4921875,5.750319004058838,0,1.0096155737169814,1.0067710211009635,0.0028445526160179035
335.66215399871726,11450.490234375,5.749387264251709,0,1.00917473279183,1.0067355877761275,0.0024391450157024153
335.6825866613435,11453.2333984375,5.750404357910156,0,1.0094164981488682,1.0066998747983413,0.0027166233505269144
335.70301922414365,11462.310546875,5.751170635223389,0,1.0102165013506026,1.0066638837355801,0.0035526176150224575
335.7234518872283,11442.521484375,5.749058723449707,0,1.0084724169095114,1.006627615811299,0.0018448010982123897
335.7438846504956,11447.236328125,5.748691082000732,0,1.0088879538065498,1.0065910726096907,0.002296881196859113
335.764317313995,11440.1904296875,5.74971866607666,0,1.0082669723003088,1.0065542560884746,0.0017127162118342198
335.78474987771915,11449.283203125,5.75021505355835,0,1.009068352592008,1.0065171678637526,0.002551184728255551
335.80518264162674,11443.5478515625,5.7509894371032715,0,1.008562874506609,1.0064798090130564,0.0020830654935526383
335.8256153057664,11438.416015625,5.749858856201172,0,1.0081105865211208,1.0064421817186555,0.0016684048024653286
335.84604787013086,11438.5869140625,5.749929904937744,0,1.0081256484426167,1.0064042876320816,0.0017213608105350886
335.86648063473694,11444.869140625,5.750762462615967,0,1.0086793246768024,1.0063661278542504,0.002313196822552044
335.8869132995751,11449.466796875,5.749434471130371,0,1.0090845333991008,1.0063277046144035,0.002756828784697296
335.90734586463805,11454.4365234375,5.751856803894043,0,1.0095225340761989,1.0062890195988514,0.0032335144773474322
335.92777852988365,11438.9228515625,5.750836372375488,0,1.0081552558768714,1.006250074122918,0.0019051817539534888
335.94821129536285,11438.13671875,5.7505903244018555,0,1.0080859710379906,1.0062108698880037,0.001875101149986902
335.9686438610661,11439.6650390625,5.750066757202148,0,1.0082206676502246,1.0061714091882537,0.0020492584619709042
335.989076526952,11438.8349609375,5.749727725982666,0,1.0081475097458164,1.0061316931741258,0.0020158165716905874
336.00950929312967,11433.8896484375,5.749471187591553,0,1.0077116607717893,1.006091723580721,0.0016199371910683436
336.0299418594732,11445.46875,5.749810218811035,0,1.0087321705042218,1.006051502747124,0.0026806677570978543
336.05037452605757,11431.5888671875,5.748656749725342,0,1.0075088842743942,1.0060110318456503,0.0014978524287438955
336.07080729287554,11439.87109375,5.748916149139404,0,1.0082388280241423,1.0059703126447601,0.002268515379382219
336.0912399599183,11433.326171875,5.750324726104736,0,1.0076619994649145,1.00592934732601,0.0017326521389045002
336.1116725271422,11428.1826171875,5.750248908996582,0,1.0072086786619523,1.0058881376868427,0.0013205409751095853
336.1321051945997,11442.130859375,5.748926162719727,0,1.0084379896603781,1.0058466851282308,0.002591304532147287
336.15253796228353,11440.900390625,5.750287055969238,0,1.0083295438256084,1.0058049914617246,0.002524552363883714
336.17297053020593,11438.3798828125,5.751245498657227,0,1.008107402000576,1.005763059126851,0.0023443428737250915
336.1934031983619,11442.2978515625,5.750579357147217,0,1.0084527073093827,1.0057208893458047,0.0027318179635780204
336.2138359667442,11430.3134765625,5.750795364379883,0,1.0073964793059742,1.0056784839616215,0.0017179953443526852
336.2342685353069,11440.1162109375,5.750948429107666,0,1.0082604311229735,1.005635845455524,0.002624585667449386
336.2547012041032,11432.0087890625,5.750337600708008,0,1.0075458935672126,1.005592975070099,0.0019529184971136537
336.2751339731258,11472.9423828125,5.764510631561279,0,1.011153525003887,1.0055498746791425,0.005603650324744525
336.29556654238695,11445.1494140625,5.750660419464111,0,1.0087040262280556,1.0055065468043503,0.003197479423705296
336.3159992118817,11437.8203125,5.75122594833374,0,1.0080580849661926,1.0054629927084524,0.002595092257740239
336.33643188154383,11430.083984375,5.749126434326172,0,1.0073762532971084,1.0054192145101952,0.0019570387869132233
336.35686455144605,11440.439453125,5.7500691413879395,0,1.0082889196716311,1.0053752141263435,0.0029137055452876925
336.3977298919999,11439.8955078125,5.751286029815674,0,1.0082409797272132,1.0052865545180318,0.0029544252091813217
336.4181625626006,11425.1298828125,5.750669956207275,0,1.0069396297099757,1.0052418991758287,0.0016977305341470128
336.43859523337596,11413.2587890625,5.749404430389404,0,1.005893385608816,1.0051970294122987,0.0006963561965172005
336.4590278044343,11442.7099609375,5.750946521759033,0,1.0084890280572183,1.0051519474130748,0.0033370806441435086
336.47946057567606,11438.90625,5.751401901245117,0,1.0081537927187831,1.0051066544889329,0.0030471382298502547
336.4998932472081,11432.99609375,5.750146865844727,0,1.007632908439397,1.0050611532863367,0.0025717551530601845
336.5203258189067,11424.615234375,5.750560760498047,0,1.0068942718092428,1.0050154458009746,0.001878826008268275
336.54075859084696,11428.2001953125,5.751785755157471,0,1.0072102278881632,1.0049695333614848,0.0022406945266784106
336.5611912630193,11416.431640625,5.750983238220215,0,1.006173020939901,1.004923418650856,0.0012496022890449154
336.5816238353582,11431.341796875,5.751772403717041,0,1.0074871090393176,1.0048771036914252,0.0026100053478923524
336.60205650799617,11429.1337890625,5.751704216003418,0,1.0072925090135918,1.0048305900575494,0.0024619189560424193
336.62248928080953,11432.8330078125,5.75153923034668,0,1.0076185350628837,1.0047838797833089,0.002834655279574827
336.6429219539059,11430.716796875,5.75178337097168,0,1.0074320254407043,1.0047369753709747,0.0026950500697295876
336.6633545271834,11427.4736328125,5.751705169677734,0,1.0071461932047754,1.0046898788774292,0.002456314327346165
336.7042199744319,11420.955078125,5.750754356384277,0,1.0065716884848641,1.004595116517828,0.001976571967036156
336.7246525484079,11426.544921875,5.750336170196533,0,1.007064342419961,1.0045474554967642,0.0025168869231968483
336.74508532256004,11417.1611328125,5.751358985900879,0,1.0062373138276572,1.0044996099946595,0.0017377038329977612
336.7655179969952,11427.0673828125,5.75159215927124,0,1.0071103888656767,1.0044515828074072,0.002658806058269514
336.78595057161147,11414.005859375,5.752066135406494,0,1.0059592277227833,1.0044033760408768,0.0015558516819065282
336.80638324651954,11426.134765625,5.7527055740356445,0,1.0070281938083712,1.0043549913337833,0.00267320247458791
336.82681602159573,11431.2705078125,5.752931594848633,0,1.0074808260663506,1.0043064308024554,0.00317439526389518
336.8472485969105,11426.04296875,5.7522454261779785,0,1.0070201034048247,1.0042576972873023,0.0027624061175224313
336.86768127245887,11426.0185546875,5.751440048217773,0,1.007017951701754,1.0042087922079905,0.002809159493763369
336.88811404823355,11428.1875,5.753159046173096,0,1.0072091090025663,1.0041597177034522,0.0030493912991140792
336.90854672424757,11429.2412109375,5.751708030700684,0,1.0073019765071034,1.004110476402839,0.0031915001042643887
336.92897930043546,11426.7548828125,5.75191593170166,0,1.0070828470663702,1.0040610704648831,0.0030217766014870584
336.94941207690863,11420.2783203125,5.753051280975342,0,1.0065120432757406,1.0040115013260735,0.00250054194966709
336.96984475356294,11426.447265625,5.7517852783203125,0,1.0070557356076777,1.0039617718837441,0.003093963723933557
336.9902773305075,11429.7451171875,5.752243995666504,0,1.0073463876584854,1.0039118843174824,0.0034345033410030368
337.0107100076202,11423.4970703125,5.752336025238037,0,1.0067957238085987,1.0038618403237107,0.002933883484887989
337.0311427849738,11423.9931640625,5.750960826873779,0,1.0068394464149981,1.0038116420912602,0.003027804323737948
337.05157536255865,11414.6044921875,5.751286029815674,0,1.00601198748208,1.0037612925563275,0.0022506949257525832
337.07200804036984,11418.265625,5.751832008361816,0,1.0063346568745817,1.0037107931854565,0.00262386368912515
337.0924408184219,11423.744140625,5.751099586486816,0,1.0068174990436756,1.0036601461876564,0.0031573528560191466
337.11287339670525,11418.6611328125,5.751763343811035,0,1.006369514464329,1.0036093545253153,0.0027601599390136844
337.13330607521493,11426.97265625,5.75277853012085,0,1.007102040257762,1.0035584196777965,0.0035436205799654896
337.1537388539655,11424.6845703125,5.7524895668029785,0,1.006900382645964,1.003507343873276,0.0033930387726879285
337.1741714328891,11432.1044921875,5.753891468048096,0,1.0075543282432502,1.0034561300993108,0.004098198143939413
337.1946041120973,11431.2646484375,5.7526421546936035,0,1.0074803096576137,1.0034047798472097,0.004075529810404044
337.21503679148736,11414.341796875,5.751649856567383,0,1.0059888351570379,1.0033532956160256,0.002635539541012255
337.23546947116847,11422.5478515625,5.751903533935547,0,1.006712065593205,1.0033016796598342,0.00341038593337073
337.2559021510169,11417.3076171875,5.751645088195801,0,1.0062502240460822,1.0032499342390673,0.003000289807014944
337.2763348311055,11412.03125,5.751507759094238,0,1.0057851979784147,1.0031980616193295,0.0025871363590852514
337.29676761142764,11419.9814453125,5.7522993087768555,0,1.0064858785663995,1.0031460638172105,0.003339814749188985
337.3172001919738,11422.376953125,5.751808166503906,0,1.0066970036717091,1.0030939438739166,0.0036030597977925183
337.3376328727609,11425.5,5.752077579498291,0,1.0069722495285296,1.00304170330725,0.0039305462212795295
337.35806555383897,11417.28515625,5.752135276794434,0,1.006248244479257,1.0029893446593372,0.0032588998199198915
337.3784982350262,11416.86328125,5.752440452575684,0,1.0062110630501933,1.0029368702232841,0.003274192826909106
337.39893091651174,11408.896484375,5.751672267913818,0,1.0055089193041202,1.0028842822963164,0.0026246370078037984
337.4193635982301,11421.1376953125,5.752807140350342,0,1.006587783223834,1.0028315831812822,0.0037562000425517272
337.43979628017405,11418.080078125,5.75171422958374,0,1.0063183039312433,1.002778775185749,0.003539528745494236
337.4602289623581,11412.7666015625,5.752033710479736,0,1.0058500072749081,1.0027258606219964,0.003124146652911719
337.4806615447742,11416.173828125,5.752339839935303,0,1.006150298955473,1.0026728420667592,0.0034774568887137036
337.5010943274174,11422.9921875,5.752479076385498,0,1.006751226589094,1.0026197210624037,0.004131505526690393
337.5215270101835,11410.7314453125,5.752439498901367,0,1.0056706413069239,1.002566500714408,0.003104140592515847
337.5419595932981,11417.5791015625,5.752656936645508,0,1.00627415098423,1.0025131833540029,0.003760967630227041
337.56239237663976,11425.0361328125,5.75242280960083,0,1.0069313671701838,1.0024597705326057,0.0044715966375781235
337.5828250602208,11420.2890625,5.752786159515381,0,1.006512990025092,1.0024062653725052,0.0041067246525867684
337.6032576440339,11427.66015625,5.753726959228516,0,1.0071626322162366,1.002352670217907,0.004809961998329504
337.6236904279576,11401.5283203125,5.750942230224609,0,1.0048595353173442,1.0022989866283691,0.0025605486889750395
337.64412311223714,11436.8671875,5.758920669555664,0,1.0079740824783074,1.0022452177414518,0.005728864736855632
337.6645556967487,11413.099609375,5.752659320831299,0,1.005879356504794,1.002191365913112,0.003687990591682011
337.6849883813702,11420.099609375,5.75255012512207,0,1.0064962928092622,1.0021374329745811,0.004358859834681095
337.70542116634897,11421.3310546875,5.753152847290039,0,1.0066048247121548,1.0020834212856138,0.00452140342654106
337.72585375155904,11420.4345703125,5.7527289390563965,0,1.006525814175394,1.002029334005135,0.004496480170259165
337.74628643699543,11412.158203125,5.7526021003723145,0,1.005796386834383,1.0019751727079242,0.0038212141264588606
337.7667192225563,11415.939453125,5.753063201904297,0,1.006129642605993,1.0019209397647633,0.00420870284122965
337.7871519084656,11408.3125,5.751984596252441,0,1.005457450566666,1.0018666380806114,0.0035908124860546398
337.8075844944833,11415.2890625,5.7528300285339355,0,1.0060723212361862,1.0018122700348255,0.004260051201360637
337.82801728085906,11416.2294921875,5.753548622131348,0,1.0061552048384745,1.0017578372086504,0.004397367629824123
337.8484499674669,11411.6337890625,5.752227783203125,0,1.0057501682524217,1.0017033427846074,0.004046825467814319
337.8688825542995,11414.2578125,5.7529683113098145,0,1.0059814332984742,1.001648789149771,0.0043326441487032685
337.88931524125655,11396.9873046875,5.752085208892822,0,1.0044593185461699,1.0015941781591804,0.0028651403869894843
337.9097480285636,11411.8671875,5.7522664070129395,0,1.0057707385337789,1.0015395122026807,0.004231226331098181
337.9301806159783,11411.05078125,5.7532525062561035,0,1.0056987855830903,1.001484794477594,0.004213991105496362
337.9506133037503,11409.4306640625,5.753262042999268,0,1.00555599856731,1.0014300265761944,0.004125971991115529
337.97104609175585,11411.306640625,5.752554893493652,0,1.0057213354312726,1.0013752108962368,0.0043461245350358
337.99147867986903,11401.640625,5.7528395652771,0,1.00486943315147,1.0013203506434354,0.003549082508034651
338.0119113683395,11406.591796875,5.752371788024902,0,1.005305798534234,1.0012654474141585,0.004040351120075503
338.03234415704355,11405.07421875,5.753269672393799,0,1.0051720486713513,1.0012105036121934,0.0039615450591579116
338.0527767458552,11401.8251953125,5.7524943351745605,0,1.0048857000266853,1.0011555224506943,0.003730177575991034
338.0732094350242,11410.3046875,5.752257823944092,0,1.0056330295372458,1.001100505529494,0.004532524007751837
338.09364222442673,11391.869140625,5.751547336578369,0,1.0040082355144013,1.0010454552574655,0.0029627802569358597
338.11407491393766,11398.8095703125,5.752016544342041,0,1.0046199216633767,1.0009903745842912,0.003629547079085471
338.13450750380434,11409.796875,5.7542619705200195,0,1.0055882741133724,1.0009352659215724,0.004653008191799923
338.1549401939046,11414.4033203125,5.753296375274658,0,1.0059942574487764,1.0008801311432824,0.005114126305493905
338.1753729842312,11409.1591796875,5.753386974334717,0,1.0055320716291625,1.000824972663284,0.004707098965878398
338.19580557468,11401.66015625,5.752864837646484,0,1.0048711545139266,1.0007697937071023,0.004101360806824328
338.21623826547875,11393.837890625,5.752058982849121,0,1.004181748850033,1.0007145958802606,0.0034671529697725134
338.23667105650384,11390.884765625,5.751762866973877,0,1.0039214788465856,1.0006593815998037,0.0032620972467818365
338.2571036477675,11402.265625,5.751922130584717,0,1.004924516750083,1.0006041540941522,0.004320362655930943
338.27753633926477,11406.23046875,5.752800941467285,0,1.0052739533287858,1.0005489149708184,0.004725038357967337
338.29796913098835,11401.76953125,5.75266695022583,0,1.004880794143684,1.000493666648448,0.004387127495235843
338.3184017228341,11387.22265625,5.751097202301025,0,1.0035987233859613,1.0004384123577137,0.003160311028247653
338.3388338151417,11404.068359375,5.75251579284668,0,1.005083398504833,1.000383155328613,0.004700243176219976
338.3592665075703,11396.779296875,5.751482963562012,0,1.0044409860360066,1.0003278950067394,0.0041130910292672684
338.37969930011604,11397.0458984375,5.751416206359863,0,1.00446448263354,1.0002726351639708,0.004191847469569243
338.400131993003,11398.0166015625,5.751624584197998,0,1.0045500343476361,1.0002173787602768,0.004332655587359291
338.42056458612933,11387.6806640625,5.751382827758789,0,1.00363908933557,1.0001621282153996,0.0034769611201703743
338.44099737949,11404.970703125,5.752858638763428,0,1.005162925450331,1.0001068851374826,0.005056040312848342
338.46143007307546,11396.8740234375,5.75184965133667,0,1.0044493346439214,1.000051652756647,0.004397681887274407
338.4818626670167,11374.2978515625,5.7503204345703125,0,1.0024596117802644,0.9999964334908492,0.0024631782894152243
338.50229546107585,11394.9921875,5.751535415649414,0,1.0042834813712218,0.9999412289480034,0.004342252423218396
338.5227281553598,11395.0849609375,5.752269268035889,0,1.004291657842891,0.9998860423557181,0.004405615487172998
338.5431607498831,11393.2783203125,5.750990390777588,0,1.0041324318156497,0.9998308761301526,0.0043015556854970605
338.56359344464,11406.5556640625,5.752956867218018,0,1.0053026140136891,0.9997757321469264,0.005526881866762756
338.5840262396232,11402.865234375,5.752737045288086,0,1.0049773625775027,0.9997206128210182,0.005256749756484491
338.6044588349614,11394.2158203125,5.751623153686523,0,1.0042150572135695,0.9996655213746829,0.00454953583888662
338.6248915304168,11392.5029296875,5.752256870269775,0,1.00406409372612,0.9996104594118017,0.004453634314318333
338.6453243262149,11398.2421875,5.751417636871338,0,1.0045699160840105,0.9995554293432412,0.0050144867407693194
338.6657569221352,11400.27734375,5.7517571449279785,0,1.0047492820519948,0.9995004343869255,0.005248847665069278
338.68618961828906,11401.744140625,5.752476215362549,0,1.0048785563724902,0.9994454761429333,0.005433080229556908
338.7066223147849,11385.328125,5.751395225524902,0,1.003431751227665,0.9993905572866917,0.004041193940973242
338.72705501140445,11393.9208984375,5.750674247741699,0,1.0041890646404739,0.9993356802235414,0.004853384416932505
338.7474877083732,11389.431640625,5.751649379730225,0,1.0037934094798098,0.9992808473558008,0.0045125621240089675
338.7679203055668,11330.0107421875,5.746955871582031,0,0.9985564224097809,0.9992260613528053,-0.0006696389430244087
338.7883531028856,11212.2333984375,5.736936092376709,0,0.9881762625236111,0.9991713238097338,-0.01099506128612271
338.80878580055287,11200.7919921875,5.7370123863220215,0,0.9871678883964979,0.9991166379268286,-0.011948749530330649
338.82921839844494,11238.5107421875,5.738963603973389,0,0.9904921835728057,0.9990620060982027,-0.008569822525397064
338.84965119657863,11348.3466796875,5.748372554779053,0,1.0001724374840961,0.9990074299142884,0.0011650075698077522
338.870083894828,11385.1123046875,5.75109338760376,0,1.0034127301725189,0.9989529125668813,0.004459817605637517
338.8905165934193,11387.80078125,5.750692844390869,0,1.0036496757146784,0.998898456175311,0.004751219539367413
338.91094929225073,11392.853515625,5.752649307250977,0,1.0040949921822173,0.9988440631243547,0.005250929057862619
338.931381991315,11383.6689453125,5.751473903656006,0,1.0032855214869714,0.9987897357957639,0.0044957856912074545
338.9518146906048,11386.7099609375,5.751375198364258,0,1.003553537621474,0.9987354765684117,0.004818061053062261
338.97224739025114,11384.591796875,5.7521562576293945,0,1.0033668558630489,0.9986812878178233,0.004685568045225574
338.9926800900139,11379.4462890625,5.752336025238037,0,1.002913362923841,0.9986271719174216,0.00428619100641936
339.0131127900022,11376.2626953125,5.75114631652832,0,1.0026327808434048,0.9985731312365138,0.00405964960689098
339.03354539022985,11383.7734375,5.751295566558838,0,1.0032947307761146,0.9985191684052742,0.004775562370840425
339.05397819080827,11368.771484375,5.750537395477295,0,1.0019725522731517,0.9984652849945915,0.003507267278560211
339.07441089149506,11407.1875,5.754464149475098,0,1.0053583000891624,0.9984114841562339,0.006946815932928452
339.0948434925376,11394.974609375,5.753308296203613,0,1.004281932145011,0.9983577682441258,0.0059241639008851266
339.1152762936981,11372.4716796875,5.751147270202637,0,1.0022986643905665,0.9983041388229401,0.003994525567626361
339.1357089951998,11379.48046875,5.751369953155518,0,1.00291637530814,0.9982505990284217,0.0046657762797183144
339.15614159694087,11375.44921875,5.751263618469238,0,1.0025610860970848,0.9981971512038803,0.004363934893204524
339.17657439879986,11381.572265625,5.751838684082031,0,1.0031007332272486,0.9981437969059297,0.004956936321318883
339.19700710100005,11368.1240234375,5.749393463134766,0,1.0019154891077133,0.9980905392542836,0.0038249498534297377
339.21743980344036,11374.875,5.751448631286621,0,1.002510478040859,0.9980373803198708,0.0044730977209881395
339.23787240611273,11372.35546875,5.7501630783081055,0,1.0022884222839494,0.9979843226898275,0.004304099594121924
339.2583052090122,11377.953125,5.75156831741333,0,1.002781764764029,0.9979313679091765,0.004850396854852446
339.278737912151,11369.455078125,5.750725269317627,0,1.0020327999591347,0.9978785190748916,0.004154280884243189
339.29917051552184,11370.75390625,5.750249862670898,0,1.002147270562503,0.9978257784995397,0.004321492062963284
339.3196033191198,11381.44921875,5.751540660858154,0,1.0030898886437716,0.9977731477189669,0.005316740924804719
339.36046862714284,11371.3115234375,5.750911712646484,0,1.0021964154606406,0.9976682270740793,0.004528188386561327
339.3809014315557,11365.0283203125,5.750568866729736,0,1.0016426531583322,0.9976159410338052,0.004026712124526988
339.40133413609146,11366.595703125,5.750494480133057,0,1.0017807924954794,0.9975637747487048,0.004217017746774521
339.4217667409757,11370.693359375,5.750350475311279,0,1.0021419343388873,0.9975117305006618,0.004630203838225544
339.4421994460863,11364.7041015625,5.749688625335693,0,1.0016140785415515,0.9974598100594533,0.004154268482098211
339.46263225132134,11377.966796875,5.7519941329956055,0,1.0027829697177486,0.997408015700642,0.005374954017106637
339.4830648569041,11355.90234375,5.749486923217773,0,1.0008383465504564,0.9973563504511164,0.003481996099340079
339.50349756271316,11370.7734375,5.751565456390381,0,1.0021489919249595,0.9973048158139672,0.004844176110992304
339.52393026876234,11369.3349609375,5.750675201416016,0,1.0020222135800263,0.9972534142989067,0.004768799281119618
339.54436297504435,11372.466796875,5.749556541442871,0,1.0022982340499522,0.997202148156697,0.0050960858932551645
339.56479568166833,11370.068359375,5.751152515411377,0,1.002086850740274,0.9971510196318824,0.004935831108391686
339.58522848841676,11363.443359375,5.749683856964111,0,1.001502964594974,0.9971000307145994,0.004402933880374604
339.6056610953965,11368.501953125,5.750450134277344,0,1.0019487974712498,0.9970491843848427,0.004899613086407073
339.62609380271897,11367.689453125,5.750542163848877,0,1.0018771887930524,0.9969984821211864,0.004878706671866073
339.6465266101659,11356.2001953125,5.749002933502197,0,1.0008645973279204,0.9969479261464337,0.003916671181486753
339.66695921796054,11365.138671875,5.749868869781494,0,1.0016523788562124,0.996897519414932,0.004754859441280401
339.6873919259815,11367.4326171875,5.7513604164123535,0,1.0018545528767473,0.9968472633929892,0.0050072894837580595
339.7078245342418,11352.724609375,5.750416278839111,0,1.0005582808787572,0.9967971607730544,0.003761120105702842
339.72825734262005,11363.6572265625,5.750323295593262,0,1.0015218135138744,0.9967472130148126,0.004774600499061754
339.7486900513395,11367.6474609375,5.750956058502197,0,1.0018734878637707,0.9966974230392887,0.005176064824482074
339.7691227604155,11352.7412109375,5.748932361602783,0,1.0005597440368454,0.9966477927817974,0.003911951255048063
339.7895554696079,11354.7978515625,5.750453948974609,0,1.000741003503532,0.9965983244161093,0.004142679087422718
339.8099881790258,11361.9560546875,5.750401020050049,0,1.001371882843899,0.996549020108057,0.004822862735842093
339.8304208888003,11354.755859375,5.749789714813232,0,1.0007373025742503,0.9964998820162402,0.00423742055801013
339.8508535986912,11356.2177734375,5.750151634216309,0,1.0008661465541315,0.9964509122928731,0.004415234261258449
339.871286308924,11354.0595703125,5.749794006347656,0,1.0006759360026702,0.9964021130816797,0.004273822920990544
339.8917190192806,11352.2998046875,5.750235080718994,0,1.0005208412453248,0.9963534865199792,0.004167354725345573
339.9121516299856,11349.4873046875,5.7497968673706055,0,1.0002729650515654,0.9963050349731725,0.003967930078392912
339.9325844409177,11349.8896484375,5.749686241149902,0,1.0003084251181726,0.9962567598530424,0.004051665265130233
339.95301715208916,11351.94140625,5.750288009643555,0,1.0004892542442452,0.9962086639834914,0.0042805902607537805
339.9734497634927,11355.59765625,5.750438690185547,0,1.0008114932961325,0.9961607494678939,0.0046507438282386016
339.9938825752397,11350.2978515625,5.750835418701172,0,1.0003444015935168,0.9961130177019003,0.00423138389161648
340.01431528710964,11347.8271484375,5.750410079956055,0,1.000126649242749,0.9960654714782341,0.004061177764514867
340.03474789932807,11397.9287109375,5.7685747146606445,0,1.004542288216581,0.9960181128755687,0.008524175341012352
340.05518071165716,11346.62109375,5.750761985778809,0,1.00002035511105,0.9959709432742311,0.00404941183681895
340.075613424342,11349.1201171875,5.749881267547607,0,1.00024060343738,0.995923965433041,0.004316638004339124
340.0960461372597,11349.0966796875,5.7502217292785645,0,1.000238537802432,0.9958771811780112,0.004361356624420942
340.11647875040944,11337.0068359375,5.749331951141357,0,0.9991730144417577,0.9958305927852413,0.0033424216565163256
340.13691156378627,11345.2783203125,5.74899959564209,0,0.9999020114421544,0.9957842016121623,0.004117809829992103
340.15734427740244,11337.8388671875,5.748419284820557,0,0.9992463444824115,0.9957380103726782,0.00350833410973328
340.1777768912434,11335.7744140625,5.74893045425415,0,0.9990643964707422,0.995692021086478,0.003372375384264159
340.198209705326,11335.705078125,5.748319625854492,0,0.999058285634021,0.9956462350935517,0.0034120505404693358
340.2186424197571,11339.08984375,5.749424457550049,0,0.9993565977477608,0.9956006550722535,0.0037559426755072733
340.23907503442024,11331.1904296875,5.748566627502441,0,0.9986603927021633,0.9955552830156492,0.003105109686514118
340.25950784919405,11343.6025390625,5.749008655548096,0,0.9997543185433727,0.9955101202461145,0.004244198297258195
340.2799405643236,11339.259765625,5.748188018798828,0,0.9993715736011337,0.9954651694053039,0.003906404195829771
340.300373179678,11352.9921875,5.749549388885498,0,1.0005818635444135,0.9954204324586746,0.0051614310857388546
340.320805995274,11333.9599609375,5.749087810516357,0,0.9989044818985182,0.995375910709856,0.003528571188662233
340.34123871121847,11338.71484375,5.74943733215332,0,0.9993235475885929,0.9953316067633774,0.003991940825215479
340.3616713272786,11334.50390625,5.748767852783203,0,0.9989524218429363,0.9952875225564992,0.0036648992864370955
340.38210404368147,11340.5234375,5.749151229858398,0,0.9994829457520799,0.9952436595875678,0.004239286164512079
340.402536760208,11316.125,5.746457099914551,0,0.9973326197712163,0.9952000199940021,0.00213259977721425
340.42296947707655,11336.767578125,5.748936653137207,0,0.9991519277516635,0.9951566056862106,0.003995322065452944
340.4434021941852,11329.099609375,5.747981071472168,0,0.9984761208511775,0.9951134185654217,0.0033627022857558586
340.4638350115274,11323.8369140625,5.74731969833374,0,0.9980122997372297,0.9950704603130338,0.0029418394241959023
340.48426762910094,11320.3115234375,5.747211456298828,0,0.9977015938138021,0.9950277334391171,0.0026738603746849776
340.5047003469008,11328.5771484375,5.7490034103393555,0,0.9984300744054618,0.9949852391855669,0.003444835219894915
340.5251331650579,11332.60546875,5.748167514801025,0,0.9987851054121486,0.9949429794162687,0.0038421259958798526
340.5455657833227,11331.544921875,5.747670650482178,0,0.9986916354307518,0.9949009566009235,0.003790678829828309
340.5659985019447,11327.423828125,5.74876594543457,0,0.9983284279523958,0.9948591719603704,0.0034692559920254107
340.5864311207988,11327.1572265625,5.747736930847168,0,0.9983049313548624,0.9948176277334978,0.0034873036213646236
340.60686393988,11324.779296875,5.748305797576904,0,0.9980953554757637,0.9947763251312524,0.003319030344511309
340.6272966592005,11330.958984375,5.747470378875732,0,0.9986399945570519,0.9947352665703425,0.0039047279867093776
340.64772937875387,11324.15234375,5.747274875640869,0,0.9980400997409048,0.9946944536459078,0.00334564609499699
340.6681620986492,11324.10546875,5.7475080490112305,0,0.9980359684710088,0.994653888144836,0.0033820803261728205
340.6885948186682,11330.083984375,5.747714042663574,0,0.9985628775189934,0.9946135718438297,0.003949305675163717
340.70902753903647,11315.06640625,5.746523857116699,0,0.9972393219260651,0.9945735065078015,0.0026658154182636062
340.7294602596303,11311.623046875,5.747707843780518,0,0.9969358457249554,0.9945336938913649,0.0024021518335904934
340.7498929804642,11318.1396484375,5.747096061706543,0,0.9975101783086211,0.9944941357377941,0.0030160425708269933
340.77032570153096,11318.654296875,5.747256278991699,0,0.9975555362093542,0.9944548337792641,0.0031007024300900854
340.7907583228225,11307.990234375,5.747479438781738,0,0.9966156723080162,0.9944157899271846,0.002199882380831575
340.8111911444721,11313.42578125,5.747167587280273,0,0.9970947274797055,0.9943770053195967,0.002717722160108793
340.83162386623735,11325.19140625,5.7489848136901855,0,0.9981316762235993,0.9943384822265973,0.0037931939970020645
340.8520564883511,11307.388671875,5.747067928314209,0,0.9965626543443509,0.9943002223307366,0.002262432013614313
340.8724893106919,11304.818359375,5.746191501617432,0,0.996336123045054,0.9942622267477575,0.0020738962972964847
340.89292203327204,11307.9462890625,5.746593952178955,0,0.9966117992424887,0.9942244977011779,0.002387301541310727
340.913354656077,11310.5732421875,5.747308731079102,0,0.9968433224929099,0.9941870368391706,0.00265628565373921
340.93378747912357,11313.1650390625,5.746879577636719,0,0.997071747290909,0.9941498452539995,0.0029219020369094517
340.9542202025186,11320.0029296875,5.748544216156006,0,0.9976743962869867,0.9941129251220399,0.003561471164946872
340.97465292613924,11312.6640625,5.746647357940674,0,0.9970275943438957,0.9940762778774851,0.0029513164664105584
340.9950855498828,11318.20703125,5.746959686279297,0,0.9975161170090966,0.9940399053025554,0.0034762117065412212
341.0155183739771,11318.384765625,5.7479987144470215,0,0.9975317814074522,0.9940038084575122,0.003527972949940006
341.0359510982962,11307.8076171875,5.747163772583008,0,0.9965995775690463,0.9939679894551867,0.002631588113859551
341.0563837229711,11321.51953125,5.7483015060424805,0,0.9978080600817466,0.9939324498596971,0.003875610222049519
341.0768165477639,11306.755859375,5.746257305145264,0,0.996506882200755,0.9938971907079152,0.0026096914928398496
341.0972492728979,11308.326171875,5.746538162231445,0,0.9966452797422707,0.9938622140631168,0.0027830656791538733
341.11768189827126,11303.873046875,5.7459588050842285,0,0.9962528091021515,0.9938275214528716,0.0024252876492799613
341.13811472387897,11302.6689453125,5.746148109436035,0,0.9961466871066983,0.9937931138890286,0.0023535732176697133
341.1585474497115,11309.6435546875,5.746423721313477,0,0.9967613856399726,0.9937589933855068,0.0030023922544658577
341.17898007578333,11311.8515625,5.746950149536133,0,0.9969559856656984,0.9937251614321201,0.0032308242335783444
341.19941290220595,11311.7607421875,5.747291088104248,0,0.996947981330275,0.9936916190155107,0.0032563623147642273
341.21984562873695,11313.0341796875,5.748052597045898,0,0.9970602141624494,0.9936583680994276,0.0034018460630217406
341.2402782556237,11304.5205078125,5.746406555175781,0,0.9963098722675899,0.993625410135165,0.002684462132424903
341.26071098274406,11306.17578125,5.747386932373047,0,0.9964557577357921,0.9935927462434793,0.002863011492312828
341.28114371008996,11299.115234375,5.746728420257568,0,0.9958334852077084,0.993560378016682,0.002273107191026469
341.3015764377924,11292.8876953125,5.745985984802246,0,0.9952846287884014,0.9935283068719025,0.001756321916498882
341.32200916561123,11312.7529296875,5.7469916343688965,0,0.9970354265430734,0.9934965342138433,0.0035388923292301033
341.3424419937728,11298.91796875,5.746505260467529,0,0.9958160994468961,0.9934650612801134,0.0023510381667827263
341.36287462217297,11308.9453125,5.7471699714660645,0,0.996699846932147,0.993433889908886,0.0032659570232609347
341.3833073508067,11306.56640625,5.746954917907715,0,0.9964901849849254,0.9934030210052173,0.0030871639797080963
341.4037401796668,11302.873046875,5.74757194519043,0,0.9961646753443704,0.9933724559252541,0.0027922194191162264
341.42417280876543,11288.9541015625,5.745343208312988,0,0.9949379463896294,0.9933421964538773,0.0015957499357520666
341.4446055382141,11292.638671875,5.746524333953857,0,0.995262681417079,0.9933122434694023,0.0019504379476766864
341.46503826777916,11294.3544921875,5.747102737426758,0,0.9954139031088968,0.9932825984325909,0.002131304676305845
341.4854709976862,11301.1474609375,5.74803352355957,0,0.9960125929713242,0.9932532626412091,0.002759330330115106
341.50590372794977,11310.3359375,5.747236728668213,0,0.9968224079390614,0.9932242373797932,0.0035981705592682545
341.5263364583225,11310.6474609375,5.747750759124756,0,0.9968498636702451,0.9931955239196494,0.003654339750595703
341.5467691889353,11285.1435546875,5.7453413009643555,0,0.9946021085743345,0.9931671235178932,0.0014349850564413513
341.56720191989734,11291.1298828125,5.745262622833252,0,0.9951297061673017,0.9931390374179696,0.0019906687493320696
341.58763465109223,11292.6494140625,5.745882034301758,0,0.9952636281664301,0.9931112668498728,0.002152361316557272
341.6080673825127,11297.9052734375,5.746335983276367,0,0.9957268468035181,0.9930838130296279,0.002643033773890191
341.6285001141732,11295.5205078125,5.745639324188232,0,0.9955166684475596,0.993056677159361,0.0024599912881986263
341.64893284617574,11290.95703125,5.746059417724609,0,0.9951144721095603,0.993029860427163,0.002084611682397264
341.6693656783027,11284.7451171875,5.7454657554626465,0,0.9945669927802185,0.9930033638786783,0.0015636289015402705
341.6897983107774,11288.8681640625,5.7451605796813965,0,0.9949303723948201,0.9929771890605129,0.0019531833343071625
341.7102310434857,11301.62109375,5.747451305389404,0,0.9960543360108983,0.9929513367322914,0.0031029992786069105
341.73066367641877,11279.373046875,5.74485445022583,0,0.9940935320365134,0.9929258082790815,0.0011677237574319044
341.7510965097099,11267.8017578125,5.745264530181885,0,0.9930737108490634,0.9929006044461273,0.00017310640293610735
341.7715292431094,11286.486328125,5.747074127197266,0,0.99472045224323,0.9928757267097928,0.0018447255334371748
341.7919619768654,11271.90234375,5.7444586753845215,0,0.9934351108968398,0.9928511760349764,0.0005839348618633666
341.8123947108543,11281.78515625,5.745854377746582,0,0.9943061202999113,0.9928269534968545,0.0014791668030568195
341.83282744507596,11301.591796875,5.749911308288574,0,0.9960517539672133,0.9928030601560832,0.0032486938111301322
341.8532601796396,11279.3095703125,5.744253635406494,0,0.9940879376085292,0.9927794970587798,0.0013084405497494345
341.87369291432697,11276.1982421875,5.744496822357178,0,0.9938137245691828,0.9927562652369771,0.0010574593322056902
341.8941256493563,11278.2568359375,5.7448601722717285,0,0.9939951561721151,0.9927333657077028,0.0012617904644123268
341.9145583846257,11273.626953125,5.74409818649292,0,0.9935871072017631,0.9927107994737991,0.0008763077279639875
341.9349910202436,11275.51171875,5.744998931884766,0,0.993753218678831,0.992688567631267,0.0010646510475640358
341.95542385597946,11266.265625,5.7439093589782715,0,0.9929383256918468,0.9926666708298931,0.00027165486195368516
341.9758565920565,11277.373046875,5.744907855987549,0,0.9939172645209511,0.99264511035221,0.0012721541687410465
341.9962892283729,11287.7802734375,5.745686054229736,0,0.994834492505984,0.9926238871374765,0.002210605368507479
342.0167220649164,11285.30078125,5.745797634124756,0,0.9946159655421106,0.992603001805906,0.0020129637362046315
342.0371548016992,11281.5654296875,5.745644569396973,0,0.9942867549722738,0.9925824555811383,0.0017042993911354776
342.0575874387141,11277.6083984375,5.745820045471191,0,0.9939380069385538,0.9925622493578777,0.0013757575806760958
342.07802027607977,11277.0986328125,5.745681285858154,0,0.993893079378435,0.9925423837266304,0.0013506956518045676
342.0984530136702,11276.6552734375,5.745628356933594,0,0.9938540044506687,0.9925228598515723,0.0013311445990964454
342.1188856515,11264.03515625,5.744329452514648,0,0.9927417460992959,0.9925036785825815,0.00023806751671440196
342.1393183895634,11268.052734375,5.745586395263672,0,0.9930958303566314,0.9924848405718255,0.0006109897848058932
342.15975122796954,11283.2744140625,5.745880126953125,0,0.9944373741872318,0.9924663466491358,0.0019710275380959708
342.18018386661424,11274.66796875,5.7459635734558105,0,0.9936788558207033,0.9924481978934229,0.0012306579272803875
342.20061660549254,11279.4931640625,5.7456464767456055,0,0.9941041184156219,0.9924303948303951,0.0016737235852267718
342.22104944459716,11268.8037109375,5.745241641998291,0,0.9931620167430901,0.9924129382447057,0.000749078498384459
342.24148208394035,11271.71484375,5.7453293800354,0,0.9934185858172557,0.9923958291544874,0.0010227566627682982
342.2619148236263,11272.7412109375,5.744880199432373,0,0.9935090434143534,0.9923790680550832,0.0011299753592701745
342.2823476635531,11269.6630859375,5.74556303024292,0,0.9932377566911833,0.992362655685635,0.0008751010055483288
342.3027803037112,11273.7763671875,5.745388031005859,0,0.9936002756245566,0.9923465930032229,0.0012536826213336294
342.3232130441029,11278.8369140625,5.7471208572387695,0,0.994046280637078,0.9923308804728002,0.0017154001642778471
342.3640785258103,11280.12890625,5.747664451599121,0,0.9941601487635863,0.9923005088429027,0.001859639920683609
342.38451126700966,11274.1787109375,5.7453694343566895,0,0.9936357356911638,0.992285851073442,0.001349884617721786
342.4049440084491,11276.46875,5.745382785797119,0,0.9938375654392075,0.9922715461952283,0.0015660192439792553
342.42537675012136,11275.4296875,5.745456695556641,0,0.9937459889565131,0.9922575948346543,0.0014883941218588603
342.44580949214287,11273.974609375,5.745003700256348,0,0.9936177474534917,0.9922439976025521,0.0013737498509396318
342.46624223438994,11274.185546875,5.744770050048828,0,0.9936363381680237,0.9922307550944087,0.0014055830736149355
342.4866749768771,11274.169921875,5.746060848236084,0,0.9936349610780584,0.992217867890084,0.0014170931879743387
342.50710771970626,11277.9091796875,5.745561122894287,0,0.9939645159203865,0.9922053365538286,0.0017591793665578948
342.5275404626591,11279.80859375,5.745988368988037,0,0.9941319184192969,0.9921931616345051,0.0019387567847918286
342.54797330596193,11277.1396484375,5.745815753936768,0,0.9938966942395939,0.9921813436081374,0.001715350631456558
342.5684059494961,11263.966796875,5.745551109313965,0,0.9927357213306975,0.9921698831631816,0.0005658381675159863
342.58883869337296,11261.16015625,5.745532512664795,0,0.992488361545675,0.9921587806305259,0.00032958091514911914
342.6092713373728,11267.8671875,5.745055198669434,0,0.9930794774132932,0.9921480366051236,0.0009314408081695369
342.6297041817161,11264.576171875,5.745128631591797,0,0.9927894278393454,0.9921376514022143,0.0006517764371311019
342.6501369262987,11268.86328125,5.745187282562256,0,0.9931672668985829,0.9921276256317209,0.001039641266862068
342.6705696711142,11265.5205078125,5.744272232055664,0,0.9928726557141251,0.9921179596809585,0.0007546960331665797
342.69100241627893,11275.8037109375,5.7456278800964355,0,0.9937789530475581,0.9921086539731362,0.0016702990744219548
342.7114351616692,11270.8759765625,5.7458977699279785,0,0.9933446532997421,0.9920997089157999,0.0012449443839421814
342.7318679072996,11267.1572265625,5.74541711807251,0,0.9930169058879934,0.9920911249006382,0.0009257809873551848
342.75230065315554,11275.6806640625,5.746191501617432,0,0.9937681084640813,0.9920829023035428,0.001685206160538466
342.7727333992516,11261.330078125,5.7451934814453125,0,0.9925033373990481,0.9920750414845678,0.00042829591448023674
342.7931661456969,11271.1611328125,5.745657920837402,0,0.9933697851916093,0.9920675427878933,0.001302242403716014
342.81359879237425,11260.357421875,5.744059085845947,0,0.9924176135487062,0.9920604065759657,0.00035720697274044255
342.8340316393951,11258.5390625,5.743858814239502,0,0.9922573547039909,0.9920536330591262,0.00020372164486470723
342.8544643865389,11258.3505859375,5.744556427001953,0,0.9922407435562841,0.992047222636169,0.00019352092011515332
342.87489703403116,11262.033203125,5.74501371383667,0,0.9925653064474879,0.9920411755824002,0.0005241308650876242
342.8953298817505,11266.904296875,5.745789527893066,0,0.9929946142441797,0.9920354920765422,0.0009591221676374939
342.9157626297092,11261.056640625,5.7462053298950195,0,0.9924792383246547,0.9920301724535859,0.0004490658710687434
342.9361952780164,11259.3779296875,5.7440690994262695,0,0.9923312872215045,0.9920252169411085,0.00030607028039608686
342.95662812655064,11266.3427734375,5.744733810424805,0,0.9929451250735506,0.9920206256860609,0.00092449938748973
342.97706087532424,11257.7099609375,5.745850086212158,0,0.9921842828677055,0.9920163989595766,0.00016788390812894072
342.9974935243299,11260.4921875,5.745094299316406,0,0.9924294909496572,0.992012536941395,0.00041695400826213813
343.01792637356266,11270.119140625,5.7460737228393555,0,0.9932779505045464,0.992009039746613,0.0012689107579333392
343.03835912315117,11266.6064453125,5.745923042297363,0,0.9929683634667156,0.9920059075823828,0.0009624558843327469
343.05879177297174,11261.00390625,5.745772838592529,0,0.9924745906460217,0.9920031405805287,0.0004714500654929843
343.07922452313505,11260.3740234375,5.744936466217041,0,0.9924190767067943,0.9920007388351277,0.0004183378716665631
343.0996573734228,11260.314453125,5.745546340942383,0,0.9924138265513015,0.9919987024567484,0.00041512409455313204
343.1200900240583,11265.310546875,5.745419502258301,0,0.9928541510677159,0.9919970315617646,0.0008571195059513537
343.1405227749201,11258.345703125,5.744542121887207,0,0.9922403132156699,0.9919957261961508,0.00024458701951901585
343.1609556261392,11258.91796875,5.745616912841797,0,0.9922907491356501,0.9919947864224405,0.00029596271320952994
343.18138827747316,11261.44921875,5.745180130004883,0,0.9925138377100337,0.9919942122929217,0.0005196254171119241
343.20182102914987,11265.3662109375,5.745145797729492,0,0.9928590569507174,0.9919940038216263,0.0008650531290911312
343.22225388118386,11255.36328125,5.745681285858154,0,0.9919774611685375,0.99199416102307,-1.669985453256473e-05
343.24268653333274,11255.4951171875,5.744872570037842,0,0.9919890803651199,0.991994683885388,-5.603520268127049e-06
343.26311928582436,11247.5888671875,5.743359088897705,0,0.9912922728426627,0.9919955723906959,-0.000703299548033165
343.2835520385561,11265.939453125,5.74491024017334,0,0.9929095789388205,0.991996826498435,0.000912752440385467
343.30398479152063,11261.171875,5.745140075683594,0,0.9924893943631491,0.9919984461537034,0.0004909482094457296
343.32441754482716,11248.14453125,5.744158744812012,0,0.9913412456045547,0.992000431285604,-0.0006591856810492791
343.36528315214673,11259.57421875,5.744915962219238,0,0.992348586914194,0.9920054976298195,0.00034308928437454256
343.38571580615826,11262.97265625,5.745357513427734,0,0.9926481039816534,0.9920085785919465,0.0006395253897069075
343.4061485605198,11262.6806640625,5.745616912841797,0,0.9926223696129263,0.9920120246012789,0.0006103450116473619
343.4265814151149,11283.982421875,5.746768951416016,0,0.9944997735762858,0.9920158355122786,0.002483938064007263
343.4470140699341,11271.333984375,5.746747970581055,0,0.9933850192493509,0.9920200110994556,0.0013650081498952638
343.4674468251105,11270.88671875,5.745817184448242,0,0.9933456000490932,0.9920245512386434,0.0013210488104498097
343.4878796803969,11251.1259765625,5.742931842803955,0,0.9916040115835644,0.9920294557363483,-0.0004254441527838937
343.5083123360382,11267.33203125,5.745335102081299,0,0.9930323120819806,0.9920347243032037,0.0009975877787768983
343.52874509202957,11273.1396484375,5.745662689208984,0,0.9935441592084694,0.9920403567832105,0.0015038024252589377
343.54917784825375,11257.03515625,5.74514102935791,0,0.9921248097948278,0.9920463529048249,7.845689000285372e-05
343.56961060458707,11265.6298828125,5.745447158813477,0,0.9928822953438824,0.9920527124054638,0.000829582938418616
343.5900433613933,11262.1162109375,5.744387626647949,0,0.9925726222379287,0.9920594350067884,0.0005131872311403551
343.610476118316,11263.607421875,5.744858264923096,0,0.9927040482614949,0.9920665204143303,0.0006375278471646428
343.63090887558064,11261.49609375,5.745031833648682,0,0.9925179689799296,0.9920739683179267,0.0004440006620028969
343.6513416330854,11272.2685546875,5.746160984039307,0,0.9934673864429022,0.9920817783914299,0.0013856080514723645
343.671774390823,11270.1455078125,5.746204853057861,0,0.9932802743438629,0.9920899502928648,0.0011903240509980595
343.6922072489033,11267.80859375,5.745954513549805,0,0.9930743133259231,0.9920984837071097,0.000975829618813373
343.7126399072222,11277.4775390625,5.746555328369141,0,0.9939264738100942,0.992107378132539,0.001819095677555227
343.73307266577467,11255.525390625,5.74544095993042,0,0.9919917484769277,0.9921166333076364,-0.0001248848307087158
343.75350532466837,11265.2451171875,5.746330738067627,0,0.9928483845034861,0.9921262487366166,0.000722135766869525
343.7739381838037,11266.4990234375,5.746533393859863,0,0.9929588959732039,0.9921362241422291,0.0008226718309747305
343.7943709431711,11261.662109375,5.745979309082031,0,0.9925326005608113,0.9921465589438642,0.00038604161694710815
343.8148036027633,11265.0654296875,5.7461256980896,0,0.9928325479688849,0.9921572526837195,0.0006752952851654115
343.8352364627135,11269.7763671875,5.746621131896973,0,0.993247740593432,0.9921683050532666,0.0010794355401654299
343.8556692228958,11263.65625,5.746392726898193,0,0.9927083516676366,0.9921797154088554,0.0005286362587811899
343.8761018833029,11264.1787109375,5.74617338180542,0,0.9927543981133523,0.9921914832456079,0.0005629148677444018
343.89653474406805,11268.0458984375,5.746525287628174,0,0.9930952278797716,0.99220360822373,0.0008916196560415646
343.91696750506526,11252.24609375,5.745993614196777,0,0.991702731720454,0.9922160896368383,-0.0005133579163842938
343.93740016628726,11266.9560546875,5.746700763702393,0,0.9929991758546898,0.9922289269331784,0.0007702489215113406
343.95783292786655,11268.22265625,5.746792316436768,0,0.9931108062100044,0.9922421196763882,0.0008686865336161587
343.9782657896794,11258.734375,5.746849536895752,0,0.9922745683285575,0.9922556672939372,1.890103462032222e-05
343.99869845171634,11271.357421875,5.746199607849121,0,0.9933870848842988,0.9922695689911045,0.0011175158931943097
344.0191312139941,11257.755859375,5.746178150177002,0,0.9921883280694787,0.9922838243606992,-9.549629122052039e-05
344.0395640766219,11273.6298828125,5.74738883972168,0,0.9935873654061316,0.9922984327837904,0.001288932622341199
344.0599967394737,11276.5068359375,5.746898174285889,0,0.9938409220959981,0.992313393403565,0.001527528692433111
344.0804295026828,11275.060546875,5.746462345123291,0,0.9937134552060821,0.9923287057821144,0.0013847494239677127
344.1008623660018,11266.87890625,5.746612548828125,0,0.992992376472986,0.9923443692539305,0.0006480072190554464
344.1212950296758,11271.169921875,5.746707916259766,0,0.9933705598047149,0.9923603829008018,0.0010101769039131403
344.14172779369983,11259.76953125,5.746429443359375,0,0.9923658005387607,0.9923767462540867,-1.0945715326005079e-05
344.162160657841,11279.767578125,5.748904705047607,0,0.994128303558138,0.9923934586022259,0.0017348449559120294
344.18259332232265,11267.7958984375,5.746280193328857,0,0.9930731944403264,0.9924105189656903,0.0006626754746360541
344.20302608704515,11265.599609375,5.74631404876709,0,0.9928796272320746,0.9924279268453069,0.00045170038676767277
344.2234588521169,11290.908203125,5.74823522567749,0,0.9951101687034186,0.9924456813962882,0.0026644873071304254
344.24389171741495,11272.4521484375,5.746380805969238,0,0.9934835672499948,0.9924637819305424,0.0010197853194523487
344.2643243829516,11273.37890625,5.747194290161133,0,0.9935652458985634,0.9924822273872241,0.0010830185113392954
344.28475714883825,11273.2041015625,5.74682092666626,0,0.9935498397045763,0.992501017227053,0.001048822477523359
344.3051900149512,11267.98828125,5.74695348739624,0,0.9930901498605245,0.9925201506322151,0.0005699992283093591
344.3256226813028,11272.5703125,5.746764659881592,0,0.9934939814928576,0.9925396264814924,0.0009543550113652044
344.3460554478879,11280.7548828125,5.747719764709473,0,0.9942153184303223,0.9925594442055239,0.0016558742247984037
344.3664883148158,11270.3701171875,5.746639728546143,0,0.9933000700121145,0.9925796029416695,0.0007204670704450411
344.38692098198226,11280.958984375,5.747379779815674,0,0.9942333066679944,0.9926001015086677,0.001633205159326634
344.4073537494987,11274.55859375,5.747073650360107,0,0.993669216190946,0.9926209393075293,0.0010482768834166878
344.42778651724075,11274.423828125,5.747760772705078,0,0.993657338789995,0.9926421153262116,0.0010152234637833546
344.4482192852229,11263.9736328125,5.74687385559082,0,0.9927363238075574,0.9926636286374927,7.269517006469606e-05
344.46865205343784,11271.48828125,5.746903896331787,0,0.9933986180127585,0.9926854782993584,0.000713139713400146
344.48908482199477,11271.6044921875,5.74760627746582,0,0.9934088601193757,0.9927076633551933,0.0007011967641823436
344.50951769079256,11277.85546875,5.747559547424316,0,0.9939597821736307,0.9927301829444994,0.0012295992291312396
344.5299503599381,11280.193359375,5.748047351837158,0,0.9941658292596932,0.992753035748245,0.0014127935114481849
344.5503831293099,11277.96875,5.747680187225342,0,0.9939697660758793,0.9927762210987199,0.0011935449771593998
344.5708159989226,11268.669921875,5.7477498054504395,0,0.993150225410262,0.9927997379855925,0.0003504874246694767
344.59124866876664,11281.830078125,5.748371124267578,0,0.9943100794335615,0.99282358503141,0.0014864944021515392
344.6116814389534,11270.0,5.747845649719238,0,0.9932674501935608,0.9928477615398125,0.0004196886537483069
344.63211420938023,11275.4384765625,5.747686386108398,0,0.9937467635696186,0.9928722663361563,0.0008744972334622236
344.65254698015633,11285.228515625,5.748868942260742,0,0.994609596501021,0.9928970983475781,0.0017124981534428763
344.67297975104157,11275.791015625,5.747830867767334,0,0.9937778341619613,0.9929222564864603,0.0008555776755010402
344.693412422399,11271.73828125,5.747522354125977,0,0.9934206514522038,0.9929477395261365,0.0004729119260673542
344.71384529387433,11274.9921875,5.748216152191162,0,0.9937074304374839,0.9929735467268616,0.0007338837106223295
344.7342780656909,11270.0302734375,5.7476606369018555,0,0.9932701183053686,0.9929996765823642,0.00027044172300438873
344.7547107377468,11286.1982421875,5.7490057945251465,0,0.9946950621469943,0.9930261279436308,0.001668934203363559
344.77514361015346,11278.8193359375,5.748590469360352,0,0.994044731410867,0.9930529000432936,0.0009918313675734147
344.7955763826685,11281.310546875,5.748798847198486,0,0.9942642911922144,0.9930799913180388,0.001184299874175565
344.81600905565574,11284.021484375,5.747917652130127,0,0.9945032163011992,0.9931074005774182,0.001395815723781002
344.8364419287609,11286.2734375,5.748533248901367,0,0.9947016893924524,0.9931351270255382,0.0015665623669142148
344.8568747022073,11285.1650390625,5.7492804527282715,0,0.9946040020730368,0.9931631690438785,0.0014408330291583171
344.877307375893,11285.6689453125,5.748652935028076,0,0.9946484132244187,0.993191525399791,0.0014568878246276062
344.8977401499287,11286.1953125,5.748204708099365,0,0.9946948039426258,0.9932201951293407,0.0014746088132850943
344.91817302419076,11310.2373046875,5.749809741973877,0,0.9968137150586552,0.9932491769815753,0.003564538077079904
344.9386056986914,11287.47265625,5.748404502868652,0,0.9948073810472916,0.9932784692596784,0.001528911787613163
344.959038473542,11279.9892578125,5.748134613037109,0,0.9941478410220211,0.9933080711089769,0.0008397699130442415
344.979471348619,11289.888671875,5.748539924621582,0,0.9950203135831808,0.9933379812376409,0.0016823323455398276
344.9999040239345,11279.6875,5.74821138381958,0,0.9941212459720656,0.9933681978946065,0.0007530480774591286
345.02033679960005,11286.6181640625,5.74893856048584,0,0.9947320714398126,0.9933987201983298,0.0013333512414828164
345.0407696754919,11292.412109375,5.749502182006836,0,0.9952427136125817,0.9934295468166124,0.0018131667959692122
345.06120235173876,11283.5009765625,5.748685836791992,0,0.9944573419917291,0.9934606759450113,0.0009966660467177757
345.0816351281028,11282.1083984375,5.748720169067383,0,0.9943346088485691,0.9934921066749239,0.000842502173645121
345.1020679049252,11283.7958984375,5.748936176300049,0,0.9944833345648247,0.9935238374789983,0.0009594970858264329
345.1225007818721,11294.4931640625,5.7490363121032715,0,0.995426124782339,0.9935558671247929,0.001870257657546115
345.14293345916667,11289.423828125,5.749305725097656,0,0.9949793451567122,0.9935881937377179,0.001391151418994263
345.1633662366876,11293.7041015625,5.748571872711182,0,0.9953565817390899,0.9936208163745298,0.0017357653645601046
345.1837991145658,11299.7099609375,5.7494964599609375,0,0.9958859006945138,0.993653733611313,0.002232167083200731
345.2042317926753,11292.1572265625,5.749338626861572,0,0.9952202498325222,0.9936869435210609,0.0015333063114613132
345.2246645710111,11302.71875,5.749444484710693,0,0.9961510765809628,0.9937204451350342,0.0024306314459285883
345.2450974497042,11289.7294921875,5.748833656311035,0,0.995006284479159,0.9937542369907703,0.0012520474883886967
345.2655301286286,11295.9775390625,5.749357223510742,0,0.9955569483290455,0.99378831711015,0.0017686312188954778
345.2859629077793,11299.2392578125,5.7493577003479,0,0.9958444158593083,0.9938226844991387,0.0020217313601695874
345.30639578728733,11295.8935546875,5.749541759490967,0,0.9955495464704819,0.9938573376573027,0.001692208813179219
345.3472612471087,11306.537109375,5.749867916107178,0,0.9964876029412404,0.993927494177064,0.0025601087641763387
345.36769402743084,11297.763671875,5.749660491943359,0,0.9957143669257074,0.9939629948072797,0.0017513721184276854
345.3881269079866,11304.8642578125,5.749927997589111,0,0.9963401682468271,0.993998775068136,0.002341393178691087
345.4085595888828,11303.564453125,5.749590873718262,0,0.9962256115753363,0.9940348328657255,0.002190778709610819
345.42899237001984,11305.6484375,5.750600337982178,0,0.9964092809494622,0.9940711671483645,0.0023381138010977187
345.4494252513905,11311.42578125,5.750401496887207,0,0.9969184599641432,0.994107776329099,0.00281068363504422
345.4698579331016,11323.4072265625,5.750344276428223,0,0.9979744297631832,0.9941446582655933,0.0038297714975898955
345.49029071505356,11299.29296875,5.749627590179443,0,0.9958491496060641,0.9941818118822079,0.0016673377238561882
345.51072349723836,11309.3623046875,5.750519275665283,0,0.9967365980205967,0.9942192353722269,0.0025173626483697698
345.5311562797651,11305.2783203125,5.750149250030518,0,0.9963766611309085,0.9942569270971713,0.0021197340337372195
345.5515890626484,11320.36328125,5.750626564025879,0,0.9977061554243122,0.9942948854066459,0.003411270017666279
345.5720218456481,11313.7119140625,5.749959945678711,0,0.9971199454396956,0.9943331086381052,0.00278683680159042
345.5924546289898,11310.517578125,5.74949312210083,0,0.9968384166099084,0.9943715951182709,0.002466821491637461
345.612887412688,11329.6142578125,5.751481533050537,0,0.9985214787519107,0.9944103431619474,0.004111135589963233
345.63332009661826,11302.3232421875,5.7497124671936035,0,0.9961162189912153,0.9944493508806788,0.0016668681105365124
345.6537529807756,11307.96875,5.749771595001221,0,0.9966137788093138,0.9944886171410202,0.0021251616682935737
345.6741857651723,11308.736328125,5.749291896820068,0,0.9966814283538606,0.9945281396490067,0.002153288704853984
345.69461844991747,11319.166015625,5.750800609588623,0,0.9976006359057188,0.9945679166705059,0.0030327192352128662
345.71505133500614,11327.1396484375,5.751423358917236,0,0.9983033821286514,0.9946079470496478,0.003695435079003606
345.73548412033415,11324.4619140625,5.750429630279541,0,0.9980673833358429,0.9946482284475257,0.003419154888317233
345.75591680589423,11303.705078125,5.749424457550049,0,0.9962380053850243,0.9946887590966261,0.0015492462883981428
345.7763496916814,11317.376953125,5.750316143035889,0,0.9974429591046884,0.994729537819101,0.0027134212855873807
345.7967824778243,11323.2451171875,5.75067138671875,0,0.9979601424547928,0.9947705622327092,0.003189580222083599
345.8172151643157,11322.0390625,5.7505950927734375,0,0.9978538483230939,0.9948118305374843,0.00304201778560953
345.837647950917,11323.8046875,5.750065803527832,0,0.9980094594891762,0.9948533413298493,0.003156118159326926
345.8580808378756,11323.2880859375,5.750259876251221,0,0.9979639294521975,0.9948950927961934,0.0030688366560041036
345.8785135251819,11321.419921875,5.749678134918213,0,0.9977992811332177,0.9949370824935551,0.0028621986396626387
345.89894631271454,11319.6728515625,5.750298023223877,0,0.9976453052614691,0.9949793091978111,0.002665996063658027
345.91937920048804,11335.99609375,5.750688552856445,0,0.9990839339346254,0.99502177106345,0.004062162871175334
345.93981198861,11329.8193359375,5.750039577484131,0,0.9985395530577056,0.9950644658157738,0.0034750872419317957
345.9602446769568,11334.697265625,5.750385284423828,0,0.9989694633312572,0.9951073915816171,0.00386207174964015
345.9806775655452,11326.8134765625,5.749556064605713,0,0.9982746353756252,0.9951505471133304,0.003124088262294822
346.0011103544821,11344.1689453125,5.750978469848633,0,0.999804238054616,0.9951939298895339,0.004610308165082122
346.02154304364376,11331.09375,5.749703407287598,0,0.9986518719580029,0.9952375380070141,0.0034143339509887793
346.0419758331627,11330.623046875,5.749938011169434,0,0.9986103871227973,0.995281369983406,0.003329017139391266
346.0624087229153,11336.087890625,5.751180171966553,0,0.9990920243381717,0.9953254239024185,0.0037666004357531646
346.0828414130083,11339.0927734375,5.750937461853027,0,0.9993568559521293,0.9953696971868504,0.0039871587652788865
346.10327420334215,11334.181640625,5.750460147857666,0,0.9989240193624013,0.9954141885462847,0.003509830816116555
346.1237070939096,11341.9990234375,5.751339435577393,0,0.9996129946856808,0.995458896035719,0.004154098649961746
346.1441397848175,11351.115234375,5.750818252563477,0,1.0004164406123282,0.9955038170397843,0.0049126235725438505
346.1645725759663,11331.3046875,5.7503437995910645,0,0.9986704626725349,0.9955489502492503,0.0031215124232846225
346.1850054673487,11334.5537109375,5.749805450439453,0,0.9989568113172007,0.9955942936909228,0.0033625176262779277
346.2054381590715,11342.9169921875,5.749894142150879,0,0.9996938987211439,0.9956398447122949,0.004054054008848951
346.2258709511516,11342.638671875,5.750479698181152,0,0.9996693693061365,0.9956856019861006,0.003983767320035914
346.24630384334887,11329.90625,5.750150680541992,0,0.9985472131206378,0.9957315635112098,0.002815649609427928
346.26673663600377,11372.234375,5.752265453338623,0,1.002277749836718,0.9957777268259673,0.0065000230107505885
346.2871693287816,11340.01953125,5.75001335144043,0,0.9994385346006979,0.995824089905285,0.003614444695412833
346.30760212190944,11350.8642578125,5.751077175140381,0,1.0003943211047601,0.9958706511733592,0.004523669931400964
346.32803501538,11352.830078125,5.751790523529053,0,1.0005675762360233,0.9959174085942598,0.004650167641763514
346.34846770908916,11351.2490234375,5.751357555389404,0,1.0004282319451563,0.9959643594324323,0.004463872512723954
346.3689005030319,11357.369140625,5.751443386077881,0,1.0009676208709517,0.9960115023199186,0.004956118551033062
346.3893332973166,11369.078125,5.752695560455322,0,1.0019995776637212,0.9960588349633839,0.005940742700337287
346.40976609184145,11358.2294921875,5.752591609954834,0,1.0010434468871678,0.9961063552900078,0.004937091597160048
346.4301988865991,11359.564453125,5.75247049331665,0,1.0011611020110807,0.9961540612189695,0.005007040792111117
346.4506316816987,11357.1748046875,5.752493381500244,0,1.000950493314508,0.9962019506615944,0.004748542652913468
346.47106447703845,11354.927734375,5.752699851989746,0,1.0007524505638687,0.9962500215206779,0.00450242904319087
346.49149727272743,11355.8427734375,5.752358913421631,0,1.0008330963949634,0.9962982716915675,0.0045348247033959455
346.5119299686485,11366.880859375,5.752996444702148,0,1.0018059243873467,0.9963466988237871,0.0054592255635596
346.532362864913,11360.4306640625,5.752118110656738,0,1.0012374444360337,0.9963953015093946,0.0048421429266390925
346.5527956614169,11369.6484375,5.752756118774414,0,1.002049841447456,0.9964440769076408,0.005605764539815095
346.573228358262,11361.5849609375,5.752829551696777,0,1.0013391769572224,0.9964930228804847,0.004846154076737719
346.5936612553487,11369.298828125,5.7534403800964355,0,1.0020190290594815,0.9965421380043334,0.0054768910551480365
346.6140940526675,11366.9609375,5.753035068511963,0,1.001812981973419,0.9965914194086513,0.00522156256476769
346.63452675033477,11365.8369140625,5.753208637237549,0,1.001713917564038,0.996640864933372,0.005073052630665931
346.6549596482291,11364.8388671875,5.753035068511963,0,1.0016259559425025,0.9966904731402598,0.004935482802242652
346.67539244647924,11386.080078125,5.754161834716797,0,1.0034980236822464,0.9967402411302372,0.006757782552009206
346.69582514495414,11377.9990234375,5.752872467041016,0,1.002785809965802,0.9967901667214267,0.005995643244375293
346.7162579436699,11367.580078125,5.753513813018799,0,1.0018675491632951,0.9968402482164225,0.005027300946872648
346.7366908427357,11383.7392578125,5.754723072052002,0,1.0032917183918153,0.9968904834248086,0.00640123496700673
346.7571235421492,11373.0146484375,5.754072666168213,0,1.0023465182668616,0.9969408694082285,0.00540564885863315
346.7775563416726,11375.521484375,5.7533955574035645,0,1.0025674551381745,0.9969914046984772,0.005576050439697222
346.7979892416697,11363.306640625,5.75334358215332,0,1.0014909150577773,0.9970420870858031,0.004448827971974212
346.8184220417752,11377.6826171875,5.753814220428467,0,1.002757923894004,0.9970929138539506,0.005665010040053486
346.83885474223644,11390.7958984375,5.755075454711914,0,1.0039136466474077,0.9971438827758395,0.006769763871568135
346.87972044408525,11387.3828125,5.754581928253174,0,1.003612838558106,0.9972462396458189,0.00636659891228708
346.9001531454778,11378.150390625,5.754049301147461,0,1.0027991505248413,0.9972976223605741,0.005501528164267189
346.92058604710473,11391.1884765625,5.754770755767822,0,1.0039482460327867,0.9973491390184352,0.006599107014351402
346.94101884895645,11385.0576171875,5.7553277015686035,0,1.00340791035764,0.9974007866081875,0.006007123749452559
346.9614515511639,11387.2705078125,5.754175662994385,0,1.0036029407239802,0.9974525628667221,0.006150377857258027
346.981884353605,11380.322265625,5.7538347244262695,0,1.0029905660300222,0.9975044660333612,0.0054860999966610535
347.0023172563888,11391.8251953125,5.754593849182129,0,1.004004362448874,0.9975564938375028,0.006447868611371144
347.02274995941116,11393.9697265625,5.755456924438477,0,1.0041933680466155,0.9976086432359293,0.006584724810686171
347.04318276266713,11391.1767578125,5.755425453186035,0,1.0039472132153127,0.9976609127098961,0.006286300505416564
347.06361566626583,11384.0009765625,5.753876686096191,0,1.0033147846487347,0.9977132999726629,0.0056014846760717996
347.08404837021953,11399.1328125,5.756579399108887,0,1.0046484102120343,0.9977658019603417,0.0068826082516926235
347.1044811744068,11386.4638671875,5.754082679748535,0,1.00353184845452,0.9978184171436774,0.005713431310842565
347.12491407882044,11393.3349609375,5.7556281089782715,0,1.004137423766774,0.9978711432203914,0.006266280546382563
347.1453468835898,11394.2646484375,5.755031585693359,0,1.0042193606197112,0.9979239773659734,0.006295383253737796
347.16577958859125,11391.171875,5.754679203033447,0,1.0039467828746986,0.9979769172650416,0.005969865609657066
347.1862123939354,11403.888671875,5.755625247955322,0,1.0050675619702318,0.9980299611179492,0.007037600852282666
347.20664529952046,11400.89453125,5.757055282592773,0,1.0048036771056255,0.9980831066032655,0.006720570502359968
347.2270780054532,11418.0546875,5.758800506591797,0,1.0063160661600496,0.9981363506131328,0.008179715546916877
347.2475108116196,11402.0556640625,5.754886150360107,0,1.0049060121036741,0.9981896915968311,0.00671632050684301
347.2679436181279,11404.7978515625,5.757148742675781,0,1.0051476913925896,0.998243126958619,0.006904564433970584
347.28837642487633,11402.91015625,5.756144046783447,0,1.004981321711153,0.9982966543584145,0.006684667352738427
347.3088092318503,11414.2880859375,5.756773948669434,0,1.0059841014102822,0.9983502714523329,0.007633829957949256
347.3292420391808,11407.6552734375,5.755797386169434,0,1.0053995267199993,0.9984039758929445,0.0069955508270548306
347.3496748468606,11404.2705078125,5.754976272583008,0,1.0051012146062597,0.9984577653286324,0.006643449277627278
347.3701076547659,11402.203125,5.75525426864624,0,1.0049190083902217,0.9985116374037507,0.006407370986471039
347.3905404629113,11408.7666015625,5.7565460205078125,0,1.0054974722437835,0.9985655897593978,0.0069318824843856985
347.41097327140596,11415.447265625,5.757723808288574,0,1.0060862642720851,0.9986196200334078,0.007466644238677378
347.4314060801262,11417.6630859375,5.758358955383301,0,1.0062815528427935,0.9986737258595867,0.0076078269832068335
347.45183878920216,11417.60546875,5.757407188415527,0,1.0062764748235464,0.9987279046037721,0.0075485702197742865
347.4722716985125,11410.70703125,5.756986618041992,0,1.005668489603853,0.9987821546892589,0.006886334914594117
347.492704508164,11417.7216796875,5.757818698883057,0,1.0062867169301635,0.9988364729448534,0.007450243985310023
347.5131372180549,11415.02734375,5.75717306137085,0,1.0060492549792668,0.998890856990821,0.007158397988445753
347.53357012818014,11414.46875,5.757608890533447,0,1.0060000240130063,0.9989453052447353,0.007054718768270907
347.554002938763,11423.6640625,5.7590107917785645,0,1.0068104414576033,0.9989998145240755,0.007810626933527853
347.5744356494688,11419.4580078125,5.758831024169922,0,1.006439746052561,0.999054382440224,0.0073853636123368815
347.59486856052536,11428.306640625,5.760293483734131,0,1.0072196093135521,0.9991090074059723,0.00811060190757984
347.6153013719231,11431.47265625,5.759583473205566,0,1.0074986421677772,0.9991636862277932,0.008334955939984012
347.63573408356024,11420.8896484375,5.75872278213501,0,1.0065659219206342,0.9992184165103698,0.00734750541026441
347.65616689543094,11332.51171875,5.751707553863525,0,0.9987768428723566,0.999273196392877,-0.000496353520520465
347.6765998076444,11255.8525390625,5.745210647583008,0,0.9920205812980768,0.9993280234776216,-0.007307442179544821
347.6970326202136,11254.0283203125,5.744410037994385,0,0.9918598060446245,0.9993828948272264,-0.007523088782601883
347.71746533301484,11293.1796875,5.747479438781738,0,0.9953103631571285,0.9994378080380257,-0.004127444880897224
347.7378982460432,11438.8193359375,5.759591102600098,0,1.008146132655851,0.9994927615120143,0.008653371143836686
347.7583310594273,11441.14453125,5.759418964385986,0,1.0083510608563166,0.9995477520367043,0.008803308819612332
347.77876377304347,11428.2705078125,5.758371353149414,0,1.0072164247930073,0.9996027772033157,0.00761364758969163
347.79919668700313,11441.29296875,5.759483814239502,0,1.0083641432109873,0.9996578354108453,0.008706307800142032
347.81962950120214,11432.048828125,5.759084701538086,0,1.0075494223602488,0.999712923440001,0.007836498920247847
347.84006221574964,11429.669921875,5.7586870193481445,0,1.0073397604130272,0.999768038878466,0.007571721534561204
347.8604951305242,11433.2802734375,5.758162021636963,0,1.0076579542631414,0.9998231801219287,0.007834774141212697
347.88092794565455,11446.4365234375,5.7601637840271,0,1.0088174640139496,0.9998783439468162,0.008939120067133377
347.90136066101695,11451.384765625,5.760993480682373,0,1.0092535711923452,0.9999335279369703,0.009320043255374832
347.9217934767221,11443.85546875,5.760191440582275,0,1.0085899859653016,0.9999887302164517,0.008601255748849845
347.9422263926681,11446.2529296875,5.760092735290527,0,1.008801283206857,1.000043948368042,0.008757334838815023
347.9626591089618,11453.3193359375,5.760688781738281,0,1.0094240721436776,1.0000991791633291,0.009324892980348443
347.98309192548913,11444.796875,5.759275913238525,0,1.0086729556357128,1.0001544209943802,0.008518534641332565
348.0035248423592,11444.6533203125,5.758932590484619,0,1.0086603036216562,1.0002096714427073,0.008450632178948814
348.0239576594686,11445.572265625,5.759365081787109,0,1.0087412937252422,1.0002649275479343,0.008476366177307959
348.0443903769192,11446.041015625,5.758948802947998,0,1.0087826064242023,1.0003201868907192,0.008462419533483034
348.0648232946114,11457.625,5.760794639587402,0,1.009803546497249,1.0003754478624403,0.009428098634808757
348.08525601265137,11440.728515625,5.760066986083984,0,1.0083143958359897,1.0004307069618479,0.007883688874141814
348.1056888309249,11453.3583984375,5.761146068572998,0,1.009427514868591,1.0004859625802902,0.008941552288300736
348.12612164954044,11466.681640625,5.760923862457275,0,1.0106017422684037,1.0005412120280825,0.010060530240321164
348.14655446839606,11457.197265625,5.760836124420166,0,1.009765848659448,1.0005964528856928,0.009169395773755307
348.16698728759366,11451.9287109375,5.760332107543945,0,1.0093015111367631,1.000651682734514,0.008649828402249149
348.18742010703136,11459.265625,5.761256217956543,0,1.0099481409436086,1.0007068991558712,0.009241241787737442
348.2078529268183,11462.78125,5.7596116065979,0,1.010257986185808,1.0007620997322475,0.009495886453560587
348.2282857468381,11470.3173828125,5.7604546546936035,0,1.0109221738897116,1.0008172820462102,0.010104891843501385
348.24871856719983,11473.099609375,5.761144161224365,0,1.0111673819716631,1.0008724436817351,0.010294938289928002
348.2691513878017,11473.5185546875,5.7607550621032715,0,1.0112043051963586,1.0009275822231338,0.010276722973224794
348.31001702992944,11473.33984375,5.761878967285156,0,1.0111885547298802,1.0010377803676092,0.010150774362271076
348.3304498513462,11463.134765625,5.760812282562256,0,1.0102891428462737,1.0010928351450428,0.009196307701230921
348.3508826732286,11468.2353515625,5.760457992553711,0,1.0107386766518311,1.0011478571784715,0.009590819473359602
348.3713154953366,11473.7333984375,5.761847972869873,0,1.0112232401833818,1.0012028440579475,0.010020396125434372
348.3917482176839,11480.865234375,5.762310981750488,0,1.0118517956844324,1.001257793106914,0.010594002577518413
348.4121811402583,11471.529296875,5.762085914611816,0,1.0110289844301474,1.0013127027257138,0.009716281704433616
348.4326139633049,11480.6708984375,5.7624006271362305,0,1.0118346681279886,1.0013675697041449,0.010467098423843746
348.45304668658355,11477.716796875,5.761129379272461,0,1.0115743120564182,1.0014223916396887,0.01015192041672952
348.47347961009655,11471.857421875,5.761842727661133,0,1.0110579033194194,1.0014771669363738,0.009580736383045574
348.49391243395075,11479.681640625,5.762424945831299,0,1.0117474811195586,1.0015318923914256,0.010215588728132996
348.51434525804507,11468.4248046875,5.761301040649414,0,1.010755373867661,1.0015865658764487,0.009168807991212224
348.53477808248135,11490.8095703125,5.76399040222168,0,1.0127282273792424,1.0016411849976752,0.011087042381567214
348.55521090715774,11475.2783203125,5.762624740600586,0,1.011359399953704,1.0016957473631722,0.009663652590531813
348.5756437321834,11480.8486328125,5.761826992034912,0,1.0118503325263444,1.0017502505840563,0.010100081942288064
348.5960764574411,11498.50390625,5.763410568237305,0,1.013406358119045,1.0018046920071408,0.011601666111904052
348.6165093830423,11483.98046875,5.763498306274414,0,1.0121263529962703,1.0018590700476948,0.010267282948575485
348.63694220899924,11481.126953125,5.762388706207275,0,1.0118748619413518,1.0019133815257943,0.009961480415557444
348.6573749351883,11479.5400390625,5.762261390686035,0,1.0117350012417479,1.0019676240639108,0.009767377177837044
348.6778078616044,11536.728515625,5.781164646148682,0,1.0167752365829803,1.00202179608274,0.0147534405002403
348.69824068837625,11490.1240234375,5.762467861175537,0,1.0126678075570135,1.0020758944146593,0.010591913142354192
348.7186734154966,11489.9482421875,5.764411449432373,0,1.0126523152949036,1.002129916691887,0.010522398603016736
348.739106342844,11490.3505859375,5.763007640838623,0,1.012687775361511,1.0021838613411678,0.01050391402034312
348.7595391704308,11484.6630859375,5.763545989990234,0,1.0121865146141307,1.0022377252078134,0.009948789406317271
348.77997189836606,11488.8525390625,5.764182090759277,0,1.0125557468610848,1.00229150593472,0.01026424092636491
348.8004048266448,11504.9169921875,5.764535903930664,0,1.0139715674816903,1.0023452019559174,0.011626365525772897
348.8208376551629,11500.1240234375,5.764688014984131,0,1.013549145134825,1.0023988101308958,0.011150335003929257
348.8412703840295,11494.9697265625,5.764246463775635,0,1.0130948775825117,1.0024523281138484,0.010642549468663276
348.8617032131224,11494.7958984375,5.7632575035095215,0,1.0130795574566474,1.0025057540848532,0.010573803371794144
348.88213614257256,11497.4677734375,5.763097763061523,0,1.013315039840719,1.0025590857034632,0.010755954137255719
348.90256897224754,11501.3251953125,5.765235424041748,0,1.0136550089259098,1.0026123201120316,0.011042688813878154
348.92300170227827,11502.0283203125,5.764200210571289,0,1.0137169779743498,1.0026654549813108,0.01105152299303902
348.94343463254336,11500.53515625,5.763891220092773,0,1.0135853798145378,1.002718488763706,0.010866891050831828
348.96386746315693,11504.1318359375,5.7652764320373535,0,1.0139023687109323,1.0027714183578758,0.011130950353056557
348.9843001941117,11504.67578125,5.764403820037842,0,1.0139503086553503,1.002824241447661,0.011126067207689383
349.0047331253081,11507.873046875,5.764784336090088,0,1.0142320956895061,1.0028769564945477,0.011355139194958452
349.0251659567293,11504.92578125,5.764888286590576,0,1.0139723420947957,1.0029295604154413,0.011042781679354352
349.0455986885063,11505.48046875,5.764904499053955,0,1.0140212287885648,1.0029820509089011,0.011039177879663686
349.06603152063326,11515.7626953125,5.765955924987793,0,1.0149274400538753,1.0030344261902413,0.01189301386363395
349.08646435299306,11510.6103515625,5.76527738571167,0,1.0144733446378076,1.0030866837085766,0.011386660929231018
349.1068971855784,11513.7900390625,5.7643351554870605,0,1.0147535824457523,1.003138821175635,0.011614761270117402
349.1273300186367,11519.927734375,5.765167713165283,0,1.0152945205977586,1.0031908363090476,0.012103684288711003
349.14776285180415,11502.3984375,5.76402473449707,0,1.0137495977929034,1.0032427268302466,0.010506870962656789
349.1681956854445,11511.0146484375,5.7648539543151855,0,1.0145089768406603,1.0032944904679704,0.011214486372689958
349.1886285192013,11524.5732421875,5.765002250671387,0,1.015703946658076,1.003346124954686,0.012357821703389948
349.20906135342375,11529.9697265625,5.765965461730957,0,1.016179559104852,1.003397628030301,0.012781931074550945
349.22949418787175,11516.466796875,5.764457702636719,0,1.014989495170438,1.0034489974389889,0.011540497731449051
349.24992702255986,11521.6396484375,5.764916896820068,0,1.0154453980170852,1.0035002309314196,0.01194516708566562
349.2703599575907,11519.8232421875,5.765515327453613,0,1.0152853113086155,1.0035513265141567,0.011733984794458863
349.29079269297654,11516.7265625,5.765039443969727,0,1.0150123892911116,1.0036022812006937,0.01141010809041787
349.31122552859597,11524.0859375,5.766603946685791,0,1.0156609986647822,1.0036530935086778,0.012007905156104393
349.3316582645639,11516.43359375,5.7651262283325195,0,1.0149865688542616,1.003703760716085,0.011282808138176614
349.3520912007589,11539.9541015625,5.7668328285217285,0,1.0170595195926981,1.0037542813468208,0.013305238245877371
349.3725240371932,11537.7626953125,5.766524791717529,0,1.0168663827250606,1.003804652445887,0.013061730279173567
349.39295687408594,11537.3515625,5.766792297363281,0,1.0168301480453477,1.00385487205578,0.012975275989567603
349.41338971121877,11537.5478515625,5.764813423156738,0,1.0168474477380371,1.0039049379769405,0.012942509761096677
349.45425538629934,11525.25,5.765493869781494,0,1.0157635918671992,1.004004599990956,0.011758991876243297
349.4746882243562,11533.931640625,5.7657928466796875,0,1.016528737479186,1.004054191720064,0.012474545759121991
349.4951210626532,11532.4296875,5.765827655792236,0,1.0163963647062686,1.0041036210326084,0.012292743673660178
